Frequency (MHz),Intensity,Center Freq,Cavity Position,,,,,,,,,,
11749.75,8.74E-05,11750,18.49197788,,,,,,,,,,
11749.8,0.000125957,11751,18.49575493,,,,,,,,,,
11749.85,0.000152478,11751.5,18.49710464,,,,,,,,,,
11749.9,9.97E-05,11752,18.51047573,,,,,,,,,,
11749.95,2.27E-05,11752.5,18.52547597,,,,,,,,,,
11750,5.02E-05,11753,18.53727146,,,,,,,,,,
11750.05,0.0001172,11753.5,18.55115077,,,,,,,,,,
11750.1,0.000160767,11754,18.56432567,,,,,,,,,,
11750.15,0.000141555,11754.5,18.57525861,,,,,,,,,,
11750.2,0.000117522,11755,18.5896535,,,,,,,,,,
11750.25,0.000168452,11755.5,18.59950343,,,,,,,,,,
11750.75,3.84E-05,11756,18.61358426,,,,,,,,,,
11750.8,7.02E-05,11756.5,18.62926586,,,,,,,,,,
11750.85,0.000130564,11757,18.63964918,,,,,,,,,,
11750.9,0.000152235,11757.5,18.64966905,,,,,,,,,,
11750.95,0.000107204,11758,18.66612212,,,,,,,,,,
11751,7.93E-05,11758.5,18.67910214,,,,,,,,,,
11751.05,0.000113821,11759,18.69094033,,,,,,,,,,
11751.1,8.44E-05,11759.5,18.70375914,,,,,,,,,,
11751.15,9.13E-05,11760,18.71795423,,,,,,,,,,
11751.2,8.41E-05,11760.5,18.73146244,,,,,,,,,,
11751.25,2.43E-05,11761,18.7445428,,,,,,,,,,
11751.25,0.000106747,11761.5,18.75684156,,,,,,,,,,
11751.3,9.89E-05,11762,18.77058236,,,,,,,,,,
11751.35,2.06E-05,11762.5,18.78544582,,,,,,,,,,
11751.4,4.18E-05,11763,18.79649665,,,,,,,,,,
11751.45,4.72E-05,11763.5,18.81077038,,,,,,,,,,
11751.5,0.000137426,11764,18.8218214,,,,,,,,,,
11751.55,0.000136572,11764.5,18.83401363,,,,,,,,,,
11751.6,7.96E-05,11765,18.85088396,,,,,,,,,,
11751.65,3.14E-05,11765.5,18.86058118,,,,,,,,,,
11751.7,9.06E-05,11766,18.87480542,,,,,,,,,,
11751.75,0.000101586,11766.5,18.88972709,,,,,,,,,,                                                                                 
11751.75,0.000169406,11767,18.90209564,,,,,,,,,,
11751.8,0.000100521,11767.5,18.91594864,,,,,,,,,,
11751.85,3.42E-05,11768,18.9287134,,,,,,,,,,
11751.9,9.49E-05,11768.5,18.94059247,,,,,,,,,,
11751.95,0.000161323,11769,18.95742283,,,,,,,,,,
11752,0.000215598,11769.5,18.96776302,,,,,,,,,,
11752.05,0.000216269,11770,18.98107429,,,,,,,,,,
11752.1,0.00016443,11770.5,18.9951269,,,,,,,,,,
11752.15,0.000171222,11771,19.0077058,,,,,,,,,,
11752.2,0.000192319,11771.5,19.02270398,,,,,,,,,,
11752.25,0.000129075,11772,19.03289978,,,,,,,,,,
11752.25,0.00013887,11772.5,19.04630166,,,,,,,,,,
11752.3,0.000157423,11773,19.06382578,,,,,,,,,,
11752.35,0.000141638,11773.5,19.073601,,,,,,,,,,
11752.4,8.27E-05,11774,19.08656149,,,,,,,,,,
11752.45,7.28E-05,11774.5,19.10024807,,,,,,,,,,
11752.5,0.000141939,11775,19.11515171,,,,,,,,,,
11752.55,0.000189946,11775.5,19.12640696,,,,,,,,,,
11752.6,0.000197756,11776,19.14087312,,,,,,,,,,
11752.65,0.000153639,11776.5,19.15226207,,,,,,,,,,
11752.7,4.46E-05,11777,19.16838444,,,,,,,,,,
11752.75,0.000118753,11777.5,19.18191631,,,,,,,,,,
11752.75,0.000241183,11778,19.19141075,,,,,,,,,,
11752.8,0.000182683,11778.5,19.20496912,,,,,,,,,,
11752.85,0.00012296,11779,19.21827451,,,,,,,,,,
11752.9,0.000117952,11779.5,19.2307887,,,,,,,,,,
11752.95,0.000131232,11780,19.24432822,,,,,,,,,,
11753,8.30E-05,11780.5,19.2549189,,,,,,,,,,
11753.05,5.31E-05,11781,19.26814763,,,,,,,,,,
11753.1,0.000100507,11781.5,19.2833269,,,,,,,,,,
11753.15,3.24E-05,11782,19.29518415,,,,,,,,,,
11753.2,6.43E-05,11782.5,19.30669553,,,,,,,,,,
11753.25,0.000111438,11783,19.32013038,,,,,,,,,,
11753.25,8.17E-05,11783.5,19.33429525,,,,,,,,,,
11753.3,8.36E-05,11784,19.34521044,,,,,,,,,,
11753.35,0.000178302,11784.5,19.35855102,,,,,,,,,,
11753.4,0.000226877,11785,19.37121861,,,,,,,,,,
11753.45,0.000162876,11785.5,19.38446998,,,,,,,,,,
11753.5,7.03E-05,11786,19.39772176,,,,,,,,,,
11753.55,0.000144331,11786.5,19.40822098,,,,,,,,,,
11753.6,0.000167729,11787,19.42066578,,,,,,,,,,
11753.65,0.00011634,11787.5,19.43414634,,,,,,,,,,
11753.7,5.23E-05,11788,19.44707059,,,,,,,,,,
11753.75,2.39E-05,11788.5,19.46170821,,,,,,,,,,
11753.75,0.000111228,11789,19.4729199,,,,,,,,,,
11753.8,0.000108699,11789.5,19.4855465,,,,,,,,,,
11753.85,9.63E-05,11790,19.5006953,,,,,,,,,,
11753.9,0.000106226,11790.5,19.51302116,,,,,,,,,,
11753.95,0.000125892,11791,19.52448972,,,,,,,,,,
11754,0.000163474,11791.5,19.53671134,,,,,,,,,,
11754.05,0.000218183,11792,19.55157538,,,,,,,,,,
11754.1,0.00023243,11792.5,19.56196543,,,,,,,,,,
11754.15,0.000157651,11793,19.57565275,,,,,,,,,,
11754.2,6.32E-05,11793.5,19.58850936,,,,,,,,,,
11754.25,0.000101196,11794,19.60325683,,,,,,,,,,
11754.25,3.63E-05,11794.5,19.61355276,,,,,,,,,,
11754.3,7.04E-05,11795,19.62593894,,,,,,,,,,
11754.35,0.000107423,11795.5,19.63841198,,,,,,,,,,
11754.4,9.88E-05,11796,19.65237042,,,,,,,,,,
11754.45,0.000105541,11796.5,19.66578709,,,,,,,,,,
11754.5,8.55E-05,11797,19.67799878,,,,,,,,,,
11754.55,6.80E-05,11797.5,19.69154956,,,,,,,,,,
11754.6,6.59E-05,11798,19.70346822,,,,,,,,,,
11754.65,2.20E-05,11798.5,19.71706407,,,,,,,,,,
11754.7,0.000133971,11799,19.72886691,,,,,,,,,,
11754.75,0.000188853,11799.5,19.74029491,,,,,,,,,,
11754.75,8.33E-05,11800,19.75303711,,,,,,,,,,
11754.8,6.82E-05,11800.5,19.76821976,,,,,,,,,,
11754.85,8.26E-05,11801,19.77865922,,,,,,,,,,
11754.9,7.75E-05,11801.5,19.7925348,,,,,,,,,,
11754.95,0.000101278,11802,19.80329328,,,,,,,,,,
11755,0.000133543,11802.5,19.81700427,,,,,,,,,,
11755.05,0.000117422,11803,19.82970288,,,,,,,,,,
11755.1,5.07E-05,11803.5,19.84192031,,,,,,,,,,
11755.15,5.20E-05,11804,19.85435457,,,,,,,,,,
11755.2,2.30E-05,11804.5,19.86759185,,,,,,,,,,
11755.25,4.40E-05,11805,19.88136818,,,,,,,,,,
11755.25,0.000226291,11805.5,19.89410715,,,,,,,,,,
11755.3,0.000191055,11806,19.90559349,,,,,,,,,,
11755.35,0.000126581,11806.5,19.91856972,,,,,,,,,,
11755.4,8.16E-05,11807,19.93251918,,,,,,,,,,
11755.45,0.000111415,11807.5,19.94520596,,,,,,,,,,
11755.5,0.00016067,11808,19.95578858,,,,,,,,,,
11755.55,0.000152301,11808.5,19.96948137,,,,,,,,,,
11755.6,9.25E-05,11809,19.98091711,,,,,,,,,,
11755.65,0.000108969,11809.5,19.99477575,,,,,,,,,,
11755.7,0.000120364,11810,20.00778197,,,,,,,,,,
11755.75,5.77E-05,11810.5,20.01954847,,,,,,,,,,
11755.75,8.04E-05,11811,20.03131278,,,,,,,,,,
11755.8,5.89E-05,11811.5,20.04700606,,,,,,,,,,
11755.85,3.91E-05,11812,20.05904914,,,,,,,,,,
11755.9,2.06E-05,11812.5,20.07105601,,,,,,,,,,
11755.95,1.73E-05,11813,20.08446737,,,,,,,,,,
11756,1.10E-05,11813.5,20.09877725,,,,,,,,,,
11756.05,4.21E-05,11814,20.10962023,,,,,,,,,,
11756.1,4.08E-05,11814.5,20.12278601,,,,,,,,,,
11756.15,6.14E-05,11815,20.13298794,,,,,,,,,,
11756.2,0.00010757,11815.5,20.14937185,,,,,,,,,,
11756.25,8.90E-05,11816,20.16031863,,,,,,,,,,
11756.25,0.000139033,11816.5,20.17155443,,,,,,,,,,
11756.3,0.000140578,11817,20.18410412,,,,,,,,,,
11756.35,0.000102363,11817.5,20.19763421,,,,,,,,,,
11756.4,8.50E-05,11818,20.21048656,,,,,,,,,,
11756.45,6.47E-05,11818.5,20.22239783,,,,,,,,,,
11756.5,8.88E-05,11819,20.23491033,,,,,,,,,,
11756.55,0.000127298,11819.5,20.24523141,,,,,,,,,,
11756.6,0.000131385,11820,20.2601957,,,,,,,,,,
11756.65,0.00012491,11820.5,20.27317693,,,,,,,,,,
11756.7,6.39E-05,11821,20.28392941,,,,,,,,,,
11756.75,3.58E-05,11821.5,20.29543158,,,,,,,,,,
11756.75,9.52E-05,11822,20.30860134,,,,,,,,,,
11756.8,0.000123493,11822.5,20.32062487,,,,,,,,,,
11756.85,0.00011714,11823,20.33623757,,,,,,,,,,
11756.9,8.02E-05,11823.5,20.34552623,,,,,,,,,,
11756.95,7.61E-05,11824,20.35725147,,,,,,,,,,
11757,6.26E-05,11824.5,20.37202458,,,,,,,,,,
11757.05,1.07E-05,11825,20.38329713,,,,,,,,,,
11757.1,1.51E-05,11825.5,20.39390679,,,,,,,,,,
11757.15,3.77E-05,11826,20.4083256,,,,,,,,,,
11757.2,7.29E-05,11826.5,20.42138571,,,,,,,,,,
11757.25,5.62E-05,11827,20.43359759,,,,,,,,,,
11757.25,0.000133965,11827.5,20.44711987,,,,,,,,,,
11757.3,0.000120275,11828,20.45793705,,,,,,,,,,
11757.35,8.47E-05,11828.5,20.47019006,,,,,,,,,,
11757.4,6.38E-05,11829,20.48302005,,,,,,,,,,
11757.45,5.99E-05,11829.5,20.49573035,,,,,,,,,,
11757.5,2.78E-05,11830,20.50696219,,,,,,,,,,
11757.55,0.000104786,11830.5,20.51937699,,,,,,,,,,
11757.6,0.00013053,11831,20.53257454,,,,,,,,,,
11757.65,9.75E-05,11831.5,20.54557757,,,,,,,,,,
11757.7,5.23E-05,11832,20.55802842,,,,,,,,,,
11757.75,0.000104436,11832.5,20.56838261,,,,,,,,,,
11757.75,3.17E-05,11833,20.58065353,,,,,,,,,,
11757.8,2.84E-05,11833.5,20.59415324,,,,,,,,,,
11757.85,1.33E-05,11834,20.60635111,,,,,,,,,,
11757.9,4.77E-05,11834.5,20.61946276,,,,,,,,,,
11757.95,8.29E-05,11835,20.63150828,,,,,,,,,,
11758,6.20E-05,11835.5,20.64507281,,,,,,,,,,
11758.05,2.14E-05,11836,20.65705919,,,,,,,,,,
11758.1,4.51E-05,11836.5,20.66834612,,,,,,,,,,
11758.15,5.41E-05,11837,20.68087673,,,,,,,,,,
11758.2,8.97E-05,11837.5,20.69427277,,,,,,,,,,
11758.25,0.00011185,11838,20.70655927,,,,,,,,,,
11758.25,0.000108718,11838.5,20.71844008,,,,,,,,,,
11758.3,9.63E-05,11839,20.73078172,,,,,,,,,,
11758.35,0.000100303,11839.5,20.74304723,,,,,,,,,,
11758.4,0.000117616,11840,20.75630291,,,,,,,,,,
11758.45,6.72E-05,11840.5,20.7685897,,,,,,,,,,
11758.5,1.03E-05,11841,20.78026764,,,,,,,,,,
11758.55,4.07E-05,11841.5,20.79359186,,,,,,,,,,
11758.6,3.30E-05,11842,20.80666595,,,,,,,,,,
11758.65,5.70E-05,11842.5,20.81929043,,,,,,,,,,
11758.7,0.000112806,11843,20.83090763,,,,,,,,,,
11758.75,0.000148393,11843.5,20.84311996,,,,,,,,,,
11758.75,0.000110749,11844,20.85643788,,,,,,,,,,
11758.8,8.60E-05,11844.5,20.86834808,,,,,,,,,,
11758.85,7.86E-05,11845,20.88198025,,,,,,,,,,
11758.9,8.69E-05,11845.5,20.89152538,,,,,,,,,,
11758.95,7.97E-05,11846,20.90539243,,,,,,,,,,
11759,4.65E-05,11846.5,20.91920226,,,,,,,,,,
11759.05,2.69E-05,11847,20.93267993,,,,,,,,,,
11759.1,7.01E-05,11847.5,20.94289233,,,,,,,,,,
11759.15,7.52E-05,11848,20.9558817,,,,,,,,,,
11759.2,2.16E-05,11848.5,20.96994496,,,,,,,,,,
11759.25,9.69E-05,11849,20.98199627,,,,,,,,,,
11759.25,4.11E-05,11849.5,20.99497198,,,,,,,,,,
11759.3,3.77E-05,11850,21.00568322,,,,,,,,,,
11759.35,7.65E-05,11850.5,21.02048646,,,,,,,,,,
11759.4,8.33E-05,11851,21.03079395,,,,,,,,,,
11759.45,6.47E-05,11851.5,21.04303583,,,,,,,,,,
11759.5,2.67E-05,11852,21.05572415,,,,,,,,,,
11759.55,3.33E-05,11852.5,21.06912624,,,,,,,,,,
11759.6,5.25E-05,11853,21.08281562,,,,,,,,,,
11759.65,6.34E-05,11853.5,21.09312754,,,,,,,,,,
11759.7,8.39E-05,11854,21.10676041,,,,,,,,,,
11759.75,6.12E-05,11854.5,21.11885513,,,,,,,,,,
11759.75,9.13E-05,11855,21.13361732,,,,,,,,,,
11759.8,7.68E-05,11855.5,21.14679141,,,,,,,,,,
11759.85,5.08E-05,11856,21.15794392,,,,,,,,,,
11759.9,5.10E-05,11856.5,21.16883299,,,,,,,,,,
11759.95,0.000103836,11857,21.1821103,,,,,,,,,,
11760,8.64E-05,11857.5,21.19552348,,,,,,,,,,
11760.05,7.78E-05,11858,21.20643873,,,,,,,,,,
11760.1,0.00013362,11858.5,21.21835278,,,,,,,,,,
11760.15,0.000116947,11859,21.23078228,,,,,,,,,,
11760.2,5.95E-05,11859.5,21.24379381,,,,,,,,,,
11760.25,1.64E-05,11860,21.25801085,,,,,,,,,,
11760.25,0.000106162,11860.5,21.26819101,,,,,,,,,,
11760.3,1.51E-05,11861,21.28114724,,,,,,,,,,
11760.35,9.22E-05,11861.5,21.29358009,,,,,,,,,,
11760.4,0.000111042,11862,21.30631633,,,,,,,,,,
11760.45,8.92E-05,11862.5,21.32075379,,,,,,,,,,
11760.5,4.08E-05,11863,21.33184709,,,,,,,,,,
11760.55,5.27E-05,11863.5,21.34411742,,,,,,,,,,
11760.6,9.61E-05,11864,21.35720039,,,,,,,,,,
11760.65,6.98E-05,11864.5,21.37142863,,,,,,,,,,
11760.7,5.67E-05,11865,21.38133954,,,,,,,,,,
11760.75,9.76E-05,11865.5,21.3937214,,,,,,,,,,
11760.75,2.29E-05,11866,21.40770729,,,,,,,,,,
11760.8,4.96E-05,11866.5,21.41938621,,,,,,,,,,
11760.85,6.14E-05,11867,21.43253817,,,,,,,,,,
11760.9,4.47E-05,11867.5,21.44312242,,,,,,,,,,
11760.95,1.49E-05,11868,21.45863494,,,,,,,,,,
11761,2.13E-05,11868.5,21.4723238,,,,,,,,,,
11761.05,2.59E-05,11869,21.48268245,,,,,,,,,,
11761.1,6.08E-05,11869.5,21.49462657,,,,,,,,,,
11761.15,7.18E-05,11870,21.50616314,,,,,,,,,,
11761.2,8.16E-05,11870.5,21.52082529,,,,,,,,,,
11761.25,9.62E-05,11871,21.53246128,,,,,,,,,,
11761.25,2.53E-05,11871.5,21.54509052,,,,,,,,,,
11761.3,7.93E-05,11872,21.55628479,,,,,,,,,,
11761.35,8.11E-05,11872.5,21.57067733,,,,,,,,,,
11761.4,5.66E-05,11873,21.58581228,,,,,,,,,,
11761.45,4.96E-05,11873.5,21.59548016,,,,,,,,,,
11761.5,4.45E-05,11874,21.60630437,,,,,,,,,,
11761.55,4.01E-05,11874.5,21.61992655,,,,,,,,,,
11761.6,3.64E-05,11875,21.6311076,,,,,,,,,,
11761.65,6.69E-05,11875.5,21.64416236,,,,,,,,,,
11761.7,7.59E-05,11876,21.65711929,,,,,,,,,,
11761.75,4.67E-05,11876.5,21.67097836,,,,,,,,,,
11761.75,9.54E-05,11877,21.6828769,,,,,,,,,,
11761.8,7.89E-05,11877.5,21.69740288,,,,,,,,,,
11761.85,3.38E-05,11878,21.70758114,,,,,,,,,,
11761.9,3.36E-05,11878.5,21.72087265,,,,,,,,,,
11761.95,5.93E-05,11879,21.73317857,,,,,,,,,,
11762,0.000103363,11879.5,21.7445208,,,,,,,,,,
11762.05,0.000101044,11880,21.75800026,,,,,,,,,,
11762.1,8.08E-05,11880.5,21.76812832,,,,,,,,,,
11762.15,6.13E-05,11881,21.78299664,,,,,,,,,,
11762.2,3.89E-05,11881.5,21.7960629,,,,,,,,,,
11762.25,3.20E-05,11882,21.80806972,,,,,,,,,,
11762.25,0.000129127,11882.5,21.81893984,,,,,,,,,,
11762.3,0.000122042,11883,21.8322148,,,,,,,,,,
11762.35,0.00011259,11883.5,21.84754868,,,,,,,,,,
11762.4,9.49E-05,11884,21.85812378,,,,,,,,,,
11762.45,6.02E-05,11884.5,21.86968228,,,,,,,,,,
11762.5,7.67E-05,11885,21.88151316,,,,,,,,,,
11762.55,0.000145054,11885.5,21.89729239,,,,,,,,,,
11762.6,0.00017022,11886,21.91029542,,,,,,,,,,
11762.65,0.000128313,11886.5,21.92114566,,,,,,,,,,
11762.7,6.83E-05,11887,21.93221407,,,,,,,,,,
11762.75,3.17E-05,11887.5,21.94506852,,,,,,,,,,
11762.75,0.000103592,11888,21.95784876,,,,,,,,,,
11762.8,2.72E-05,11888.5,21.97160839,,,,,,,,,,
11762.85,4.56E-05,11889,21.98331229,,,,,,,,,,
11762.9,1.12E-05,11889.5,21.99493203,,,,,,,,,,
11762.95,7.60E-05,11890,22.00855941,,,,,,,,,,
11763,0.000118254,11890.5,22.02164022,,,,,,,,,,
11763.05,0.000114245,11891,22.03271163,,,,,,,,,,
11763.1,0.000131116,11891.5,22.04467144,,,,,,,,,,
11763.15,0.000109649,11892,22.05736358,,,,,,,,,,
11763.2,6.18E-05,11892.5,22.07009705,,,,,,,,,,
11763.25,5.58E-05,11893,22.08385273,,,,,,,,,,
11763.25,7.58E-05,11893.5,22.09384479,,,,,,,,,,
11763.3,0.000111682,11894,22.10627482,,,,,,,,,,
11763.35,0.000107362,11894.5,22.12061241,,,,,,,,,,
11763.4,7.54E-05,11895,22.13240036,,,,,,,,,,
11763.45,5.39E-05,11895.5,22.14526758,,,,,,,,,,
11763.5,4.89E-05,11896,22.15543475,,,,,,,,,,
11763.55,7.77E-05,11896.5,22.16906626,,,,,,,,,,
11763.6,6.05E-05,11897,22.1807643,,,,,,,,,,
11763.65,2.44E-05,11897.5,22.19653748,,,,,,,,,,
11763.7,3.54E-05,11898,22.20618796,,,,,,,,,,
11763.75,1.80E-05,11898.5,22.21890623,,,,,,,,,,
11763.75,2.80E-05,11899,22.23148978,,,,,,,,,,
11763.8,4.27E-05,11899.5,22.24582342,,,,,,,,,,
11763.85,4.21E-05,11900,22.25471274,,,,,,,,,,
11763.9,3.14E-05,11900.5,22.26842322,,,,,,,,,,
11763.95,4.16E-05,11901,22.28308848,,,,,,,,,,
11764,7.56E-05,11901.5,22.2942437,,,,,,,,,,
11764.05,6.93E-05,11902,22.30677424,,,,,,,,,,
11764.1,2.25E-05,11902.5,22.31789688,,,,,,,,,,
11764.15,4.81E-05,11903,22.33191648,,,,,,,,,,
11764.2,2.05E-05,11903.5,22.34431981,,,,,,,,,,
11764.25,6.66E-05,11904,22.35573087,,,,,,,,,,
11764.25,0.000100202,11904.5,22.36873086,,,,,,,,,,
11764.3,0.000142069,11905,22.38146845,,,,,,,,,,
11764.35,0.00013563,11905.5,22.39432683,,,,,,,,,,
11764.4,0.000131279,11906,22.40764923,,,,,,,,,,
11764.45,0.000129613,11906.5,22.41900553,,,,,,,,,,
11764.5,9.03E-05,11907,22.43006269,,,,,,,,,,
11764.55,1.19E-05,11907.5,22.4462599,,,,,,,,,,
11764.6,0.000104162,11908,22.45867929,,,,,,,,,,
11764.65,0.000108995,11908.5,22.46950211,,,,,,,,,,
11764.7,4.70E-05,11909,22.48157154,,,,,,,,,,
11764.75,9.80E-05,11909.5,22.49314917,,,,,,,,,,
11764.75,8.87E-05,11910,22.50681388,,,,,,,,,,
11764.8,8.36E-05,11910.5,22.51996977,,,,,,,,,,
11764.85,3.47E-05,11911,22.53092634,,,,,,,,,,
11764.9,8.92E-05,11911.5,22.54168784,,,,,,,,,,
11764.95,0.00010377,11912,22.55563334,,,,,,,,,,
11765,8.84E-05,11912.5,22.56923704,,,,,,,,,,
11765.05,9.46E-05,11913,22.58071359,,,,,,,,,,
11765.1,6.74E-05,11913.5,22.59138408,,,,,,,,,,
11765.15,3.90E-05,11914,22.60423456,,,,,,,,,,
11765.2,4.20E-05,11914.5,22.61800312,,,,,,,,,,
11765.25,5.07E-05,11915,22.63018083,,,,,,,,,,
11765.25,6.19E-05,11915.5,22.64156232,,,,,,,,,,
11765.3,5.36E-05,11916,22.65440786,,,,,,,,,,
11765.35,7.60E-05,11916.5,22.66772808,,,,,,,,,,
11765.4,9.23E-05,11917,22.67967396,,,,,,,,,,
11765.45,0.00011426,11917.5,22.69177799,,,,,,,,,,
11765.5,9.69E-05,11918,22.70422646,,,,,,,,,,
11765.55,9.91E-05,11918.5,22.71791776,,,,,,,,,,
11765.6,8.03E-05,11919,22.72893292,,,,,,,,,,
11765.65,6.30E-05,11919.5,22.74339773,,,,,,,,,,
11765.7,9.53E-05,11920,22.75285749,,,,,,,,,,
11765.75,6.39E-05,11920.5,22.7676595,,,,,,,,,,
11765.75,2.30E-05,11921,22.77918135,,,,,,,,,,
11765.8,4.38E-05,11921.5,22.79147206,,,,,,,,,,
11765.85,7.02E-05,11922,22.80298437,,,,,,,,,,
11765.9,7.43E-05,11922.5,22.81624727,,,,,,,,,,
11765.95,6.19E-05,11923,22.82779337,,,,,,,,,,
11766,5.70E-05,11923.5,22.84185073,,,,,,,,,,
11766.05,5.57E-05,11924,22.85246139,,,,,,,,,,
11766.1,7.94E-05,11924.5,22.86344778,,,,,,,,,,
11766.15,0.000101268,11925,22.87678582,,,,,,,,,,
11766.2,8.72E-05,11925.5,22.89135432,,,,,,,,,,
11766.25,3.40E-05,11926,22.90149075,,,,,,,,,,
11766.25,2.87E-05,11926.5,22.9137094,,,,,,,,,,
11766.3,7.19E-05,11927,22.92671054,,,,,,,,,,
11766.35,7.59E-05,11927.5,22.93810925,,,,,,,,,,
11766.4,5.23E-05,11928,22.95369747,,,,,,,,,,
11766.45,2.26E-05,11928.5,22.96422405,,,,,,,,,,
11766.5,4.22E-05,11929,22.97672149,,,,,,,,,,
11766.55,5.05E-05,11929.5,22.98751829,,,,,,,,,,
11766.6,5.70E-05,11930,23.00231777,,,,,,,,,,
11766.65,6.01E-05,11930.5,23.01218185,,,,,,,,,,
11766.7,4.14E-05,11931,23.02490997,,,,,,,,,,
11766.75,1.45E-05,11931.5,23.03622158,,,,,,,,,,
11766.75,6.10E-05,11932,23.05078891,,,,,,,,,,
11766.8,3.38E-05,11932.5,23.06514649,,,,,,,,,,
11766.85,1.60E-05,11933,23.07532756,,,,,,,,,,
11766.9,5.46E-05,11933.5,23.08738995,,,,,,,,,,
11766.95,8.22E-05,11934,23.09999095,,,,,,,,,,
11767,7.19E-05,11934.5,23.11331975,,,,,,,,,,
11767.05,4.57E-05,11935,23.1231415,,,,,,,,,,
11767.1,2.83E-05,11935.5,23.13581663,,,,,,,,,,
11767.15,1.80E-05,11936,23.15061647,,,,,,,,,,
11767.2,2.52E-05,11936.5,23.16168284,,,,,,,,,,
11767.25,4.88E-05,11937,23.17517573,,,,,,,,,,
11767.25,9.86E-05,11937.5,23.18648669,,,,,,,,,,
11767.3,6.09E-05,11938,23.19804271,,,,,,,,,,
11767.35,3.64E-05,11938.5,23.21276218,,,,,,,,,,
11767.4,6.38E-05,11939,23.22408713,,,,,,,,,,
11767.45,4.17E-05,11939.5,23.23751485,,,,,,,,,,
11767.5,6.87E-05,11940,23.24849157,,,,,,,,,,
11767.55,0.000117142,11940.5,23.26099009,,,,,,,,,,
11767.6,0.000129816,11941,23.27240904,,,,,,,,,,
11767.65,8.97E-05,11941.5,23.28851836,,,,,,,,,,
11767.7,3.34E-05,11942,23.29735118,,,,,,,,,,
11767.75,5.24E-05,11942.5,23.31178892,,,,,,,,,,
11767.75,0.000147949,11943,23.32354362,,,,,,,,,,
11767.8,9.92E-05,11943.5,23.33704281,,,,,,,,,,
11767.85,1.79E-05,11944,23.34866588,,,,,,,,,,
11767.9,6.32E-05,11944.5,23.35963368,,,,,,,,,,
11767.95,8.33E-05,11945,23.37417561,,,,,,,,,,
11768,0.000106137,11945.5,23.3861889,,,,,,,,,,
11768.05,0.000493752,11946,23.39940748,,,,,,,,,,
11768.1,0.001190112,11946.5,23.40823777,,,,,,,,,,
11768.15,0.001401606,11947,23.42324211,,,,,,,,,,
11768.2,0.000836787,11947.5,23.43655062,,,,,,,,,,
11768.25,0.000160686,11948,23.44701816,,,,,,,,,,
11768.25,4.08E-05,11948.5,23.45993122,,,,,,,,,,
11768.3,7.91E-05,11949,23.47157175,,,,,,,,,,
11768.35,0.000129746,11949.5,23.48537612,,,,,,,,,,
11768.4,0.000306404,11950,23.49761887,,,,,,,,,,
11768.45,0.000688803,11950.5,23.51045042,,,,,,,,,,
11768.5,0.001296362,11951,23.5201009,,,,,,,,,,
11768.55,0.001374785,11951.5,23.53380141,,,,,,,,,,
11768.6,0.000712288,11952,23.5473014,,,,,,,,,,
11768.65,6.87E-05,11952.5,23.55856694,,,,,,,,,,
11768.7,0.000126515,11953,23.57001897,,,,,,,,,,
11768.75,9.16E-05,11953.5,23.58294092,,,,,,,,,,
11768.75,3.57E-05,11954,23.59569008,,,,,,,,,,
11768.8,3.93E-05,11954.5,23.6091332,,,,,,,,,,
11768.85,4.54E-05,11955,23.61889705,,,,,,,,,,
11768.9,5.00E-05,11955.5,23.63174637,,,,,,,,,,
11768.95,7.87E-05,11956,23.64456264,,,,,,,,,,
11769,4.08E-05,11956.5,23.65725391,,,,,,,,,,
11769.05,4.17E-05,11957,23.66848092,,,,,,,,,,
11769.1,9.11E-05,11957.5,23.6808284,,,,,,,,,,
11769.15,9.05E-05,11958,23.69363359,,,,,,,,,,
11769.2,5.98E-05,11958.5,23.70684984,,,,,,,,,,
11769.25,3.47E-05,11959,23.720166,,,,,,,,,,
11769.25,9.54E-05,11959.5,23.73044325,,,,,,,,,,
11769.3,7.61E-05,11960,23.74213437,,,,,,,,,,
11769.35,5.66E-05,11960.5,23.75760358,,,,,,,,,,
11769.4,4.49E-05,11961,23.76867689,,,,,,,,,,
11769.45,4.21E-05,11961.5,23.77844764,,,,,,,,,,
11769.5,2.93E-05,11962,23.79213065,,,,,,,,,,
11769.55,2.86E-05,11962.5,23.80435951,,,,,,,,,,
11769.6,7.81E-05,11963,23.8169448,,,,,,,,,,
11769.65,0.000105027,11963.5,23.83054231,,,,,,,,,,
11769.7,0.000133633,11964,23.84152431,,,,,,,,,,
11769.75,0.0001274,11964.5,23.853387,,,,,,,,,,
11769.75,2.66E-05,11965,23.86791382,,,,,,,,,,
11769.8,3.33E-05,11965.5,23.88018969,,,,,,,,,,
11769.85,3.27E-05,11966,23.89165702,,,,,,,,,,
11769.9,6.17E-05,11966.5,23.90369484,,,,,,,,,,
11769.95,9.30E-05,11967,23.91632471,,,,,,,,,,
11770,6.50E-05,11967.5,23.9299689,,,,,,,,,,
11770.05,1.48E-05,11968,23.94373343,,,,,,,,,,
11770.1,6.77E-05,11968.5,23.95277213,,,,,,,,,,
11770.15,8.89E-05,11969,23.96469561,,,,,,,,,,
11770.2,6.16E-05,11969.5,23.97964311,,,,,,,,,,
11770.25,4.29E-05,11970,23.99169278,,,,,,,,,,
11770.25,9.11E-05,11970.5,24.001639,,,,,,,,,,
11770.3,7.10E-05,11971,24.01464705,,,,,,,,,,
11770.35,3.39E-05,11971.5,24.02623858,,,,,,,,,,
11770.4,2.55E-05,11972,24.0400491,,,,,,,,,,
11770.45,1.21E-05,11972.5,24.05230366,,,,,,,,,,
11770.5,1.59E-05,11973,24.06415069,,,,,,,,,,
11770.55,4.17E-05,11973.5,24.07718678,,,,,,,,,,
11770.6,4.07E-05,11974,24.08887584,,,,,,,,,,
11770.65,2.53E-05,11974.5,24.10222038,,,,,,,,,,
11770.7,2.82E-05,11975,24.11296018,,,,,,,,,,
11770.75,2.09E-05,11975.5,24.1263699,,,,,,,,,,
11770.75,0.000127544,11976,24.13901489,,,,,,,,,,
11770.8,0.000149936,11976.5,24.15233687,,,,,,,,,,
11770.85,0.000152299,11977,24.16386509,,,,,,,,,,
11770.9,0.000101316,11977.5,24.17596143,,,,,,,,,,
11770.95,6.84E-06,11978,24.18841023,,,,,,,,,,
11771,7.64E-05,11978.5,24.20133661,,,,,,,,,,
11771.05,5.27E-05,11979,24.21275825,,,,,,,,,,
11771.1,7.10E-05,11979.5,24.22544377,,,,,,,,,,
11771.15,0.000159881,11980,24.23742126,,,,,,,,,,
11771.2,0.000175974,11980.5,24.25116465,,,,,,,,,,
11771.25,0.000119441,11981,24.26352688,,,,,,,,,,
11771.25,4.65E-05,11981.5,24.27510231,,,,,,,,,,
11771.3,5.99E-05,11982,24.28784856,,,,,,,,,,
11771.35,6.51E-05,11982.5,24.30169205,,,,,,,,,,
11771.4,4.68E-05,11983,24.31296472,,,,,,,,,,
11771.45,4.15E-05,11983.5,24.32475142,,,,,,,,,,
11771.5,3.84E-05,11984,24.33794091,,,,,,,,,,
11771.55,3.16E-05,11984.5,24.34952927,,,,,,,,,,
11771.6,4.02E-05,11985,24.36223325,,,,,,,,,,
11771.65,8.87E-05,11985.5,24.37512629,,,,,,,,,,
11771.7,0.000113813,11986,24.3863174,,,,,,,,,,
11771.75,6.10E-05,11986.5,24.39821833,,,,,,,,,,
11771.75,5.83E-05,11987,24.41284049,,,,,,,,,,
11771.8,6.39E-05,11987.5,24.42572843,,,,,,,,,,
11771.85,3.87E-05,11988,24.43634229,,,,,,,,,,
11771.9,2.10E-05,11988.5,24.44986719,,,,,,,,,,
11771.95,4.20E-05,11989,24.46219993,,,,,,,,,,
11772,7.38E-05,11989.5,24.47426844,,,,,,,,,,
11772.05,5.36E-05,11990,24.48796952,,,,,,,,,,
11772.1,3.20E-05,11990.5,24.49874661,,,,,,,,,,
11772.15,6.11E-05,11991,24.51176955,,,,,,,,,,
11772.2,7.54E-05,11991.5,24.52536975,,,,,,,,,,
11772.25,7.76E-05,11992,24.53802271,,,,,,,,,,
11772.25,6.95E-05,11992.5,24.54860379,,,,,,,,,,
11772.3,3.23E-05,11993,24.56193196,,,,,,,,,,
11772.35,8.86E-06,11993.5,24.57471628,,,,,,,,,,
11772.4,4.93E-05,11994,24.58893904,,,,,,,,,,
11772.45,8.68E-05,11994.5,24.60223561,,,,,,,,,,
11772.5,9.39E-05,11995,24.61210843,,,,,,,,,,
11772.55,7.26E-05,11995.5,24.62470625,,,,,,,,,,
11772.6,4.57E-05,11996,24.63855881,,,,,,,,,,
11772.65,6.25E-05,11996.5,24.65008987,,,,,,,,,,
11772.7,7.67E-05,11997,24.66209404,,,,,,,,,,
11772.75,6.86E-05,11997.5,24.67598614,,,,,,,,,,
11772.75,4.55E-05,11998,24.6878562,,,,,,,,,,
11772.8,3.39E-05,11998.5,24.69970454,,,,,,,,,,
11772.85,1.77E-05,11999,24.71107319,,,,,,,,,,
11772.9,1.18E-05,11999.5,24.72364369,,,,,,,,,,
11772.95,1.67E-05,12000,24.73629308,,,,,,,,,,
11773,3.41E-05,12000.5,24.74875224,,,,,,,,,,
11773.05,2.30E-05,12001,24.75967665,,,,,,,,,,
11773.1,5.97E-05,12001.5,24.77042551,,,,,,,,,,
11773.15,8.17E-05,12002,24.78406012,,,,,,,,,,
11773.2,6.26E-05,12002.5,24.79838221,,,,,,,,,,
11773.25,4.14E-05,12003,24.81026971,,,,,,,,,,
11773.25,4.23E-05,12003.5,24.82309547,,,,,,,,,,
11773.3,6.89E-05,12004,24.8328816,,,,,,,,,,
11773.35,8.34E-05,12004.5,24.84771597,,,,,,,,,,
11773.4,5.62E-05,12005,24.86129956,,,,,,,,,,
11773.45,3.01E-06,12005.5,24.87182256,,,,,,,,,,
11773.5,5.29E-05,12006,24.88185579,,,,,,,,,,
11773.55,6.35E-05,12006.5,24.89542237,,,,,,,,,,
11773.6,2.11E-05,12007,24.90878753,,,,,,,,,,
11773.65,3.02E-05,12007.5,24.92069042,,,,,,,,,,
11773.7,6.92E-05,12008,24.93356411,,,,,,,,,,
11773.75,8.58E-05,12008.5,24.94327032,,,,,,,,,,
11773.75,6.63E-05,12009,24.95649089,,,,,,,,,,
11773.8,7.61E-05,12009.5,24.96942339,,,,,,,,,,
11773.85,0.000102292,12010,24.98004489,,,,,,,,,,
11773.9,0.000113422,12010.5,24.99343255,,,,,,,,,,
11773.95,0.000105683,12011,25.00473769,,,,,,,,,,
11774,9.47E-05,12011.5,25.01816368,,,,,,,,,,
11774.05,7.92E-05,12012,25.02943849,,,,,,,,,,
11774.1,8.05E-05,12012.5,25.04419719,,,,,,,,,,
11774.15,9.62E-05,12013,25.05439261,,,,,,,,,,
11774.2,8.96E-05,12013.5,25.0687695,,,,,,,,,,
11774.25,4.55E-05,12014,25.08118909,,,,,,,,,,
11774.25,2.95E-05,12014.5,25.09122695,,,,,,,,,,
11774.3,7.80E-06,12015,25.10533895,,,,,,,,,,
11774.35,3.96E-05,12015.5,25.11631784,,,,,,,,,,
11774.4,4.83E-05,12016,25.12928749,,,,,,,,,,
11774.45,2.15E-05,12016.5,25.14151287,,,,,,,,,,
11774.5,2.87E-05,12017,25.15309949,,,,,,,,,,
11774.55,5.76E-05,12017.5,25.16527868,,,,,,,,,,
11774.6,5.23E-05,12018,25.17855029,,,,,,,,,,
11774.65,2.17E-05,12018.5,25.19026768,,,,,,,,,,
11774.7,7.99E-05,12019,25.20300244,,,,,,,,,,
11774.75,0.000108136,12019.5,25.21251593,,,,,,,,,,
11774.75,5.47E-05,12020,25.22629682,,,,,,,,,,
11774.8,3.42E-05,12020.5,25.23765607,,,,,,,,,,
11774.85,2.16E-05,12021,25.25268167,,,,,,,,,,
11774.9,2.85E-05,12021.5,25.26233942,,,,,,,,,,
11774.95,7.31E-05,12022,25.27381886,,,,,,,,,,
11775,8.94E-05,12022.5,25.28734623,,,,,,,,,,
11775.05,6.56E-05,12023,25.30064751,,,,,,,,,,
11775.1,3.69E-05,12023.5,25.31188722,,,,,,,,,,
11775.15,1.95E-05,12024,25.3244919,,,,,,,,,,
11775.2,1.25E-05,12024.5,25.33653343,,,,,,,,,,
11775.25,3.51E-05,12025,25.35015891,,,,,,,,,,
11775.25,4.63E-05,12025.5,25.36055894,,,,,,,,,,
11775.3,0.000109618,12026,25.37338861,,,,,,,,,,
11775.35,0.000130609,12026.5,25.3849713,,,,,,,,,,
11775.4,0.000100661,12027,25.39773524,,,,,,,,,,
11775.45,5.44E-05,12027.5,25.41007052,,,,,,,,,,
11775.5,3.27E-05,12028,25.42113658,,,,,,,,,,
11775.55,5.08E-05,12028.5,25.43366171,,,,,,,,,,
11775.6,6.21E-05,12029,25.44630206,,,,,,,,,,
11775.65,2.52E-05,12029.5,25.45866304,,,,,,,,,,
11775.7,2.57E-05,12030,25.47164556,,,,,,,,,,
11775.75,4.30E-05,12030.5,25.48171593,,,,,,,,,,
11775.75,9.13E-05,12031,25.49318608,,,,,,,,,,
11775.8,0.000100931,12031.5,25.5089137,,,,,,,,,,
11775.85,8.32E-05,12032,25.52045029,,,,,,,,,,
11775.9,3.52E-05,12032.5,25.53209711,,,,,,,,,,
11775.95,3.55E-05,12033,25.54589239,,,,,,,,,,
11776,7.90E-05,12033.5,25.55568099,,,,,,,,,,
11776.05,7.37E-05,12034,25.56956289,,,,,,,,,,
11776.1,4.75E-05,12034.5,25.58369534,,,,,,,,,,
11776.15,4.19E-05,12035,25.59270207,,,,,,,,,,
11776.2,4.36E-05,12035.5,25.6046862,,,,,,,,,,
11776.25,7.01E-05,12036,25.61769142,,,,,,,,,,
11776.25,1.59E-05,12036.5,25.63012708,,,,,,,,,,
11776.3,1.36E-05,12037,25.64204088,,,,,,,,,,
11776.35,4.14E-05,12037.5,25.65394057,,,,,,,,,,
11776.4,5.95E-05,12038,25.66578417,,,,,,,,,,
11776.45,5.06E-05,12038.5,25.68002024,,,,,,,,,,
11776.5,6.00E-05,12039,25.69121136,,,,,,,,,,
11776.55,5.60E-05,12039.5,25.70237482,,,,,,,,,,
11776.6,1.03E-05,12040,25.71603372,,,,,,,,,,
11776.65,9.02E-05,12040.5,25.72923317,,,,,,,,,,
11776.7,0.000105677,12041,25.74111448,,,,,,,,,,
11776.75,5.70E-05,12041.5,25.75208862,,,,,,,,,,
11776.75,3.10E-05,12042,25.76582738,,,,,,,,,,
11776.8,3.38E-05,12042.5,25.77661664,,,,,,,,,,
11776.85,2.69E-05,12043,25.789227,,,,,,,,,,
11776.9,5.22E-05,12043.5,25.80278973,,,,,,,,,,
11776.95,7.66E-05,12044,25.81336653,,,,,,,,,,
11777,8.52E-05,12044.5,25.82474171,,,,,,,,,,
11777.05,8.61E-05,12045,25.8388858,,,,,,,,,,
11777.1,8.38E-05,12045.5,25.85025817,,,,,,,,,,
11777.15,8.38E-05,12046,25.86172128,,,,,,,,,,
11777.2,7.48E-05,12046.5,25.87397641,,,,,,,,,,
11777.25,8.05E-05,12047,25.88583955,,,,,,,,,,
11777.25,9.21E-05,12047.5,25.90134552,,,,,,,,,,
11777.3,8.65E-05,12048,25.91179153,,,,,,,,,,
11777.35,7.91E-05,12048.5,25.92169778,,,,,,,,,,
11777.4,8.49E-05,12049,25.93386779,,,,,,,,,,
11777.45,9.40E-05,12049.5,25.94655711,,,,,,,,,,
11777.5,7.10E-05,12050,25.95937192,,,,,,,,,,
11777.55,1.01E-05,12050.5,25.96968318,,,,,,,,,,
11777.6,4.59E-05,12051,25.98324559,,,,,,,,,,
11777.65,5.72E-05,12051.5,25.99403885,,,,,,,,,,
11777.7,5.22E-05,12052,26.00778554,,,,,,,,,,
11777.75,5.88E-05,12052.5,26.01874981,,,,,,,,,,
11777.75,5.09E-05,12053,26.0306453,,,,,,,,,,
11777.8,3.46E-05,12053.5,26.04262085,,,,,,,,,,
11777.85,2.44E-05,12054,26.05575278,,,,,,,,,,
11777.9,2.00E-05,12054.5,26.06852102,,,,,,,,,,
11777.95,1.46E-05,12055,26.07937553,,,,,,,,,,
11778,4.45E-05,12055.5,26.09326107,,,,,,,,,,
11778.05,6.90E-05,12056,26.10424236,,,,,,,,,,
11778.1,6.49E-05,12056.5,26.11752977,,,,,,,,,,
11778.15,5.69E-05,12057,26.12997965,,,,,,,,,,
11778.2,7.25E-05,12057.5,26.14060387,,,,,,,,,,
11778.25,0.000101534,12058,26.15139198,,,,,,,,,,
11778.25,8.38E-05,12058.5,26.16595572,,,,,,,,,,
11778.3,0.000110491,12059,26.17829646,,,,,,,,,,
11778.35,0.000129076,12059.5,26.1892798,,,,,,,,,,
11778.4,0.000101628,12060,26.20118309,,,,,,,,,,
11778.45,5.81E-05,12060.5,26.21323283,,,,,,,,,,
11778.5,1.91E-05,12061,26.22628435,,,,,,,,,,
11778.55,2.48E-05,12061.5,26.23976934,,,,,,,,,,
11778.6,2.82E-05,12062,26.25065875,,,,,,,,,,
11778.65,2.02E-05,12062.5,26.26073347,,,,,,,,,,
11778.7,4.17E-05,12063,26.27534762,,,,,,,,,,
11778.75,5.67E-05,12063.5,26.28842677,,,,,,,,,,
11778.75,2.81E-05,12064,26.29832929,,,,,,,,,,
11778.8,1.39E-05,12064.5,26.31203302,,,,,,,,,,
11778.85,1.28E-05,12065,26.32322761,,,,,,,,,,
11778.9,2.30E-05,12065.5,26.33693324,,,,,,,,,,
11778.95,4.44E-05,12066,26.34910046,,,,,,,,,,
11779,5.86E-05,12066.5,26.35960442,,,,,,,,,,
11779.05,1.27E-05,12067,26.37199888,,,,,,,,,,
11779.1,6.47E-05,12067.5,26.38584285,,,,,,,,,,
11779.15,8.28E-05,12068,26.3954557,,,,,,,,,,
11779.2,6.37E-05,12068.5,26.40829724,,,,,,,,,,
11779.25,4.80E-05,12069,26.42141571,,,,,,,,,,
11779.25,4.10E-05,12069.5,26.43399895,,,,,,,,,,
11779.3,1.74E-05,12070,26.44674046,,,,,,,,,,
11779.35,5.82E-05,12070.5,26.45943687,,,,,,,,,,
11779.4,9.56E-05,12071,26.46987748,,,,,,,,,,
11779.45,0.000109682,12071.5,26.48316575,,,,,,,,,,
11779.5,0.000120452,12072,26.49445666,,,,,,,,,,
11779.55,0.000134371,12072.5,26.50652221,,,,,,,,,,
11779.6,0.000103037,12073,26.51766507,,,,,,,,,,
11779.65,1.68E-05,12073.5,26.53060549,,,,,,,,,,
11779.7,8.18E-05,12074,26.5420135,,,,,,,,,,
11779.75,8.14E-05,12074.5,26.55627553,,,,,,,,,,
11779.75,6.74E-05,12075,26.56765464,,,,,,,,,,
11779.8,3.89E-05,12075.5,26.5775729,,,,,,,,,,
11779.85,3.93E-05,12076,26.59174715,,,,,,,,,,
11779.9,5.99E-05,12076.5,26.60336384,,,,,,,,,,
11779.95,8.00E-05,12077,26.61515482,,,,,,,,,,
11780,6.77E-05,12077.5,26.62757747,,,,,,,,,,
11780.05,2.04E-05,12078,26.64154301,,,,,,,,,,
11780.1,4.82E-05,12078.5,26.6535051,,,,,,,,,,
11780.15,3.26E-05,12079,26.66581244,,,,,,,,,,
11780.2,3.46E-05,12079.5,26.67657635,,,,,,,,,,
11780.25,6.93E-05,12080,26.68728047,,,,,,,,,,
11780.25,2.90E-05,12080.5,26.69910532,,,,,,,,,,
11780.3,2.15E-05,12081,26.71233464,,,,,,,,,,
11780.35,2.92E-05,12081.5,26.72426326,,,,,,,,,,
11780.4,7.00E-05,12082,26.73622451,,,,,,,,,,
11780.45,0.000109799,12082.5,26.74796005,,,,,,,,,,
11780.5,0.000113589,12083,26.76009388,,,,,,,,,,
11780.55,5.96E-05,12083.5,26.77400805,,,,,,,,,,
11780.6,3.07E-06,12084,26.78474034,,,,,,,,,,
11780.65,4.00E-05,12084.5,26.79693748,,,,,,,,,,
11780.7,7.03E-05,12085,26.80708472,,,,,,,,,,
11780.75,3.72E-05,12085.5,26.82300986,,,,,,,,,,
11780.75,3.81E-05,12086,26.8327288,,,,,,,,,,
11780.8,3.99E-05,12086.5,26.84534514,,,,,,,,,,
11780.85,7.90E-05,12087,26.85672697,,,,,,,,,,
11780.9,0.000117772,12087.5,26.86777529,,,,,,,,,,
11780.95,0.000138619,12088,26.88298743,,,,,,,,,,
11781,0.000113788,12088.5,26.89425835,,,,,,,,,,
11781.05,5.87E-05,12089,26.90514196,,,,,,,,,,
11781.1,4.69E-06,12089.5,26.91674467,,,,,,,,,,
11781.15,3.07E-05,12090,26.93165433,,,,,,,,,,
11781.2,2.69E-05,12090.5,26.94247411,,,,,,,,,,
11781.25,1.71E-05,12091,26.95557796,,,,,,,,,,
11781.25,1.75E-05,12091.5,26.96651256,,,,,,,,,,
11781.3,2.93E-05,12092,26.97858013,,,,,,,,,,
11781.35,2.85E-05,12092.5,26.99236199,,,,,,,,,,
11781.4,3.80E-05,12093,27.00318368,,,,,,,,,,
11781.45,4.09E-05,12093.5,27.01415702,,,,,,,,,,
11781.5,1.96E-05,12094,27.02791662,,,,,,,,,,
11781.55,2.54E-05,12094.5,27.04029721,,,,,,,,,,
11781.6,3.85E-05,12095,27.05111324,,,,,,,,,,
11781.65,3.85E-05,12095.5,27.06158929,,,,,,,,,,
11781.7,3.42E-05,12096,27.07466219,,,,,,,,,,
11781.75,2.20E-05,12096.5,27.08602011,,,,,,,,,,
11781.75,8.44E-05,12097,27.10168835,,,,,,,,,,
11781.8,9.64E-05,12097.5,27.11313499,,,,,,,,,,
11781.85,8.54E-05,12098,27.1229144,,,,,,,,,,
11781.9,6.30E-05,12098.5,27.13489789,,,,,,,,,,
11781.95,6.59E-05,12099,27.14846011,,,,,,,,,,
11782,6.92E-05,12099.5,27.16041682,,,,,,,,,,
11782.05,5.43E-05,12100,27.17262058,,,,,,,,,,
11782.1,2.50E-05,12100.5,27.1843755,,,,,,,,,,
11782.15,2.40E-05,12101,27.19641908,,,,,,,,,,
11782.2,5.67E-05,12101.5,27.2118911,,,,,,,,,,
11782.25,7.40E-05,12102,27.22223063,,,,,,,,,,
11782.25,4.34E-05,12102.5,27.23177849,,,,,,,,,,
11782.3,5.13E-05,12103,27.24417745,,,,,,,,,,
11782.35,2.95E-05,12103.5,27.25843848,,,,,,,,,,
11782.4,9.15E-05,12104,27.26934916,,,,,,,,,,
11782.45,0.000126431,12104.5,27.28115669,,,,,,,,,,
11782.5,9.21E-05,12105,27.29369905,,,,,,,,,,
11782.55,1.89E-05,12105.5,27.30568542,,,,,,,,,,
11782.6,5.82E-05,12106,27.31799162,,,,,,,,,,
11782.65,4.77E-05,12106.5,27.33353719,,,,,,,,,,
11782.7,7.09E-05,12107,27.34188165,,,,,,,,,,
11782.75,0.000124211,12107.5,27.35478708,,,,,,,,,,
11782.75,7.48E-05,12108,27.36819279,,,,,,,,,,
11782.8,6.31E-05,12108.5,27.37896715,,,,,,,,,,
11782.85,0.000101611,12109,27.39074365,,,,,,,,,,
11782.9,8.16E-05,12109.5,27.40242879,,,,,,,,,,
11782.95,5.80E-05,12110,27.41541799,,,,,,,,,,
11783,6.96E-05,12110.5,27.42925949,,,,,,,,,,
11783.05,7.51E-05,12111,27.44050564,,,,,,,,,,
11783.1,1.47E-05,12111.5,27.45080305,,,,,,,,,,
11783.15,8.21E-05,12112,27.46476082,,,,,,,,,,
11783.2,9.25E-05,12112.5,27.47742199,,,,,,,,,,
11783.25,6.87E-05,12113,27.48964065,,,,,,,,,,
11783.25,4.22E-05,12113.5,27.50043089,,,,,,,,,,
11783.3,5.52E-05,12114,27.51450364,,,,,,,,,,
11783.35,6.57E-05,12114.5,27.52641416,,,,,,,,,,
11783.4,7.33E-05,12115,27.53942973,,,,,,,,,,
11783.45,5.01E-05,12115.5,27.55347429,,,,,,,,,,
11783.5,1.75E-05,12116,27.56332332,,,,,,,,,,
11783.55,7.90E-05,12116.5,27.57539024,,,,,,,,,,
11783.6,0.000101125,12117,27.59012952,,,,,,,,,,
11783.65,6.38E-05,12117.5,27.60008815,,,,,,,,,,
11783.7,7.89E-05,12118,27.61392292,,,,,,,,,,
11783.75,0.000136439,12118.5,27.62542556,,,,,,,,,,
11783.75,1.93E-05,12119,27.63644322,,,,,,,,,,
11783.8,5.31E-05,12119.5,27.65177712,,,,,,,,,,
11783.85,7.41E-05,12120,27.66303423,,,,,,,,,,
11783.9,4.80E-05,12120.5,27.67472742,,,,,,,,,,
11783.95,2.09E-05,12121,27.68511769,,,,,,,,,,
11784,3.78E-05,12121.5,27.70049842,,,,,,,,,,
11784.05,6.48E-05,,,,,,,,,,,,
11784.1,7.29E-05,,,,,,,,,,,,
11784.15,3.59E-05,,,,,,,,,,,,
11784.2,2.55E-05,,,,,,,,,,,,
11784.25,4.75E-05,,,,,,,,,,,,
11784.25,6.01E-05,,,,,,,,,,,,
11784.3,0.00011072,,,,,,,,,,,,
11784.35,0.000126149,,,,,,,,,,,,
11784.4,9.17E-05,,,,,,,,,,,,
11784.45,3.16E-05,,,,,,,,,,,,
11784.5,2.94E-05,,,,,,,,,,,,
11784.55,7.83E-05,,,,,,,,,,,,
11784.6,9.91E-05,,,,,,,,,,,,
11784.65,9.58E-05,,,,,,,,,,,,
11784.7,8.37E-05,,,,,,,,,,,,
11784.75,5.45E-05,,,,,,,,,,,,
11784.75,2.99E-05,,,,,,,,,,,,
11784.8,5.47E-05,,,,,,,,,,,,
11784.85,6.43E-05,,,,,,,,,,,,
11784.9,3.78E-05,,,,,,,,,,,,
11784.95,5.18E-05,,,,,,,,,,,,
11785,5.56E-05,,,,,,,,,,,,
11785.05,7.58E-05,,,,,,,,,,,,
11785.1,0.000148015,,,,,,,,,,,,
11785.15,0.000169457,,,,,,,,,,,,
11785.2,0.000138084,,,,,,,,,,,,
11785.25,7.76E-05,,,,,,,,,,,,
11785.25,6.74E-05,,,,,,,,,,,,
11785.3,7.07E-05,,,,,,,,,,,,
11785.35,4.04E-05,,,,,,,,,,,,
11785.4,5.24E-05,,,,,,,,,,,,
11785.45,5.36E-05,,,,,,,,,,,,
11785.5,5.01E-05,,,,,,,,,,,,
11785.55,5.47E-05,,,,,,,,,,,,
11785.6,6.54E-05,,,,,,,,,,,,
11785.65,0.00010801,,,,,,,,,,,,
11785.7,0.000149123,,,,,,,,,,,,
11785.75,0.000162227,,,,,,,,,,,,
11785.75,3.65E-05,,,,,,,,,,,,
11785.8,5.71E-05,,,,,,,,,,,,
11785.85,5.64E-05,,,,,,,,,,,,
11785.9,5.27E-05,,,,,,,,,,,,
11785.95,0.000128389,,,,,,,,,,,,
11786,0.000142375,,,,,,,,,,,,
11786.05,7.71E-05,,,,,,,,,,,,
11786.1,1.18E-05,,,,,,,,,,,,
11786.15,5.81E-05,,,,,,,,,,,,
11786.2,6.66E-05,,,,,,,,,,,,
11786.25,8.95E-05,,,,,,,,,,,,
11786.25,0.000132413,,,,,,,,,,,,
11786.3,0.000101096,,,,,,,,,,,,
11786.35,3.71E-05,,,,,,,,,,,,
11786.4,6.29E-05,,,,,,,,,,,,
11786.45,7.41E-05,,,,,,,,,,,,
11786.5,7.57E-05,,,,,,,,,,,,
11786.55,3.33E-05,,,,,,,,,,,,
11786.6,1.51E-05,,,,,,,,,,,,
11786.65,2.13E-05,,,,,,,,,,,,
11786.7,2.59E-05,,,,,,,,,,,,
11786.75,2.83E-05,,,,,,,,,,,,
11786.75,1.35E-05,,,,,,,,,,,,
11786.8,4.39E-05,,,,,,,,,,,,
11786.85,7.04E-05,,,,,,,,,,,,
11786.9,7.19E-05,,,,,,,,,,,,
11786.95,5.22E-05,,,,,,,,,,,,
11787,3.50E-05,,,,,,,,,,,,
11787.05,4.34E-05,,,,,,,,,,,,
11787.1,6.75E-05,,,,,,,,,,,,
11787.15,9.08E-05,,,,,,,,,,,,
11787.2,9.24E-05,,,,,,,,,,,,
11787.25,9.02E-05,,,,,,,,,,,,
11787.25,8.22E-05,,,,,,,,,,,,
11787.3,8.68E-05,,,,,,,,,,,,
11787.35,0.000119114,,,,,,,,,,,,
11787.4,0.000134707,,,,,,,,,,,,
11787.45,8.57E-05,,,,,,,,,,,,
11787.5,7.38E-05,,,,,,,,,,,,
11787.55,0.000113243,,,,,,,,,,,,
11787.6,0.000112084,,,,,,,,,,,,
11787.65,8.97E-05,,,,,,,,,,,,
11787.7,0.000104452,,,,,,,,,,,,
11787.75,6.70E-05,,,,,,,,,,,,
11787.75,3.45E-05,,,,,,,,,,,,
11787.8,4.51E-05,,,,,,,,,,,,
11787.85,9.74E-05,,,,,,,,,,,,
11787.9,0.000112385,,,,,,,,,,,,
11787.95,7.76E-05,,,,,,,,,,,,
11788,4.39E-05,,,,,,,,,,,,
11788.05,7.18E-05,,,,,,,,,,,,
11788.1,8.77E-05,,,,,,,,,,,,
11788.15,8.31E-05,,,,,,,,,,,,
11788.2,6.23E-05,,,,,,,,,,,,
11788.25,3.50E-05,,,,,,,,,,,,
11788.25,6.83E-05,,,,,,,,,,,,
11788.3,3.57E-05,,,,,,,,,,,,
11788.35,1.56E-05,,,,,,,,,,,,
11788.4,2.18E-05,,,,,,,,,,,,
11788.45,2.43E-05,,,,,,,,,,,,
11788.5,5.52E-05,,,,,,,,,,,,
11788.55,7.65E-05,,,,,,,,,,,,
11788.6,0.000110895,,,,,,,,,,,,
11788.65,0.000146157,,,,,,,,,,,,
11788.7,0.000137424,,,,,,,,,,,,
11788.75,8.35E-05,,,,,,,,,,,,
11788.75,4.35E-05,,,,,,,,,,,,
11788.8,8.03E-05,,,,,,,,,,,,
11788.85,7.08E-05,,,,,,,,,,,,
11788.9,7.78E-05,,,,,,,,,,,,
11788.95,9.76E-05,,,,,,,,,,,,
11789,8.76E-05,,,,,,,,,,,,
11789.05,6.13E-05,,,,,,,,,,,,
11789.1,6.57E-05,,,,,,,,,,,,
11789.15,3.18E-05,,,,,,,,,,,,
11789.2,5.79E-05,,,,,,,,,,,,
11789.25,7.78E-05,,,,,,,,,,,,
11789.25,0.000113221,,,,,,,,,,,,
11789.3,0.000145867,,,,,,,,,,,,
11789.35,0.000111337,,,,,,,,,,,,
11789.4,6.71E-05,,,,,,,,,,,,
11789.45,5.50E-05,,,,,,,,,,,,
11789.5,4.34E-05,,,,,,,,,,,,
11789.55,5.55E-06,,,,,,,,,,,,
11789.6,4.39E-05,,,,,,,,,,,,
11789.65,4.75E-05,,,,,,,,,,,,
11789.7,2.69E-05,,,,,,,,,,,,
11789.75,2.97E-05,,,,,,,,,,,,
11789.75,5.95E-05,,,,,,,,,,,,
11789.8,4.15E-05,,,,,,,,,,,,
11789.85,6.11E-05,,,,,,,,,,,,
11789.9,6.36E-05,,,,,,,,,,,,
11789.95,5.61E-05,,,,,,,,,,,,
11790,8.19E-05,,,,,,,,,,,,
11790.05,0.000116161,,,,,,,,,,,,
11790.1,9.48E-05,,,,,,,,,,,,
11790.15,4.06E-05,,,,,,,,,,,,
11790.2,3.36E-05,,,,,,,,,,,,
11790.25,6.67E-05,,,,,,,,,,,,
11790.25,7.22E-05,,,,,,,,,,,,
11790.3,0.00012346,,,,,,,,,,,,
11790.35,8.26E-05,,,,,,,,,,,,
11790.4,7.03E-05,,,,,,,,,,,,
11790.45,8.28E-05,,,,,,,,,,,,
11790.5,4.80E-05,,,,,,,,,,,,
11790.55,8.95E-05,,,,,,,,,,,,
11790.6,9.90E-05,,,,,,,,,,,,
11790.65,6.06E-05,,,,,,,,,,,,
11790.7,2.49E-05,,,,,,,,,,,,
11790.75,1.07E-05,,,,,,,,,,,,
11790.75,8.48E-05,,,,,,,,,,,,
11790.8,6.02E-05,,,,,,,,,,,,
11790.85,6.57E-05,,,,,,,,,,,,
11790.9,6.91E-05,,,,,,,,,,,,
11790.95,5.93E-05,,,,,,,,,,,,
11791,8.46E-05,,,,,,,,,,,,
11791.05,0.000119662,,,,,,,,,,,,
11791.1,9.13E-05,,,,,,,,,,,,
11791.15,7.08E-05,,,,,,,,,,,,
11791.2,0.000108578,,,,,,,,,,,,
11791.25,9.46E-05,,,,,,,,,,,,
11791.25,4.22E-05,,,,,,,,,,,,
11791.3,6.24E-05,,,,,,,,,,,,
11791.35,0.000108896,,,,,,,,,,,,
11791.4,0.000112064,,,,,,,,,,,,
11791.45,8.16E-05,,,,,,,,,,,,
11791.5,6.79E-05,,,,,,,,,,,,
11791.55,3.93E-05,,,,,,,,,,,,
11791.6,4.94E-05,,,,,,,,,,,,
11791.65,0.000112309,,,,,,,,,,,,
11791.7,8.09E-05,,,,,,,,,,,,
11791.75,1.84E-05,,,,,,,,,,,,
11791.75,0.000108672,,,,,,,,,,,,
11791.8,4.99E-05,,,,,,,,,,,,
11791.85,0.000114047,,,,,,,,,,,,
11791.9,0.000171226,,,,,,,,,,,,
11791.95,0.000129579,,,,,,,,,,,,
11792,4.76E-05,,,,,,,,,,,,
11792.05,6.42E-05,,,,,,,,,,,,
11792.1,7.41E-05,,,,,,,,,,,,
11792.15,3.58E-05,,,,,,,,,,,,
11792.2,0.000119746,,,,,,,,,,,,
11792.25,0.000156092,,,,,,,,,,,,
11792.25,7.40E-05,,,,,,,,,,,,
11792.3,6.16E-05,,,,,,,,,,,,
11792.35,1.28E-05,,,,,,,,,,,,
11792.4,3.69E-05,,,,,,,,,,,,
11792.45,4.73E-05,,,,,,,,,,,,
11792.5,2.16E-05,,,,,,,,,,,,
11792.55,3.16E-05,,,,,,,,,,,,
11792.6,5.25E-05,,,,,,,,,,,,
11792.65,6.38E-05,,,,,,,,,,,,
11792.7,0.000104513,,,,,,,,,,,,
11792.75,0.000135255,,,,,,,,,,,,
11792.75,8.07E-05,,,,,,,,,,,,
11792.8,7.51E-05,,,,,,,,,,,,
11792.85,6.74E-05,,,,,,,,,,,,
11792.9,9.22E-05,,,,,,,,,,,,
11792.95,0.000120828,,,,,,,,,,,,
11793,0.000103018,,,,,,,,,,,,
11793.05,4.61E-05,,,,,,,,,,,,
11793.1,1.74E-05,,,,,,,,,,,,
11793.15,6.22E-05,,,,,,,,,,,,
11793.2,0.00010624,,,,,,,,,,,,
11793.25,0.000120787,,,,,,,,,,,,
11793.25,0.000139764,,,,,,,,,,,,
11793.3,7.39E-05,,,,,,,,,,,,
11793.35,7.20E-05,,,,,,,,,,,,
11793.4,0.000116196,,,,,,,,,,,,
11793.45,0.000147595,,,,,,,,,,,,
11793.5,0.000135792,,,,,,,,,,,,
11793.55,0.000100982,,,,,,,,,,,,
11793.6,7.01E-05,,,,,,,,,,,,
11793.65,2.11E-05,,,,,,,,,,,,
11793.7,4.27E-05,,,,,,,,,,,,
11793.75,6.55E-05,,,,,,,,,,,,
11793.75,3.43E-05,,,,,,,,,,,,
11793.8,2.55E-05,,,,,,,,,,,,
11793.85,3.35E-05,,,,,,,,,,,,
11793.9,4.59E-05,,,,,,,,,,,,
11793.95,9.19E-05,,,,,,,,,,,,
11794,8.07E-05,,,,,,,,,,,,
11794.05,0.000110003,,,,,,,,,,,,
11794.1,0.000121144,,,,,,,,,,,,
11794.15,7.28E-05,,,,,,,,,,,,
11794.2,3.88E-05,,,,,,,,,,,,
11794.25,5.24E-05,,,,,,,,,,,,
11794.25,2.25E-05,,,,,,,,,,,,
11794.3,3.11E-05,,,,,,,,,,,,
11794.35,2.42E-05,,,,,,,,,,,,
11794.4,4.70E-05,,,,,,,,,,,,
11794.45,8.89E-05,,,,,,,,,,,,
11794.5,9.87E-05,,,,,,,,,,,,
11794.55,8.18E-05,,,,,,,,,,,,
11794.6,6.97E-05,,,,,,,,,,,,
11794.65,4.85E-05,,,,,,,,,,,,
11794.7,7.86E-06,,,,,,,,,,,,
11794.75,4.39E-05,,,,,,,,,,,,
11794.75,9.86E-05,,,,,,,,,,,,
11794.8,0.000129305,,,,,,,,,,,,
11794.85,9.87E-05,,,,,,,,,,,,
11794.9,8.65E-05,,,,,,,,,,,,
11794.95,7.98E-05,,,,,,,,,,,,
11795,2.29E-05,,,,,,,,,,,,
11795.05,4.98E-05,,,,,,,,,,,,
11795.1,7.46E-05,,,,,,,,,,,,
11795.15,5.91E-05,,,,,,,,,,,,
11795.2,3.78E-05,,,,,,,,,,,,
11795.25,3.19E-05,,,,,,,,,,,,
11795.25,0.000118508,,,,,,,,,,,,
11795.3,9.30E-05,,,,,,,,,,,,
11795.35,6.07E-05,,,,,,,,,,,,
11795.4,4.40E-05,,,,,,,,,,,,
11795.45,4.16E-05,,,,,,,,,,,,
11795.5,2.32E-05,,,,,,,,,,,,
11795.55,5.11E-05,,,,,,,,,,,,
11795.6,6.89E-05,,,,,,,,,,,,
11795.65,8.84E-05,,,,,,,,,,,,
11795.7,0.000103965,,,,,,,,,,,,
11795.75,6.88E-05,,,,,,,,,,,,
11795.75,7.80E-05,,,,,,,,,,,,
11795.8,8.14E-05,,,,,,,,,,,,
11795.85,7.92E-05,,,,,,,,,,,,
11795.9,0.000155821,,,,,,,,,,,,
11795.95,0.000216929,,,,,,,,,,,,
11796,0.000164099,,,,,,,,,,,,
11796.05,5.58E-05,,,,,,,,,,,,
11796.1,8.54E-05,,,,,,,,,,,,
11796.15,0.000131444,,,,,,,,,,,,
11796.2,9.78E-05,,,,,,,,,,,,
11796.25,3.30E-05,,,,,,,,,,,,
11796.25,3.80E-05,,,,,,,,,,,,
11796.3,3.98E-05,,,,,,,,,,,,
11796.35,3.75E-05,,,,,,,,,,,,
11796.4,6.27E-05,,,,,,,,,,,,
11796.45,0.000107737,,,,,,,,,,,,
11796.5,0.000138269,,,,,,,,,,,,
11796.55,0.000113617,,,,,,,,,,,,
11796.6,9.95E-05,,,,,,,,,,,,
11796.65,0.000112158,,,,,,,,,,,,
11796.7,7.66E-05,,,,,,,,,,,,
11796.75,1.38E-05,,,,,,,,,,,,
11796.75,7.21E-05,,,,,,,,,,,,
11796.8,9.50E-05,,,,,,,,,,,,
11796.85,4.59E-05,,,,,,,,,,,,
11796.9,2.81E-05,,,,,,,,,,,,
11796.95,5.81E-05,,,,,,,,,,,,
11797,9.91E-05,,,,,,,,,,,,
11797.05,0.000128229,,,,,,,,,,,,
11797.1,0.000126818,,,,,,,,,,,,
11797.15,0.000125109,,,,,,,,,,,,
11797.2,0.000129171,,,,,,,,,,,,
11797.25,0.000121857,,,,,,,,,,,,
11797.25,1.50E-05,,,,,,,,,,,,
11797.3,6.12E-05,,,,,,,,,,,,
11797.35,0.000113842,,,,,,,,,,,,
11797.4,0.00012362,,,,,,,,,,,,
11797.45,0.00010389,,,,,,,,,,,,
11797.5,7.40E-05,,,,,,,,,,,,
11797.55,3.97E-05,,,,,,,,,,,,
11797.6,1.17E-05,,,,,,,,,,,,
11797.65,1.51E-05,,,,,,,,,,,,
11797.7,3.65E-05,,,,,,,,,,,,
11797.75,2.80E-05,,,,,,,,,,,,
11797.75,3.91E-05,,,,,,,,,,,,
11797.8,7.63E-06,,,,,,,,,,,,
11797.85,3.67E-05,,,,,,,,,,,,
11797.9,6.20E-05,,,,,,,,,,,,
11797.95,6.72E-05,,,,,,,,,,,,
11798,5.69E-05,,,,,,,,,,,,
11798.05,5.00E-05,,,,,,,,,,,,
11798.1,4.81E-05,,,,,,,,,,,,
11798.15,4.24E-05,,,,,,,,,,,,
11798.2,3.95E-05,,,,,,,,,,,,
11798.25,5.07E-05,,,,,,,,,,,,
11798.25,4.45E-05,,,,,,,,,,,,
11798.3,0.000105103,,,,,,,,,,,,
11798.35,0.000102996,,,,,,,,,,,,
11798.4,5.43E-05,,,,,,,,,,,,
11798.45,3.95E-05,,,,,,,,,,,,
11798.5,5.91E-05,,,,,,,,,,,,
11798.55,4.81E-05,,,,,,,,,,,,
11798.6,8.14E-05,,,,,,,,,,,,
11798.65,0.000109373,,,,,,,,,,,,
11798.7,8.15E-05,,,,,,,,,,,,
11798.75,6.39E-05,,,,,,,,,,,,
11798.75,3.53E-05,,,,,,,,,,,,
11798.8,7.91E-05,,,,,,,,,,,,
11798.85,8.92E-05,,,,,,,,,,,,
11798.9,4.37E-05,,,,,,,,,,,,
11798.95,8.12E-05,,,,,,,,,,,,
11799,0.000100895,,,,,,,,,,,,
11799.05,7.34E-05,,,,,,,,,,,,
11799.1,3.15E-05,,,,,,,,,,,,
11799.15,3.70E-05,,,,,,,,,,,,
11799.2,8.38E-05,,,,,,,,,,,,
11799.25,8.58E-05,,,,,,,,,,,,
11799.25,7.38E-05,,,,,,,,,,,,
11799.3,4.51E-05,,,,,,,,,,,,
11799.35,2.95E-05,,,,,,,,,,,,
11799.4,9.34E-05,,,,,,,,,,,,
11799.45,0.000150568,,,,,,,,,,,,
11799.5,0.000118932,,,,,,,,,,,,
11799.55,6.24E-05,,,,,,,,,,,,
11799.6,4.31E-05,,,,,,,,,,,,
11799.65,3.27E-05,,,,,,,,,,,,
11799.7,7.32E-06,,,,,,,,,,,,
11799.75,6.96E-06,,,,,,,,,,,,
11799.75,6.82E-05,,,,,,,,,,,,
11799.8,4.92E-05,,,,,,,,,,,,
11799.85,1.64E-05,,,,,,,,,,,,
11799.9,5.48E-05,,,,,,,,,,,,
11799.95,0.000116731,,,,,,,,,,,,
11800,0.000101141,,,,,,,,,,,,
11800.05,4.88E-05,,,,,,,,,,,,
11800.1,9.68E-05,,,,,,,,,,,,
11800.15,7.56E-05,,,,,,,,,,,,
11800.2,5.64E-05,,,,,,,,,,,,
11800.25,5.19E-05,,,,,,,,,,,,
11800.25,4.64E-05,,,,,,,,,,,,
11800.3,6.43E-05,,,,,,,,,,,,
11800.35,6.82E-05,,,,,,,,,,,,
11800.4,7.46E-05,,,,,,,,,,,,
11800.45,9.37E-05,,,,,,,,,,,,
11800.5,7.93E-05,,,,,,,,,,,,
11800.55,3.38E-05,,,,,,,,,,,,
11800.6,3.29E-05,,,,,,,,,,,,
11800.65,2.34E-05,,,,,,,,,,,,
11800.7,5.54E-06,,,,,,,,,,,,
11800.75,4.01E-05,,,,,,,,,,,,
11800.75,8.38E-05,,,,,,,,,,,,
11800.8,0.000100394,,,,,,,,,,,,
11800.85,8.02E-05,,,,,,,,,,,,
11800.9,2.60E-05,,,,,,,,,,,,
11800.95,6.41E-05,,,,,,,,,,,,
11801,5.54E-05,,,,,,,,,,,,
11801.05,3.32E-05,,,,,,,,,,,,
11801.1,0.000107971,,,,,,,,,,,,
11801.15,0.000132667,,,,,,,,,,,,
11801.2,7.92E-05,,,,,,,,,,,,
11801.25,4.34E-05,,,,,,,,,,,,
11801.25,0.00010287,,,,,,,,,,,,
11801.3,0.000102251,,,,,,,,,,,,
11801.35,0.000151681,,,,,,,,,,,,
11801.4,0.000169908,,,,,,,,,,,,
11801.45,0.000120144,,,,,,,,,,,,
11801.5,9.48E-05,,,,,,,,,,,,
11801.55,0.000117787,,,,,,,,,,,,
11801.6,0.000139577,,,,,,,,,,,,
11801.65,0.000163774,,,,,,,,,,,,
11801.7,0.000139036,,,,,,,,,,,,
11801.75,4.50E-05,,,,,,,,,,,,
11801.75,4.55E-05,,,,,,,,,,,,
11801.8,3.45E-05,,,,,,,,,,,,
11801.85,5.51E-05,,,,,,,,,,,,
11801.9,8.78E-05,,,,,,,,,,,,
11801.95,9.04E-05,,,,,,,,,,,,
11802,7.64E-05,,,,,,,,,,,,
11802.05,7.24E-05,,,,,,,,,,,,
11802.1,7.19E-05,,,,,,,,,,,,
11802.15,5.07E-05,,,,,,,,,,,,
11802.2,3.26E-05,,,,,,,,,,,,
11802.25,6.65E-05,,,,,,,,,,,,
11802.25,0.000123147,,,,,,,,,,,,
11802.3,0.000149024,,,,,,,,,,,,
11802.35,0.000145412,,,,,,,,,,,,
11802.4,0.000127784,,,,,,,,,,,,
11802.45,0.000101466,,,,,,,,,,,,
11802.5,7.66E-05,,,,,,,,,,,,
11802.55,5.81E-05,,,,,,,,,,,,
11802.6,4.51E-05,,,,,,,,,,,,
11802.65,4.95E-05,,,,,,,,,,,,
11802.7,1.95E-05,,,,,,,,,,,,
11802.75,9.53E-05,,,,,,,,,,,,
11802.75,9.55E-05,,,,,,,,,,,,
11802.8,0.000129309,,,,,,,,,,,,
11802.85,0.000158801,,,,,,,,,,,,
11802.9,0.0001168,,,,,,,,,,,,
11802.95,2.95E-05,,,,,,,,,,,,
11803,1.16E-05,,,,,,,,,,,,
11803.05,7.15E-05,,,,,,,,,,,,
11803.1,0.000123572,,,,,,,,,,,,
11803.15,0.000110362,,,,,,,,,,,,
11803.2,7.06E-05,,,,,,,,,,,,
11803.25,9.23E-05,,,,,,,,,,,,
11803.25,6.54E-05,,,,,,,,,,,,
11803.3,5.09E-05,,,,,,,,,,,,
11803.35,0.00010328,,,,,,,,,,,,
11803.4,0.000123146,,,,,,,,,,,,
11803.45,8.44E-05,,,,,,,,,,,,
11803.5,3.80E-05,,,,,,,,,,,,
11803.55,2.24E-05,,,,,,,,,,,,
11803.6,5.32E-05,,,,,,,,,,,,
11803.65,8.83E-05,,,,,,,,,,,,
11803.7,9.92E-05,,,,,,,,,,,,
11803.75,5.80E-05,,,,,,,,,,,,
11803.75,3.08E-05,,,,,,,,,,,,
11803.8,6.97E-05,,,,,,,,,,,,
11803.85,9.35E-05,,,,,,,,,,,,
11803.9,8.57E-05,,,,,,,,,,,,
11803.95,7.05E-05,,,,,,,,,,,,
11804,6.96E-05,,,,,,,,,,,,
11804.05,2.55E-05,,,,,,,,,,,,
11804.1,9.25E-05,,,,,,,,,,,,
11804.15,0.000163477,,,,,,,,,,,,
11804.2,0.000120343,,,,,,,,,,,,
11804.25,3.24E-05,,,,,,,,,,,,
11804.25,9.44E-05,,,,,,,,,,,,
11804.3,0.000115566,,,,,,,,,,,,
11804.35,0.000124314,,,,,,,,,,,,
11804.4,7.09E-05,,,,,,,,,,,,
11804.45,3.85E-05,,,,,,,,,,,,
11804.5,0.000111339,,,,,,,,,,,,
11804.55,0.000101616,,,,,,,,,,,,
11804.6,7.66E-05,,,,,,,,,,,,
11804.65,0.000102589,,,,,,,,,,,,
11804.7,0.000117215,,,,,,,,,,,,
11804.75,0.000112775,,,,,,,,,,,,
11804.75,7.76E-05,,,,,,,,,,,,
11804.8,2.72E-05,,,,,,,,,,,,
11804.85,3.31E-05,,,,,,,,,,,,
11804.9,5.70E-05,,,,,,,,,,,,
11804.95,6.84E-05,,,,,,,,,,,,
11805,8.28E-05,,,,,,,,,,,,
11805.05,6.33E-05,,,,,,,,,,,,
11805.1,3.22E-05,,,,,,,,,,,,
11805.15,0.000100377,,,,,,,,,,,,
11805.2,0.000157646,,,,,,,,,,,,
11805.25,0.000133783,,,,,,,,,,,,
11805.25,5.95E-05,,,,,,,,,,,,
11805.3,0.000105511,,,,,,,,,,,,
11805.35,6.30E-05,,,,,,,,,,,,
11805.4,2.78E-05,,,,,,,,,,,,
11805.45,7.92E-05,,,,,,,,,,,,
11805.5,7.85E-05,,,,,,,,,,,,
11805.55,0.000103979,,,,,,,,,,,,
11805.6,8.97E-05,,,,,,,,,,,,
11805.65,4.00E-05,,,,,,,,,,,,
11805.7,0.000111698,,,,,,,,,,,,
11805.75,0.000155056,,,,,,,,,,,,
11805.75,6.51E-05,,,,,,,,,,,,
11805.8,9.84E-05,,,,,,,,,,,,
11805.85,0.00013853,,,,,,,,,,,,
11805.9,0.000128891,,,,,,,,,,,,
11805.95,8.95E-05,,,,,,,,,,,,
11806,6.22E-05,,,,,,,,,,,,
11806.05,6.54E-05,,,,,,,,,,,,
11806.1,6.97E-05,,,,,,,,,,,,
11806.15,8.85E-05,,,,,,,,,,,,
11806.2,0.000118634,,,,,,,,,,,,
11806.25,9.26E-05,,,,,,,,,,,,
11806.25,9.23E-05,,,,,,,,,,,,
11806.3,6.33E-05,,,,,,,,,,,,
11806.35,9.33E-05,,,,,,,,,,,,
11806.4,0.000117457,,,,,,,,,,,,
11806.45,0.000103766,,,,,,,,,,,,
11806.5,0.000103972,,,,,,,,,,,,
11806.55,0.000102904,,,,,,,,,,,,
11806.6,0.000112649,,,,,,,,,,,,
11806.65,0.000138156,,,,,,,,,,,,
11806.7,0.000146315,,,,,,,,,,,,
11806.75,0.000108641,,,,,,,,,,,,
11806.75,8.54E-05,,,,,,,,,,,,
11806.8,4.03E-05,,,,,,,,,,,,
11806.85,4.82E-05,,,,,,,,,,,,
11806.9,5.60E-05,,,,,,,,,,,,
11806.95,3.41E-05,,,,,,,,,,,,
11807,3.67E-05,,,,,,,,,,,,
11807.05,0.000109348,,,,,,,,,,,,
11807.1,0.000136878,,,,,,,,,,,,
11807.15,9.26E-05,,,,,,,,,,,,
11807.2,2.18E-05,,,,,,,,,,,,
11807.25,3.86E-05,,,,,,,,,,,,
11807.25,0.000114359,,,,,,,,,,,,
11807.3,9.33E-05,,,,,,,,,,,,
11807.35,8.08E-05,,,,,,,,,,,,
11807.4,5.07E-05,,,,,,,,,,,,
11807.45,3.24E-05,,,,,,,,,,,,
11807.5,3.53E-05,,,,,,,,,,,,
11807.55,6.73E-05,,,,,,,,,,,,
11807.6,0.000132042,,,,,,,,,,,,
11807.65,0.000180658,,,,,,,,,,,,
11807.7,0.000169792,,,,,,,,,,,,
11807.75,0.00011209,,,,,,,,,,,,
11807.75,2.89E-05,,,,,,,,,,,,
11807.8,1.39E-05,,,,,,,,,,,,
11807.85,2.58E-05,,,,,,,,,,,,
11807.9,5.49E-05,,,,,,,,,,,,
11807.95,4.27E-05,,,,,,,,,,,,
11808,3.26E-05,,,,,,,,,,,,
11808.05,5.42E-05,,,,,,,,,,,,
11808.1,3.96E-05,,,,,,,,,,,,
11808.15,6.45E-05,,,,,,,,,,,,
11808.2,8.63E-05,,,,,,,,,,,,
11808.25,4.58E-05,,,,,,,,,,,,
11808.25,1.74E-05,,,,,,,,,,,,
11808.3,6.76E-05,,,,,,,,,,,,
11808.35,6.65E-05,,,,,,,,,,,,
11808.4,3.13E-05,,,,,,,,,,,,
11808.45,2.48E-05,,,,,,,,,,,,
11808.5,3.99E-05,,,,,,,,,,,,
11808.55,5.59E-05,,,,,,,,,,,,
11808.6,6.90E-05,,,,,,,,,,,,
11808.65,7.04E-05,,,,,,,,,,,,
11808.7,6.69E-05,,,,,,,,,,,,
11808.75,5.38E-05,,,,,,,,,,,,
11808.75,0.000120511,,,,,,,,,,,,
11808.8,0.000133989,,,,,,,,,,,,
11808.85,0.000134776,,,,,,,,,,,,
11808.9,0.000108874,,,,,,,,,,,,
11808.95,0.000106657,,,,,,,,,,,,
11809,0.000118656,,,,,,,,,,,,
11809.05,0.000110353,,,,,,,,,,,,
11809.1,9.54E-05,,,,,,,,,,,,
11809.15,0.000173452,,,,,,,,,,,,
11809.2,0.000223626,,,,,,,,,,,,
11809.25,0.000169496,,,,,,,,,,,,
11809.25,4.61E-05,,,,,,,,,,,,
11809.3,2.18E-05,,,,,,,,,,,,
11809.35,3.09E-05,,,,,,,,,,,,
11809.4,2.33E-05,,,,,,,,,,,,
11809.45,3.22E-05,,,,,,,,,,,,
11809.5,5.52E-05,,,,,,,,,,,,
11809.55,7.69E-05,,,,,,,,,,,,
11809.6,8.78E-05,,,,,,,,,,,,
11809.65,7.03E-05,,,,,,,,,,,,
11809.7,3.31E-05,,,,,,,,,,,,
11809.75,3.36E-05,,,,,,,,,,,,
11809.75,4.77E-05,,,,,,,,,,,,
11809.8,0.000106612,,,,,,,,,,,,
11809.85,0.000127035,,,,,,,,,,,,
11809.9,8.39E-05,,,,,,,,,,,,
11809.95,7.99E-05,,,,,,,,,,,,
11810,0.000102439,,,,,,,,,,,,
11810.05,6.82E-05,,,,,,,,,,,,
11810.1,7.06E-05,,,,,,,,,,,,
11810.15,8.69E-05,,,,,,,,,,,,
11810.2,8.67E-05,,,,,,,,,,,,
11810.25,6.93E-05,,,,,,,,,,,,
11810.25,5.68E-05,,,,,,,,,,,,
11810.3,5.33E-05,,,,,,,,,,,,
11810.35,3.71E-05,,,,,,,,,,,,
11810.4,0.000135026,,,,,,,,,,,,
11810.45,0.000152624,,,,,,,,,,,,
11810.5,8.56E-05,,,,,,,,,,,,
11810.55,2.86E-05,,,,,,,,,,,,
11810.6,2.71E-05,,,,,,,,,,,,
11810.65,2.63E-05,,,,,,,,,,,,
11810.7,2.84E-05,,,,,,,,,,,,
11810.75,1.58E-05,,,,,,,,,,,,
11810.75,0.000137588,,,,,,,,,,,,
11810.8,5.05E-05,,,,,,,,,,,,
11810.85,6.92E-05,,,,,,,,,,,,
11810.9,0.000125302,,,,,,,,,,,,
11810.95,0.000127608,,,,,,,,,,,,
11811,0.000133766,,,,,,,,,,,,
11811.05,0.000125197,,,,,,,,,,,,
11811.1,6.69E-05,,,,,,,,,,,,
11811.15,0.000136924,,,,,,,,,,,,
11811.2,0.000182298,,,,,,,,,,,,
11811.25,0.000198011,,,,,,,,,,,,
11811.25,1.66E-05,,,,,,,,,,,,
11811.3,3.09E-05,,,,,,,,,,,,
11811.35,4.94E-05,,,,,,,,,,,,
11811.4,7.48E-05,,,,,,,,,,,,
11811.45,7.32E-05,,,,,,,,,,,,
11811.5,4.61E-05,,,,,,,,,,,,
11811.55,7.34E-05,,,,,,,,,,,,
11811.6,0.000116653,,,,,,,,,,,,
11811.65,8.71E-05,,,,,,,,,,,,
11811.7,2.01E-05,,,,,,,,,,,,
11811.75,8.64E-05,,,,,,,,,,,,
11811.75,6.04E-05,,,,,,,,,,,,
11811.8,6.68E-05,,,,,,,,,,,,
11811.85,2.61E-05,,,,,,,,,,,,
11811.9,0.0001195,,,,,,,,,,,,
11811.95,0.000138449,,,,,,,,,,,,
11812,0.00011909,,,,,,,,,,,,
11812.05,0.00013981,,,,,,,,,,,,
11812.1,0.000189476,,,,,,,,,,,,
11812.15,0.000173819,,,,,,,,,,,,
11812.2,7.46E-05,,,,,,,,,,,,
11812.25,5.74E-05,,,,,,,,,,,,
11812.25,5.58E-05,,,,,,,,,,,,
11812.3,2.36E-05,,,,,,,,,,,,
11812.35,3.96E-05,,,,,,,,,,,,
11812.4,7.22E-05,,,,,,,,,,,,
11812.45,7.53E-05,,,,,,,,,,,,
11812.5,7.67E-05,,,,,,,,,,,,
11812.55,8.51E-05,,,,,,,,,,,,
11812.6,7.71E-05,,,,,,,,,,,,
11812.65,5.98E-05,,,,,,,,,,,,
11812.7,5.34E-05,,,,,,,,,,,,
11812.75,6.74E-05,,,,,,,,,,,,
11812.75,9.22E-05,,,,,,,,,,,,
11812.8,7.37E-05,,,,,,,,,,,,
11812.85,2.53E-05,,,,,,,,,,,,
11812.9,3.35E-05,,,,,,,,,,,,
11812.95,5.63E-05,,,,,,,,,,,,
11813,8.17E-05,,,,,,,,,,,,
11813.05,7.05E-05,,,,,,,,,,,,
11813.1,2.85E-05,,,,,,,,,,,,
11813.15,5.98E-06,,,,,,,,,,,,
11813.2,6.31E-05,,,,,,,,,,,,
11813.25,0.000114972,,,,,,,,,,,,
11813.25,5.00E-05,,,,,,,,,,,,
11813.3,5.61E-05,,,,,,,,,,,,
11813.35,6.75E-05,,,,,,,,,,,,
11813.4,9.61E-05,,,,,,,,,,,,
11813.45,0.000121982,,,,,,,,,,,,
11813.5,0.000139165,,,,,,,,,,,,
11813.55,0.000156215,,,,,,,,,,,,
11813.6,0.000165485,,,,,,,,,,,,
11813.65,0.000142102,,,,,,,,,,,,
11813.7,7.54E-05,,,,,,,,,,,,
11813.75,1.52E-05,,,,,,,,,,,,
11813.75,9.82E-05,,,,,,,,,,,,
11813.8,7.36E-05,,,,,,,,,,,,
11813.85,8.04E-05,,,,,,,,,,,,
11813.9,9.64E-05,,,,,,,,,,,,
11813.95,0.000100337,,,,,,,,,,,,
11814,8.69E-05,,,,,,,,,,,,
11814.05,4.79E-05,,,,,,,,,,,,
11814.1,4.07E-05,,,,,,,,,,,,
11814.15,6.71E-05,,,,,,,,,,,,
11814.2,7.91E-05,,,,,,,,,,,,
11814.25,4.82E-05,,,,,,,,,,,,
11814.25,5.12E-05,,,,,,,,,,,,
11814.3,8.64E-05,,,,,,,,,,,,
11814.35,0.000122789,,,,,,,,,,,,
11814.4,0.000163659,,,,,,,,,,,,
11814.45,0.000126792,,,,,,,,,,,,
11814.5,7.12E-05,,,,,,,,,,,,
11814.55,4.88E-05,,,,,,,,,,,,
11814.6,8.88E-05,,,,,,,,,,,,
11814.65,8.25E-05,,,,,,,,,,,,
11814.7,5.35E-05,,,,,,,,,,,,
11814.75,3.02E-05,,,,,,,,,,,,
11814.75,3.54E-05,,,,,,,,,,,,
11814.8,8.05E-05,,,,,,,,,,,,
11814.85,5.08E-05,,,,,,,,,,,,
11814.9,2.97E-05,,,,,,,,,,,,
11814.95,5.86E-05,,,,,,,,,,,,
11815,4.44E-05,,,,,,,,,,,,
11815.05,5.33E-05,,,,,,,,,,,,
11815.1,6.26E-05,,,,,,,,,,,,
11815.15,8.55E-05,,,,,,,,,,,,
11815.2,0.000131475,,,,,,,,,,,,
11815.25,0.000176855,,,,,,,,,,,,
11815.25,0.000111671,,,,,,,,,,,,
11815.3,9.62E-05,,,,,,,,,,,,
11815.35,3.80E-05,,,,,,,,,,,,
11815.4,2.93E-05,,,,,,,,,,,,
11815.45,5.89E-05,,,,,,,,,,,,
11815.5,3.02E-05,,,,,,,,,,,,
11815.55,2.17E-05,,,,,,,,,,,,
11815.6,3.28E-05,,,,,,,,,,,,
11815.65,9.95E-06,,,,,,,,,,,,
11815.7,4.75E-05,,,,,,,,,,,,
11815.75,3.33E-05,,,,,,,,,,,,
11815.75,6.99E-05,,,,,,,,,,,,
11815.8,4.78E-05,,,,,,,,,,,,
11815.85,2.55E-05,,,,,,,,,,,,
11815.9,5.79E-05,,,,,,,,,,,,
11815.95,5.43E-05,,,,,,,,,,,,
11816,8.19E-05,,,,,,,,,,,,
11816.05,6.29E-05,,,,,,,,,,,,
11816.1,4.47E-05,,,,,,,,,,,,
11816.15,0.000111318,,,,,,,,,,,,
11816.2,0.000107012,,,,,,,,,,,,
11816.25,0.000158582,,,,,,,,,,,,
11816.25,9.70E-05,,,,,,,,,,,,
11816.3,0.000119691,,,,,,,,,,,,
11816.35,9.37E-05,,,,,,,,,,,,
11816.4,6.50E-05,,,,,,,,,,,,
11816.45,8.94E-05,,,,,,,,,,,,
11816.5,6.75E-05,,,,,,,,,,,,
11816.55,2.55E-05,,,,,,,,,,,,
11816.6,8.15E-05,,,,,,,,,,,,
11816.65,7.86E-05,,,,,,,,,,,,
11816.7,6.89E-05,,,,,,,,,,,,
11816.75,8.70E-05,,,,,,,,,,,,
11816.75,7.76E-05,,,,,,,,,,,,
11816.8,6.29E-05,,,,,,,,,,,,
11816.85,1.74E-05,,,,,,,,,,,,
11816.9,5.08E-05,,,,,,,,,,,,
11816.95,8.19E-05,,,,,,,,,,,,
11817,6.92E-05,,,,,,,,,,,,
11817.05,4.30E-05,,,,,,,,,,,,
11817.1,3.67E-05,,,,,,,,,,,,
11817.15,4.73E-05,,,,,,,,,,,,
11817.2,4.81E-05,,,,,,,,,,,,
11817.25,4.12E-05,,,,,,,,,,,,
11817.25,5.61E-05,,,,,,,,,,,,
11817.3,9.64E-05,,,,,,,,,,,,
11817.35,0.000122885,,,,,,,,,,,,
11817.4,0.000111634,,,,,,,,,,,,
11817.45,7.92E-05,,,,,,,,,,,,
11817.5,6.87E-05,,,,,,,,,,,,
11817.55,5.49E-05,,,,,,,,,,,,
11817.6,6.54E-05,,,,,,,,,,,,
11817.65,1.93E-05,,,,,,,,,,,,
11817.7,4.90E-05,,,,,,,,,,,,
11817.75,5.72E-05,,,,,,,,,,,,
11817.75,2.70E-05,,,,,,,,,,,,
11817.8,0.000130613,,,,,,,,,,,,
11817.85,0.000229247,,,,,,,,,,,,
11817.9,0.000227339,,,,,,,,,,,,
11817.95,0.000141157,,,,,,,,,,,,
11818,8.52E-05,,,,,,,,,,,,
11818.05,5.40E-05,,,,,,,,,,,,
11818.1,7.24E-05,,,,,,,,,,,,
11818.15,8.48E-05,,,,,,,,,,,,
11818.2,4.30E-05,,,,,,,,,,,,
11818.25,4.95E-05,,,,,,,,,,,,
11818.25,3.80E-05,,,,,,,,,,,,
11818.3,6.22E-06,,,,,,,,,,,,
11818.35,2.78E-05,,,,,,,,,,,,
11818.4,3.09E-05,,,,,,,,,,,,
11818.45,1.92E-05,,,,,,,,,,,,
11818.5,1.29E-05,,,,,,,,,,,,
11818.55,3.39E-05,,,,,,,,,,,,
11818.6,6.33E-05,,,,,,,,,,,,
11818.65,4.95E-05,,,,,,,,,,,,
11818.7,2.57E-05,,,,,,,,,,,,
11818.75,0.000115931,,,,,,,,,,,,
11818.75,7.22E-05,,,,,,,,,,,,
11818.8,6.34E-05,,,,,,,,,,,,
11818.85,5.53E-05,,,,,,,,,,,,
11818.9,6.52E-05,,,,,,,,,,,,
11818.95,7.18E-05,,,,,,,,,,,,
11819,4.36E-05,,,,,,,,,,,,
11819.05,8.16E-06,,,,,,,,,,,,
11819.1,2.84E-05,,,,,,,,,,,,
11819.15,7.29E-05,,,,,,,,,,,,
11819.2,8.30E-05,,,,,,,,,,,,
11819.25,6.31E-05,,,,,,,,,,,,
11819.25,5.09E-05,,,,,,,,,,,,
11819.3,1.51E-05,,,,,,,,,,,,
11819.35,6.93E-05,,,,,,,,,,,,
11819.4,0.000104801,,,,,,,,,,,,
11819.45,0.000105777,,,,,,,,,,,,
11819.5,6.39E-05,,,,,,,,,,,,
11819.55,8.05E-05,,,,,,,,,,,,
11819.6,0.000113369,,,,,,,,,,,,
11819.65,8.29E-05,,,,,,,,,,,,
11819.7,3.69E-05,,,,,,,,,,,,
11819.75,3.52E-05,,,,,,,,,,,,
11819.75,6.46E-05,,,,,,,,,,,,
11819.8,6.45E-05,,,,,,,,,,,,
11819.85,7.82E-05,,,,,,,,,,,,
11819.9,9.82E-05,,,,,,,,,,,,
11819.95,0.000108785,,,,,,,,,,,,
11820,9.78E-05,,,,,,,,,,,,
11820.05,7.80E-05,,,,,,,,,,,,
11820.1,9.32E-05,,,,,,,,,,,,
11820.15,0.000122614,,,,,,,,,,,,
11820.2,0.000110865,,,,,,,,,,,,
11820.25,9.87E-05,,,,,,,,,,,,
11820.25,6.64E-05,,,,,,,,,,,,
11820.3,0.000126992,,,,,,,,,,,,
11820.35,0.000121111,,,,,,,,,,,,
11820.4,4.68E-05,,,,,,,,,,,,
11820.45,3.71E-05,,,,,,,,,,,,
11820.5,7.76E-05,,,,,,,,,,,,
11820.55,6.62E-05,,,,,,,,,,,,
11820.6,3.76E-05,,,,,,,,,,,,
11820.65,2.66E-05,,,,,,,,,,,,
11820.7,1.54E-05,,,,,,,,,,,,
11820.75,7.00E-05,,,,,,,,,,,,
11820.75,8.81E-05,,,,,,,,,,,,
11820.8,0.000119452,,,,,,,,,,,,
11820.85,0.00010007,,,,,,,,,,,,
11820.9,7.01E-05,,,,,,,,,,,,
11820.95,9.73E-05,,,,,,,,,,,,
11821,0.000129027,,,,,,,,,,,,
11821.05,0.00013081,,,,,,,,,,,,
11821.1,9.91E-05,,,,,,,,,,,,
11821.15,8.12E-05,,,,,,,,,,,,
11821.2,6.47E-05,,,,,,,,,,,,
11821.25,3.73E-05,,,,,,,,,,,,
11821.25,0.000156097,,,,,,,,,,,,
11821.3,0.000181626,,,,,,,,,,,,
11821.35,0.000189591,,,,,,,,,,,,
11821.4,0.000166751,,,,,,,,,,,,
11821.45,6.72E-05,,,,,,,,,,,,
11821.5,6.25E-05,,,,,,,,,,,,
11821.55,0.000112549,,,,,,,,,,,,
11821.6,0.000140825,,,,,,,,,,,,
11821.65,0.000114099,,,,,,,,,,,,
11821.7,5.65E-05,,,,,,,,,,,,
11821.75,5.03E-06,,,,,,,,,,,,
11821.75,7.51E-05,,,,,,,,,,,,
11821.8,4.37E-05,,,,,,,,,,,,
11821.85,4.22E-05,,,,,,,,,,,,
11821.9,6.03E-05,,,,,,,,,,,,
11821.95,7.25E-05,,,,,,,,,,,,
11822,9.25E-05,,,,,,,,,,,,
11822.05,0.000105,,,,,,,,,,,,
11822.1,9.45E-05,,,,,,,,,,,,
11822.15,0.000101419,,,,,,,,,,,,
11822.2,0.000118378,,,,,,,,,,,,
11822.25,0.000109356,,,,,,,,,,,,
11822.25,3.16E-05,,,,,,,,,,,,
11822.3,5.22E-05,,,,,,,,,,,,
11822.35,8.31E-05,,,,,,,,,,,,
11822.4,3.21E-05,,,,,,,,,,,,
11822.45,4.86E-05,,,,,,,,,,,,
11822.5,6.85E-05,,,,,,,,,,,,
11822.55,2.35E-05,,,,,,,,,,,,
11822.6,3.87E-05,,,,,,,,,,,,
11822.65,5.07E-05,,,,,,,,,,,,
11822.7,0.000108796,,,,,,,,,,,,
11822.75,0.000102288,,,,,,,,,,,,
11822.75,4.11E-05,,,,,,,,,,,,
11822.8,2.98E-05,,,,,,,,,,,,
11822.85,4.93E-05,,,,,,,,,,,,
11822.9,6.97E-05,,,,,,,,,,,,
11822.95,8.83E-05,,,,,,,,,,,,
11823,7.03E-05,,,,,,,,,,,,
11823.05,2.44E-05,,,,,,,,,,,,
11823.1,6.94E-05,,,,,,,,,,,,
11823.15,8.92E-05,,,,,,,,,,,,
11823.2,5.58E-05,,,,,,,,,,,,
11823.25,6.07E-05,,,,,,,,,,,,
11823.25,6.59E-05,,,,,,,,,,,,
11823.3,8.04E-05,,,,,,,,,,,,
11823.35,3.08E-05,,,,,,,,,,,,
11823.4,7.53E-06,,,,,,,,,,,,
11823.45,4.57E-05,,,,,,,,,,,,
11823.5,9.78E-05,,,,,,,,,,,,
11823.55,9.45E-05,,,,,,,,,,,,
11823.6,4.62E-05,,,,,,,,,,,,
11823.65,3.68E-05,,,,,,,,,,,,
11823.7,8.03E-05,,,,,,,,,,,,
11823.75,0.000103802,,,,,,,,,,,,
11823.75,0.000105608,,,,,,,,,,,,
11823.8,7.56E-05,,,,,,,,,,,,
11823.85,0.000109959,,,,,,,,,,,,
11823.9,0.000111606,,,,,,,,,,,,
11823.95,8.28E-05,,,,,,,,,,,,
11824,8.44E-05,,,,,,,,,,,,
11824.05,7.23E-05,,,,,,,,,,,,
11824.1,8.15E-05,,,,,,,,,,,,
11824.15,0.000123713,,,,,,,,,,,,
11824.2,8.04E-05,,,,,,,,,,,,
11824.25,3.37E-05,,,,,,,,,,,,
11824.25,6.18E-05,,,,,,,,,,,,
11824.3,3.85E-05,,,,,,,,,,,,
11824.35,0.000237378,,,,,,,,,,,,
11824.4,0.001280991,,,,,,,,,,,,
11824.45,0.002801092,,,,,,,,,,,,
11824.5,0.003111477,,,,,,,,,,,,
11824.55,0.001758609,,,,,,,,,,,,
11824.6,0.000363975,,,,,,,,,,,,
11824.65,5.68E-05,,,,,,,,,,,,
11824.7,0.000101866,,,,,,,,,,,,
11824.75,8.32E-05,,,,,,,,,,,,
11824.75,0.000123147,,,,,,,,,,,,
11824.8,8.91E-05,,,,,,,,,,,,
11824.85,2.93E-05,,,,,,,,,,,,
11824.9,2.51E-05,,,,,,,,,,,,
11824.95,6.80E-05,,,,,,,,,,,,
11825,0.000105625,,,,,,,,,,,,
11825.05,8.81E-05,,,,,,,,,,,,
11825.1,3.39E-05,,,,,,,,,,,,
11825.15,3.06E-05,,,,,,,,,,,,
11825.2,4.00E-05,,,,,,,,,,,,
11825.25,6.50E-05,,,,,,,,,,,,
11825.25,1.07E-05,,,,,,,,,,,,
11825.3,5.47E-05,,,,,,,,,,,,
11825.35,6.94E-05,,,,,,,,,,,,
11825.4,6.28E-05,,,,,,,,,,,,
11825.45,6.82E-05,,,,,,,,,,,,
11825.5,7.42E-05,,,,,,,,,,,,
11825.55,8.57E-05,,,,,,,,,,,,
11825.6,0.00011202,,,,,,,,,,,,
11825.65,0.000162483,,,,,,,,,,,,
11825.7,0.000187831,,,,,,,,,,,,
11825.75,0.000177252,,,,,,,,,,,,
11825.75,6.12E-05,,,,,,,,,,,,
11825.8,7.05E-05,,,,,,,,,,,,
11825.85,5.09E-05,,,,,,,,,,,,
11825.9,1.40E-05,,,,,,,,,,,,
11825.95,8.30E-05,,,,,,,,,,,,
11826,9.68E-05,,,,,,,,,,,,
11826.05,5.70E-05,,,,,,,,,,,,
11826.1,5.42E-06,,,,,,,,,,,,
11826.15,6.42E-05,,,,,,,,,,,,
11826.2,0.000108215,,,,,,,,,,,,
11826.25,9.61E-05,,,,,,,,,,,,
11826.25,4.94E-05,,,,,,,,,,,,
11826.3,8.21E-05,,,,,,,,,,,,
11826.35,7.27E-05,,,,,,,,,,,,
11826.4,5.81E-05,,,,,,,,,,,,
11826.45,5.34E-05,,,,,,,,,,,,
11826.5,4.70E-05,,,,,,,,,,,,
11826.55,9.30E-05,,,,,,,,,,,,
11826.6,0.000106188,,,,,,,,,,,,
11826.65,7.48E-05,,,,,,,,,,,,
11826.7,2.90E-05,,,,,,,,,,,,
11826.75,1.47E-05,,,,,,,,,,,,
11826.75,3.25E-05,,,,,,,,,,,,
11826.8,2.68E-05,,,,,,,,,,,,
11826.85,2.53E-05,,,,,,,,,,,,
11826.9,2.01E-05,,,,,,,,,,,,
11826.95,3.05E-05,,,,,,,,,,,,
11827,2.93E-05,,,,,,,,,,,,
11827.05,2.78E-05,,,,,,,,,,,,
11827.1,1.64E-05,,,,,,,,,,,,
11827.15,4.17E-05,,,,,,,,,,,,
11827.2,0.00012591,,,,,,,,,,,,
11827.25,0.000177278,,,,,,,,,,,,
11827.25,6.56E-05,,,,,,,,,,,,
11827.3,5.39E-05,,,,,,,,,,,,
11827.35,3.96E-05,,,,,,,,,,,,
11827.4,4.93E-05,,,,,,,,,,,,
11827.45,6.06E-05,,,,,,,,,,,,
11827.5,3.70E-05,,,,,,,,,,,,
11827.55,2.89E-06,,,,,,,,,,,,
11827.6,2.47E-05,,,,,,,,,,,,
11827.65,1.81E-05,,,,,,,,,,,,
11827.7,1.28E-05,,,,,,,,,,,,
11827.75,1.87E-05,,,,,,,,,,,,
11827.75,5.67E-05,,,,,,,,,,,,
11827.8,2.74E-05,,,,,,,,,,,,
11827.85,1.23E-05,,,,,,,,,,,,
11827.9,7.10E-05,,,,,,,,,,,,
11827.95,0.000120322,,,,,,,,,,,,
11828,9.23E-05,,,,,,,,,,,,
11828.05,3.97E-05,,,,,,,,,,,,
11828.1,6.19E-05,,,,,,,,,,,,
11828.15,6.53E-05,,,,,,,,,,,,
11828.2,3.33E-05,,,,,,,,,,,,
11828.25,5.23E-05,,,,,,,,,,,,
11828.25,3.15E-05,,,,,,,,,,,,
11828.3,3.71E-05,,,,,,,,,,,,
11828.35,7.74E-05,,,,,,,,,,,,
11828.4,7.38E-05,,,,,,,,,,,,
11828.45,2.28E-05,,,,,,,,,,,,
11828.5,2.99E-05,,,,,,,,,,,,
11828.55,5.62E-05,,,,,,,,,,,,
11828.6,8.31E-05,,,,,,,,,,,,
11828.65,0.000111505,,,,,,,,,,,,
11828.7,0.000118551,,,,,,,,,,,,
11828.75,0.000116833,,,,,,,,,,,,
11828.75,2.77E-05,,,,,,,,,,,,
11828.8,6.20E-05,,,,,,,,,,,,
11828.85,7.29E-05,,,,,,,,,,,,
11828.9,7.47E-05,,,,,,,,,,,,
11828.95,4.28E-05,,,,,,,,,,,,
11829,2.44E-05,,,,,,,,,,,,
11829.05,4.27E-05,,,,,,,,,,,,
11829.1,2.03E-05,,,,,,,,,,,,
11829.15,2.32E-05,,,,,,,,,,,,
11829.2,3.03E-05,,,,,,,,,,,,
11829.25,7.90E-06,,,,,,,,,,,,
11829.25,9.08E-06,,,,,,,,,,,,
11829.3,5.38E-05,,,,,,,,,,,,
11829.35,5.40E-05,,,,,,,,,,,,
11829.4,7.24E-05,,,,,,,,,,,,
11829.45,9.73E-05,,,,,,,,,,,,
11829.5,0.000110815,,,,,,,,,,,,
11829.55,0.000166839,,,,,,,,,,,,
11829.6,0.000154622,,,,,,,,,,,,
11829.65,8.49E-05,,,,,,,,,,,,
11829.7,3.35E-05,,,,,,,,,,,,
11829.75,1.71E-05,,,,,,,,,,,,
11829.75,0.000118841,,,,,,,,,,,,
11829.8,9.18E-05,,,,,,,,,,,,
11829.85,7.07E-05,,,,,,,,,,,,
11829.9,5.11E-05,,,,,,,,,,,,
11829.95,6.01E-05,,,,,,,,,,,,
11830,0.000125398,,,,,,,,,,,,
11830.05,0.000127149,,,,,,,,,,,,
11830.1,6.61E-05,,,,,,,,,,,,
11830.15,4.51E-05,,,,,,,,,,,,
11830.2,3.70E-05,,,,,,,,,,,,
11830.25,4.32E-05,,,,,,,,,,,,
11830.25,3.24E-05,,,,,,,,,,,,
11830.3,3.93E-05,,,,,,,,,,,,
11830.35,7.68E-05,,,,,,,,,,,,
11830.4,8.04E-05,,,,,,,,,,,,
11830.45,5.13E-05,,,,,,,,,,,,
11830.5,1.37E-05,,,,,,,,,,,,
11830.55,1.73E-05,,,,,,,,,,,,
11830.6,2.67E-05,,,,,,,,,,,,
11830.65,3.16E-05,,,,,,,,,,,,
11830.7,2.26E-05,,,,,,,,,,,,
11830.75,1.08E-05,,,,,,,,,,,,
11830.75,2.70E-05,,,,,,,,,,,,
11830.8,5.06E-05,,,,,,,,,,,,
11830.85,8.03E-05,,,,,,,,,,,,
11830.9,0.000116133,,,,,,,,,,,,
11830.95,0.000116099,,,,,,,,,,,,
11831,6.61E-05,,,,,,,,,,,,
11831.05,1.89E-05,,,,,,,,,,,,
11831.1,2.92E-05,,,,,,,,,,,,
11831.15,3.01E-05,,,,,,,,,,,,
11831.2,1.30E-05,,,,,,,,,,,,
11831.25,7.81E-05,,,,,,,,,,,,
11831.25,0.000101933,,,,,,,,,,,,
11831.3,0.0001489,,,,,,,,,,,,
11831.35,0.000107756,,,,,,,,,,,,
11831.4,3.72E-05,,,,,,,,,,,,
11831.45,4.11E-05,,,,,,,,,,,,
11831.5,6.35E-05,,,,,,,,,,,,
11831.55,6.60E-05,,,,,,,,,,,,
11831.6,2.68E-05,,,,,,,,,,,,
11831.65,4.21E-05,,,,,,,,,,,,
11831.7,8.62E-05,,,,,,,,,,,,
11831.75,8.86E-05,,,,,,,,,,,,
11831.75,3.12E-05,,,,,,,,,,,,
11831.8,6.23E-05,,,,,,,,,,,,
11831.85,0.000112375,,,,,,,,,,,,
11831.9,0.000116756,,,,,,,,,,,,
11831.95,7.90E-05,,,,,,,,,,,,
11832,2.04E-05,,,,,,,,,,,,
11832.05,3.67E-05,,,,,,,,,,,,
11832.1,3.03E-05,,,,,,,,,,,,
11832.15,2.82E-05,,,,,,,,,,,,
11832.2,6.72E-05,,,,,,,,,,,,
11832.25,6.17E-05,,,,,,,,,,,,
11832.25,4.00E-05,,,,,,,,,,,,
11832.3,2.04E-05,,,,,,,,,,,,
11832.35,3.77E-05,,,,,,,,,,,,
11832.4,4.18E-05,,,,,,,,,,,,
11832.45,4.73E-05,,,,,,,,,,,,
11832.5,4.57E-05,,,,,,,,,,,,
11832.55,3.53E-05,,,,,,,,,,,,
11832.6,3.50E-05,,,,,,,,,,,,
11832.65,2.96E-05,,,,,,,,,,,,
11832.7,2.08E-05,,,,,,,,,,,,
11832.75,3.11E-05,,,,,,,,,,,,
11832.75,3.54E-05,,,,,,,,,,,,
11832.8,3.50E-05,,,,,,,,,,,,
11832.85,7.94E-05,,,,,,,,,,,,
11832.9,7.42E-05,,,,,,,,,,,,
11832.95,2.62E-05,,,,,,,,,,,,
11833,2.97E-05,,,,,,,,,,,,
11833.05,4.14E-05,,,,,,,,,,,,
11833.1,4.56E-05,,,,,,,,,,,,
11833.15,4.40E-05,,,,,,,,,,,,
11833.2,2.78E-05,,,,,,,,,,,,
11833.25,3.71E-05,,,,,,,,,,,,
11833.25,2.38E-05,,,,,,,,,,,,
11833.3,2.97E-05,,,,,,,,,,,,
11833.35,6.48E-05,,,,,,,,,,,,
11833.4,8.66E-05,,,,,,,,,,,,
11833.45,7.99E-05,,,,,,,,,,,,
11833.5,6.83E-05,,,,,,,,,,,,
11833.55,6.90E-05,,,,,,,,,,,,
11833.6,5.85E-05,,,,,,,,,,,,
11833.65,4.98E-05,,,,,,,,,,,,
11833.7,4.78E-05,,,,,,,,,,,,
11833.75,2.88E-05,,,,,,,,,,,,
11833.75,8.10E-05,,,,,,,,,,,,
11833.8,0.000114148,,,,,,,,,,,,
11833.85,0.000101667,,,,,,,,,,,,
11833.9,4.63E-05,,,,,,,,,,,,
11833.95,3.26E-05,,,,,,,,,,,,
11834,3.36E-05,,,,,,,,,,,,
11834.05,1.57E-05,,,,,,,,,,,,
11834.1,2.38E-05,,,,,,,,,,,,
11834.15,2.59E-05,,,,,,,,,,,,
11834.2,7.93E-06,,,,,,,,,,,,
11834.25,2.65E-05,,,,,,,,,,,,
11834.25,4.48E-05,,,,,,,,,,,,
11834.3,5.03E-05,,,,,,,,,,,,
11834.35,5.82E-05,,,,,,,,,,,,
11834.4,5.71E-05,,,,,,,,,,,,
11834.45,3.11E-05,,,,,,,,,,,,
11834.5,4.17E-05,,,,,,,,,,,,
11834.55,6.34E-05,,,,,,,,,,,,
11834.6,4.00E-05,,,,,,,,,,,,
11834.65,2.38E-05,,,,,,,,,,,,
11834.7,3.06E-05,,,,,,,,,,,,
11834.75,3.69E-05,,,,,,,,,,,,
11834.75,0.000123671,,,,,,,,,,,,
11834.8,6.37E-05,,,,,,,,,,,,
11834.85,2.11E-05,,,,,,,,,,,,
11834.9,2.66E-05,,,,,,,,,,,,
11834.95,3.51E-05,,,,,,,,,,,,
11835,4.84E-05,,,,,,,,,,,,
11835.05,3.24E-05,,,,,,,,,,,,
11835.1,1.43E-05,,,,,,,,,,,,
11835.15,2.61E-05,,,,,,,,,,,,
11835.2,3.97E-05,,,,,,,,,,,,
11835.25,3.84E-05,,,,,,,,,,,,
11835.25,4.99E-05,,,,,,,,,,,,
11835.3,3.44E-05,,,,,,,,,,,,
11835.35,2.61E-05,,,,,,,,,,,,
11835.4,4.36E-05,,,,,,,,,,,,
11835.45,6.90E-05,,,,,,,,,,,,
11835.5,7.81E-05,,,,,,,,,,,,
11835.55,5.19E-05,,,,,,,,,,,,
11835.6,2.80E-05,,,,,,,,,,,,
11835.65,4.85E-05,,,,,,,,,,,,
11835.7,4.77E-05,,,,,,,,,,,,
11835.75,3.78E-05,,,,,,,,,,,,
11835.75,5.73E-05,,,,,,,,,,,,
11835.8,4.88E-05,,,,,,,,,,,,
11835.85,3.89E-05,,,,,,,,,,,,
11835.9,5.13E-05,,,,,,,,,,,,
11835.95,3.67E-05,,,,,,,,,,,,
11836,1.62E-05,,,,,,,,,,,,
11836.05,3.27E-05,,,,,,,,,,,,
11836.1,4.46E-05,,,,,,,,,,,,
11836.15,4.65E-05,,,,,,,,,,,,
11836.2,4.83E-05,,,,,,,,,,,,
11836.25,6.29E-05,,,,,,,,,,,,
11836.25,2.64E-05,,,,,,,,,,,,
11836.3,3.24E-05,,,,,,,,,,,,
11836.35,1.23E-05,,,,,,,,,,,,
11836.4,3.81E-05,,,,,,,,,,,,
11836.45,6.81E-05,,,,,,,,,,,,
11836.5,5.73E-05,,,,,,,,,,,,
11836.55,5.62E-05,,,,,,,,,,,,
11836.6,6.41E-05,,,,,,,,,,,,
11836.65,4.31E-05,,,,,,,,,,,,
11836.7,2.64E-05,,,,,,,,,,,,
11836.75,2.48E-05,,,,,,,,,,,,
11836.75,2.42E-05,,,,,,,,,,,,
11836.8,1.66E-05,,,,,,,,,,,,
11836.85,1.54E-05,,,,,,,,,,,,
11836.9,2.26E-05,,,,,,,,,,,,
11836.95,4.32E-05,,,,,,,,,,,,
11837,7.27E-05,,,,,,,,,,,,
11837.05,8.53E-05,,,,,,,,,,,,
11837.1,8.41E-05,,,,,,,,,,,,
11837.15,8.91E-05,,,,,,,,,,,,
11837.2,7.98E-05,,,,,,,,,,,,
11837.25,3.56E-05,,,,,,,,,,,,
11837.25,4.53E-05,,,,,,,,,,,,
11837.3,4.26E-05,,,,,,,,,,,,
11837.35,5.96E-05,,,,,,,,,,,,
11837.4,7.63E-05,,,,,,,,,,,,
11837.45,4.36E-05,,,,,,,,,,,,
11837.5,5.35E-05,,,,,,,,,,,,
11837.55,6.91E-05,,,,,,,,,,,,
11837.6,3.19E-05,,,,,,,,,,,,
11837.65,2.53E-05,,,,,,,,,,,,
11837.7,4.01E-05,,,,,,,,,,,,
11837.75,2.33E-05,,,,,,,,,,,,
11837.75,0.000108391,,,,,,,,,,,,
11837.8,9.48E-05,,,,,,,,,,,,
11837.85,6.93E-05,,,,,,,,,,,,
11837.9,7.83E-05,,,,,,,,,,,,
11837.95,0.000120175,,,,,,,,,,,,
11838,0.000128065,,,,,,,,,,,,
11838.05,8.19E-05,,,,,,,,,,,,
11838.1,1.67E-05,,,,,,,,,,,,
11838.15,3.52E-05,,,,,,,,,,,,
11838.2,6.65E-05,,,,,,,,,,,,
11838.25,6.83E-05,,,,,,,,,,,,
11838.25,8.80E-05,,,,,,,,,,,,
11838.3,7.95E-05,,,,,,,,,,,,
11838.35,5.75E-05,,,,,,,,,,,,
11838.4,4.54E-05,,,,,,,,,,,,
11838.45,3.87E-05,,,,,,,,,,,,
11838.5,2.74E-05,,,,,,,,,,,,
11838.55,3.34E-05,,,,,,,,,,,,
11838.6,4.23E-05,,,,,,,,,,,,
11838.65,4.04E-05,,,,,,,,,,,,
11838.7,4.31E-05,,,,,,,,,,,,
11838.75,5.41E-05,,,,,,,,,,,,
11838.75,4.39E-05,,,,,,,,,,,,
11838.8,3.49E-05,,,,,,,,,,,,
11838.85,4.90E-05,,,,,,,,,,,,
11838.9,5.42E-05,,,,,,,,,,,,
11838.95,3.90E-05,,,,,,,,,,,,
11839,1.13E-05,,,,,,,,,,,,
11839.05,4.68E-06,,,,,,,,,,,,
11839.1,1.06E-05,,,,,,,,,,,,
11839.15,4.88E-05,,,,,,,,,,,,
11839.2,7.55E-05,,,,,,,,,,,,
11839.25,6.79E-05,,,,,,,,,,,,
11839.25,2.78E-05,,,,,,,,,,,,
11839.3,5.24E-05,,,,,,,,,,,,
11839.35,8.05E-05,,,,,,,,,,,,
11839.4,8.52E-05,,,,,,,,,,,,
11839.45,5.84E-05,,,,,,,,,,,,
11839.5,4.71E-05,,,,,,,,,,,,
11839.55,4.47E-05,,,,,,,,,,,,
11839.6,2.94E-05,,,,,,,,,,,,
11839.65,2.93E-05,,,,,,,,,,,,
11839.7,3.98E-05,,,,,,,,,,,,
11839.75,2.69E-05,,,,,,,,,,,,
11839.75,7.35E-06,,,,,,,,,,,,
11839.8,3.96E-05,,,,,,,,,,,,
11839.85,7.12E-05,,,,,,,,,,,,
11839.9,9.42E-05,,,,,,,,,,,,
11839.95,8.64E-05,,,,,,,,,,,,
11840,5.69E-05,,,,,,,,,,,,
11840.05,4.37E-05,,,,,,,,,,,,
11840.1,5.05E-05,,,,,,,,,,,,
11840.15,5.85E-05,,,,,,,,,,,,
11840.2,4.01E-05,,,,,,,,,,,,
11840.25,2.89E-05,,,,,,,,,,,,
11840.25,4.41E-05,,,,,,,,,,,,
11840.3,9.59E-05,,,,,,,,,,,,
11840.35,9.92E-05,,,,,,,,,,,,
11840.4,5.65E-05,,,,,,,,,,,,
11840.45,1.95E-05,,,,,,,,,,,,
11840.5,5.51E-05,,,,,,,,,,,,
11840.55,0.000110323,,,,,,,,,,,,
11840.6,0.000128034,,,,,,,,,,,,
11840.65,7.73E-05,,,,,,,,,,,,
11840.7,7.35E-05,,,,,,,,,,,,
11840.75,4.92E-05,,,,,,,,,,,,
11840.75,0.000107961,,,,,,,,,,,,
11840.8,7.71E-05,,,,,,,,,,,,
11840.85,2.71E-05,,,,,,,,,,,,
11840.9,6.55E-05,,,,,,,,,,,,
11840.95,8.97E-05,,,,,,,,,,,,
11841,8.31E-05,,,,,,,,,,,,
11841.05,5.00E-05,,,,,,,,,,,,
11841.1,3.88E-05,,,,,,,,,,,,
11841.15,5.84E-05,,,,,,,,,,,,
11841.2,6.24E-05,,,,,,,,,,,,
11841.25,6.67E-05,,,,,,,,,,,,
11841.25,1.77E-05,,,,,,,,,,,,
11841.3,3.65E-05,,,,,,,,,,,,
11841.35,4.73E-05,,,,,,,,,,,,
11841.4,3.11E-05,,,,,,,,,,,,
11841.45,3.47E-05,,,,,,,,,,,,
11841.5,5.57E-05,,,,,,,,,,,,
11841.55,3.94E-05,,,,,,,,,,,,
11841.6,4.30E-05,,,,,,,,,,,,
11841.65,3.82E-05,,,,,,,,,,,,
11841.7,4.75E-05,,,,,,,,,,,,
11841.75,2.29E-05,,,,,,,,,,,,
11841.75,5.47E-05,,,,,,,,,,,,
11841.8,4.30E-05,,,,,,,,,,,,
11841.85,3.55E-05,,,,,,,,,,,,
11841.9,7.91E-05,,,,,,,,,,,,
11841.95,7.13E-05,,,,,,,,,,,,
11842,2.27E-05,,,,,,,,,,,,
11842.05,2.43E-05,,,,,,,,,,,,
11842.1,2.49E-05,,,,,,,,,,,,
11842.15,1.47E-05,,,,,,,,,,,,
11842.2,3.12E-05,,,,,,,,,,,,
11842.25,1.50E-05,,,,,,,,,,,,
11842.25,0.000108926,,,,,,,,,,,,
11842.3,8.05E-05,,,,,,,,,,,,
11842.35,6.43E-05,,,,,,,,,,,,
11842.4,6.12E-05,,,,,,,,,,,,
11842.45,5.06E-05,,,,,,,,,,,,
11842.5,1.79E-05,,,,,,,,,,,,
11842.55,4.74E-05,,,,,,,,,,,,
11842.6,6.87E-05,,,,,,,,,,,,
11842.65,5.35E-05,,,,,,,,,,,,
11842.7,5.75E-05,,,,,,,,,,,,
11842.75,6.61E-05,,,,,,,,,,,,
11842.75,4.36E-05,,,,,,,,,,,,
11842.8,2.59E-05,,,,,,,,,,,,
11842.85,1.90E-05,,,,,,,,,,,,
11842.9,4.11E-05,,,,,,,,,,,,
11842.95,6.36E-05,,,,,,,,,,,,
11843,7.47E-05,,,,,,,,,,,,
11843.05,5.72E-05,,,,,,,,,,,,
11843.1,1.69E-05,,,,,,,,,,,,
11843.15,1.40E-05,,,,,,,,,,,,
11843.2,3.79E-05,,,,,,,,,,,,
11843.25,3.33E-05,,,,,,,,,,,,
11843.25,6.42E-05,,,,,,,,,,,,
11843.3,1.77E-05,,,,,,,,,,,,
11843.35,3.13E-05,,,,,,,,,,,,
11843.4,4.66E-05,,,,,,,,,,,,
11843.45,1.55E-05,,,,,,,,,,,,
11843.5,5.44E-05,,,,,,,,,,,,
11843.55,0.000107073,,,,,,,,,,,,
11843.6,0.000109501,,,,,,,,,,,,
11843.65,7.87E-05,,,,,,,,,,,,
11843.7,2.56E-05,,,,,,,,,,,,
11843.75,6.76E-05,,,,,,,,,,,,
11843.75,5.72E-05,,,,,,,,,,,,
11843.8,6.14E-05,,,,,,,,,,,,
11843.85,4.85E-05,,,,,,,,,,,,
11843.9,3.93E-05,,,,,,,,,,,,
11843.95,4.40E-05,,,,,,,,,,,,
11844,2.71E-05,,,,,,,,,,,,
11844.05,2.98E-05,,,,,,,,,,,,
11844.1,5.27E-05,,,,,,,,,,,,
11844.15,3.87E-05,,,,,,,,,,,,
11844.2,3.25E-05,,,,,,,,,,,,
11844.25,7.99E-05,,,,,,,,,,,,
11844.25,4.15E-05,,,,,,,,,,,,
11844.3,8.90E-05,,,,,,,,,,,,
11844.35,7.85E-05,,,,,,,,,,,,
11844.4,3.02E-05,,,,,,,,,,,,
11844.45,3.13E-05,,,,,,,,,,,,
11844.5,6.02E-05,,,,,,,,,,,,
11844.55,8.85E-05,,,,,,,,,,,,
11844.6,0.000114994,,,,,,,,,,,,
11844.65,8.51E-05,,,,,,,,,,,,
11844.7,5.06E-05,,,,,,,,,,,,
11844.75,7.62E-05,,,,,,,,,,,,
11844.75,3.14E-05,,,,,,,,,,,,
11844.8,3.95E-05,,,,,,,,,,,,
11844.85,2.36E-05,,,,,,,,,,,,
11844.9,1.19E-05,,,,,,,,,,,,
11844.95,2.73E-05,,,,,,,,,,,,
11845,1.07E-05,,,,,,,,,,,,
11845.05,1.57E-05,,,,,,,,,,,,
11845.1,3.01E-05,,,,,,,,,,,,
11845.15,4.34E-05,,,,,,,,,,,,
11845.2,4.88E-05,,,,,,,,,,,,
11845.25,4.63E-05,,,,,,,,,,,,
11845.25,5.46E-05,,,,,,,,,,,,
11845.3,9.68E-05,,,,,,,,,,,,
11845.35,0.000145558,,,,,,,,,,,,
11845.4,0.000107981,,,,,,,,,,,,
11845.45,1.11E-05,,,,,,,,,,,,
11845.5,7.36E-05,,,,,,,,,,,,
11845.55,0.000100253,,,,,,,,,,,,
11845.6,9.23E-05,,,,,,,,,,,,
11845.65,5.51E-05,,,,,,,,,,,,
11845.7,2.01E-05,,,,,,,,,,,,
11845.75,2.36E-05,,,,,,,,,,,,
11845.75,0.000130042,,,,,,,,,,,,
11845.8,0.000133057,,,,,,,,,,,,
11845.85,0.00010566,,,,,,,,,,,,
11845.9,6.67E-05,,,,,,,,,,,,
11845.95,5.19E-05,,,,,,,,,,,,
11846,4.68E-05,,,,,,,,,,,,
11846.05,2.21E-05,,,,,,,,,,,,
11846.1,3.21E-05,,,,,,,,,,,,
11846.15,3.50E-05,,,,,,,,,,,,
11846.2,3.53E-05,,,,,,,,,,,,
11846.25,4.75E-05,,,,,,,,,,,,
11846.25,6.95E-05,,,,,,,,,,,,
11846.3,4.75E-05,,,,,,,,,,,,
11846.35,4.50E-05,,,,,,,,,,,,
11846.4,4.28E-05,,,,,,,,,,,,
11846.45,5.42E-05,,,,,,,,,,,,
11846.5,5.47E-05,,,,,,,,,,,,
11846.55,4.25E-05,,,,,,,,,,,,
11846.6,3.70E-05,,,,,,,,,,,,
11846.65,4.64E-05,,,,,,,,,,,,
11846.7,5.26E-05,,,,,,,,,,,,
11846.75,4.75E-05,,,,,,,,,,,,
11846.75,6.79E-05,,,,,,,,,,,,
11846.8,8.00E-05,,,,,,,,,,,,
11846.85,9.10E-05,,,,,,,,,,,,
11846.9,7.98E-05,,,,,,,,,,,,
11846.95,5.86E-05,,,,,,,,,,,,
11847,8.50E-05,,,,,,,,,,,,
11847.05,8.79E-05,,,,,,,,,,,,
11847.1,6.22E-05,,,,,,,,,,,,
11847.15,3.82E-05,,,,,,,,,,,,
11847.2,2.72E-05,,,,,,,,,,,,
11847.25,2.73E-05,,,,,,,,,,,,
11847.25,5.37E-05,,,,,,,,,,,,
11847.3,4.74E-05,,,,,,,,,,,,
11847.35,5.30E-05,,,,,,,,,,,,
11847.4,6.50E-05,,,,,,,,,,,,
11847.45,4.64E-05,,,,,,,,,,,,
11847.5,2.97E-05,,,,,,,,,,,,
11847.55,4.42E-05,,,,,,,,,,,,
11847.6,4.98E-05,,,,,,,,,,,,
11847.65,3.42E-05,,,,,,,,,,,,
11847.7,2.79E-05,,,,,,,,,,,,
11847.75,1.98E-05,,,,,,,,,,,,
11847.75,2.66E-05,,,,,,,,,,,,
11847.8,2.37E-05,,,,,,,,,,,,
11847.85,3.96E-05,,,,,,,,,,,,
11847.9,4.77E-05,,,,,,,,,,,,
11847.95,4.22E-05,,,,,,,,,,,,
11848,4.88E-05,,,,,,,,,,,,
11848.05,7.54E-05,,,,,,,,,,,,
11848.1,8.91E-05,,,,,,,,,,,,
11848.15,6.75E-05,,,,,,,,,,,,
11848.2,3.44E-05,,,,,,,,,,,,
11848.25,3.76E-05,,,,,,,,,,,,
11848.25,4.81E-05,,,,,,,,,,,,
11848.3,4.25E-05,,,,,,,,,,,,
11848.35,3.68E-05,,,,,,,,,,,,
11848.4,1.87E-05,,,,,,,,,,,,
11848.45,1.73E-05,,,,,,,,,,,,
11848.5,5.00E-05,,,,,,,,,,,,
11848.55,6.49E-05,,,,,,,,,,,,
11848.6,8.00E-05,,,,,,,,,,,,
11848.65,9.23E-05,,,,,,,,,,,,
11848.7,6.51E-05,,,,,,,,,,,,
11848.75,3.88E-05,,,,,,,,,,,,
11848.75,6.88E-05,,,,,,,,,,,,
11848.8,7.48E-05,,,,,,,,,,,,
11848.85,0.000104598,,,,,,,,,,,,
11848.9,0.000107306,,,,,,,,,,,,
11848.95,9.46E-05,,,,,,,,,,,,
11849,8.21E-05,,,,,,,,,,,,
11849.05,4.06E-05,,,,,,,,,,,,
11849.1,3.42E-06,,,,,,,,,,,,
11849.15,5.63E-05,,,,,,,,,,,,
11849.2,9.90E-05,,,,,,,,,,,,
11849.25,6.10E-05,,,,,,,,,,,,
11849.25,0.000144866,,,,,,,,,,,,
11849.3,0.000117964,,,,,,,,,,,,
11849.35,4.66E-05,,,,,,,,,,,,
11849.4,1.35E-05,,,,,,,,,,,,
11849.45,2.90E-05,,,,,,,,,,,,
11849.5,5.36E-05,,,,,,,,,,,,
11849.55,6.99E-05,,,,,,,,,,,,
11849.6,5.87E-05,,,,,,,,,,,,
11849.65,3.36E-05,,,,,,,,,,,,
11849.7,2.06E-05,,,,,,,,,,,,
11849.75,6.73E-05,,,,,,,,,,,,
11849.75,4.81E-05,,,,,,,,,,,,
11849.8,3.52E-05,,,,,,,,,,,,
11849.85,4.18E-05,,,,,,,,,,,,
11849.9,8.10E-05,,,,,,,,,,,,
11849.95,0.000112214,,,,,,,,,,,,
11850,8.42E-05,,,,,,,,,,,,
11850.05,2.61E-05,,,,,,,,,,,,
11850.1,3.74E-05,,,,,,,,,,,,
11850.15,4.91E-05,,,,,,,,,,,,
11850.2,3.09E-05,,,,,,,,,,,,
11850.25,2.94E-05,,,,,,,,,,,,
11850.25,3.27E-05,,,,,,,,,,,,
11850.3,2.42E-05,,,,,,,,,,,,
11850.35,1.69E-05,,,,,,,,,,,,
11850.4,4.96E-05,,,,,,,,,,,,
11850.45,7.32E-05,,,,,,,,,,,,
11850.5,6.69E-05,,,,,,,,,,,,
11850.55,4.66E-05,,,,,,,,,,,,
11850.6,4.90E-05,,,,,,,,,,,,
11850.65,5.86E-05,,,,,,,,,,,,
11850.7,3.32E-05,,,,,,,,,,,,
11850.75,3.95E-05,,,,,,,,,,,,
11850.75,3.47E-05,,,,,,,,,,,,
11850.8,4.00E-05,,,,,,,,,,,,
11850.85,9.31E-06,,,,,,,,,,,,
11850.9,5.30E-05,,,,,,,,,,,,
11850.95,6.88E-05,,,,,,,,,,,,
11851,6.03E-05,,,,,,,,,,,,
11851.05,6.46E-05,,,,,,,,,,,,
11851.1,6.59E-05,,,,,,,,,,,,
11851.15,7.58E-05,,,,,,,,,,,,
11851.2,8.40E-05,,,,,,,,,,,,
11851.25,6.31E-05,,,,,,,,,,,,
11851.25,6.92E-05,,,,,,,,,,,,
11851.3,5.37E-05,,,,,,,,,,,,
11851.35,4.12E-05,,,,,,,,,,,,
11851.4,2.96E-05,,,,,,,,,,,,
11851.45,3.85E-05,,,,,,,,,,,,
11851.5,3.14E-05,,,,,,,,,,,,
11851.55,5.36E-05,,,,,,,,,,,,
11851.6,8.12E-05,,,,,,,,,,,,
11851.65,6.99E-05,,,,,,,,,,,,
11851.7,3.72E-05,,,,,,,,,,,,
11851.75,4.09E-06,,,,,,,,,,,,
11851.75,4.85E-05,,,,,,,,,,,,
11851.8,6.97E-05,,,,,,,,,,,,
11851.85,6.76E-05,,,,,,,,,,,,
11851.9,5.61E-05,,,,,,,,,,,,
11851.95,4.99E-05,,,,,,,,,,,,
11852,3.98E-05,,,,,,,,,,,,
11852.05,3.41E-05,,,,,,,,,,,,
11852.1,9.92E-06,,,,,,,,,,,,
11852.15,5.89E-05,,,,,,,,,,,,
11852.2,0.000112147,,,,,,,,,,,,
11852.25,0.000105171,,,,,,,,,,,,
11852.25,5.83E-05,,,,,,,,,,,,
11852.3,4.70E-05,,,,,,,,,,,,
11852.35,5.39E-05,,,,,,,,,,,,
11852.4,5.13E-05,,,,,,,,,,,,
11852.45,3.70E-05,,,,,,,,,,,,
11852.5,1.85E-05,,,,,,,,,,,,
11852.55,6.82E-06,,,,,,,,,,,,
11852.6,3.26E-05,,,,,,,,,,,,
11852.65,6.73E-05,,,,,,,,,,,,
11852.7,5.51E-05,,,,,,,,,,,,
11852.75,2.05E-05,,,,,,,,,,,,
11852.75,6.62E-05,,,,,,,,,,,,
11852.8,6.26E-05,,,,,,,,,,,,
11852.85,3.88E-05,,,,,,,,,,,,
11852.9,7.95E-05,,,,,,,,,,,,
11852.95,0.000100974,,,,,,,,,,,,
11853,7.07E-05,,,,,,,,,,,,
11853.05,5.91E-05,,,,,,,,,,,,
11853.1,4.86E-05,,,,,,,,,,,,
11853.15,6.71E-05,,,,,,,,,,,,
11853.2,8.42E-05,,,,,,,,,,,,
11853.25,7.01E-05,,,,,,,,,,,,
11853.25,2.69E-05,,,,,,,,,,,,
11853.3,1.57E-05,,,,,,,,,,,,
11853.35,3.25E-05,,,,,,,,,,,,
11853.4,7.81E-05,,,,,,,,,,,,
11853.45,9.06E-05,,,,,,,,,,,,
11853.5,1.08E-05,,,,,,,,,,,,
11853.55,9.97E-05,,,,,,,,,,,,
11853.6,0.000125091,,,,,,,,,,,,
11853.65,8.13E-05,,,,,,,,,,,,
11853.7,4.08E-05,,,,,,,,,,,,
11853.75,5.70E-05,,,,,,,,,,,,
11853.75,2.30E-05,,,,,,,,,,,,
11853.8,4.80E-05,,,,,,,,,,,,
11853.85,8.90E-05,,,,,,,,,,,,
11853.9,9.73E-05,,,,,,,,,,,,
11853.95,8.93E-05,,,,,,,,,,,,
11854,8.87E-05,,,,,,,,,,,,
11854.05,8.64E-05,,,,,,,,,,,,
11854.1,5.37E-05,,,,,,,,,,,,
11854.15,2.30E-05,,,,,,,,,,,,
11854.2,3.15E-05,,,,,,,,,,,,
11854.25,5.04E-05,,,,,,,,,,,,
11854.25,9.07E-05,,,,,,,,,,,,
11854.3,7.86E-05,,,,,,,,,,,,
11854.35,6.52E-05,,,,,,,,,,,,
11854.4,6.29E-05,,,,,,,,,,,,
11854.45,4.81E-05,,,,,,,,,,,,
11854.5,2.51E-05,,,,,,,,,,,,
11854.55,4.44E-05,,,,,,,,,,,,
11854.6,3.30E-05,,,,,,,,,,,,
11854.65,3.54E-05,,,,,,,,,,,,
11854.7,7.31E-05,,,,,,,,,,,,
11854.75,8.02E-05,,,,,,,,,,,,
11854.75,2.16E-05,,,,,,,,,,,,
11854.8,3.50E-05,,,,,,,,,,,,
11854.85,5.66E-05,,,,,,,,,,,,
11854.9,4.30E-05,,,,,,,,,,,,
11854.95,1.45E-05,,,,,,,,,,,,
11855,2.45E-05,,,,,,,,,,,,
11855.05,4.55E-05,,,,,,,,,,,,
11855.1,6.56E-05,,,,,,,,,,,,
11855.15,6.79E-05,,,,,,,,,,,,
11855.2,4.14E-05,,,,,,,,,,,,
11855.25,7.18E-06,,,,,,,,,,,,
11855.25,2.96E-05,,,,,,,,,,,,
11855.3,6.32E-05,,,,,,,,,,,,
11855.35,8.37E-05,,,,,,,,,,,,
11855.4,8.91E-05,,,,,,,,,,,,
11855.45,7.68E-05,,,,,,,,,,,,
11855.5,4.05E-05,,,,,,,,,,,,
11855.55,3.18E-05,,,,,,,,,,,,
11855.6,6.21E-05,,,,,,,,,,,,
11855.65,8.07E-05,,,,,,,,,,,,
11855.7,8.18E-05,,,,,,,,,,,,
11855.75,0.000111169,,,,,,,,,,,,
11855.75,3.91E-05,,,,,,,,,,,,
11855.8,2.26E-05,,,,,,,,,,,,
11855.85,3.73E-05,,,,,,,,,,,,
11855.9,4.27E-05,,,,,,,,,,,,
11855.95,2.64E-05,,,,,,,,,,,,
11856,8.51E-06,,,,,,,,,,,,
11856.05,9.25E-06,,,,,,,,,,,,
11856.1,2.86E-05,,,,,,,,,,,,
11856.15,5.25E-05,,,,,,,,,,,,
11856.2,6.52E-05,,,,,,,,,,,,
11856.25,4.57E-05,,,,,,,,,,,,
11856.25,3.08E-05,,,,,,,,,,,,
11856.3,5.01E-05,,,,,,,,,,,,
11856.35,5.46E-05,,,,,,,,,,,,
11856.4,4.18E-05,,,,,,,,,,,,
11856.45,2.69E-05,,,,,,,,,,,,
11856.5,1.55E-05,,,,,,,,,,,,
11856.55,1.35E-05,,,,,,,,,,,,
11856.6,1.53E-05,,,,,,,,,,,,
11856.65,2.30E-05,,,,,,,,,,,,
11856.7,3.38E-05,,,,,,,,,,,,
11856.75,7.47E-05,,,,,,,,,,,,
11856.75,2.77E-05,,,,,,,,,,,,
11856.8,2.75E-05,,,,,,,,,,,,
11856.85,3.35E-05,,,,,,,,,,,,
11856.9,8.75E-05,,,,,,,,,,,,
11856.95,0.000138472,,,,,,,,,,,,
11857,0.000136568,,,,,,,,,,,,
11857.05,0.000126697,,,,,,,,,,,,
11857.1,0.000106616,,,,,,,,,,,,
11857.15,6.48E-05,,,,,,,,,,,,
11857.2,4.23E-05,,,,,,,,,,,,
11857.25,3.41E-05,,,,,,,,,,,,
11857.25,2.27E-05,,,,,,,,,,,,
11857.3,3.70E-05,,,,,,,,,,,,
11857.35,1.80E-05,,,,,,,,,,,,
11857.4,2.99E-05,,,,,,,,,,,,
11857.45,5.03E-05,,,,,,,,,,,,
11857.5,7.82E-05,,,,,,,,,,,,
11857.55,7.43E-05,,,,,,,,,,,,
11857.6,5.99E-05,,,,,,,,,,,,
11857.65,9.50E-05,,,,,,,,,,,,
11857.7,9.37E-05,,,,,,,,,,,,
11857.75,6.95E-05,,,,,,,,,,,,
11857.75,4.10E-05,,,,,,,,,,,,
11857.8,8.68E-06,,,,,,,,,,,,
11857.85,9.07E-06,,,,,,,,,,,,
11857.9,2.53E-05,,,,,,,,,,,,
11857.95,4.71E-05,,,,,,,,,,,,
11858,5.80E-05,,,,,,,,,,,,
11858.05,5.06E-05,,,,,,,,,,,,
11858.1,4.56E-05,,,,,,,,,,,,
11858.15,5.55E-05,,,,,,,,,,,,
11858.2,8.11E-05,,,,,,,,,,,,
11858.25,0.000111638,,,,,,,,,,,,
11858.25,2.13E-05,,,,,,,,,,,,
11858.3,1.47E-05,,,,,,,,,,,,
11858.35,4.38E-05,,,,,,,,,,,,
11858.4,5.78E-05,,,,,,,,,,,,
11858.45,8.77E-05,,,,,,,,,,,,
11858.5,8.89E-05,,,,,,,,,,,,
11858.55,5.25E-05,,,,,,,,,,,,
11858.6,2.64E-05,,,,,,,,,,,,
11858.65,5.32E-05,,,,,,,,,,,,
11858.7,7.83E-05,,,,,,,,,,,,
11858.75,0.000104796,,,,,,,,,,,,
11858.75,7.12E-05,,,,,,,,,,,,
11858.8,4.32E-05,,,,,,,,,,,,
11858.85,7.98E-05,,,,,,,,,,,,
11858.9,4.91E-05,,,,,,,,,,,,
11858.95,2.62E-05,,,,,,,,,,,,
11859,7.54E-05,,,,,,,,,,,,
11859.05,6.80E-05,,,,,,,,,,,,
11859.1,3.92E-05,,,,,,,,,,,,
11859.15,4.52E-05,,,,,,,,,,,,
11859.2,4.10E-05,,,,,,,,,,,,
11859.25,2.47E-05,,,,,,,,,,,,
11859.25,7.50E-06,,,,,,,,,,,,
11859.3,3.15E-05,,,,,,,,,,,,
11859.35,6.47E-05,,,,,,,,,,,,
11859.4,5.40E-05,,,,,,,,,,,,
11859.45,1.92E-05,,,,,,,,,,,,
11859.5,3.33E-05,,,,,,,,,,,,
11859.55,1.15E-05,,,,,,,,,,,,
11859.6,3.31E-05,,,,,,,,,,,,
11859.65,6.55E-05,,,,,,,,,,,,
11859.7,9.24E-05,,,,,,,,,,,,
11859.75,0.000102015,,,,,,,,,,,,
11859.75,0.000101107,,,,,,,,,,,,
11859.8,8.56E-05,,,,,,,,,,,,
11859.85,8.98E-05,,,,,,,,,,,,
11859.9,0.000121167,,,,,,,,,,,,
11859.95,0.000107882,,,,,,,,,,,,
11860,5.52E-05,,,,,,,,,,,,
11860.05,3.97E-05,,,,,,,,,,,,
11860.1,4.71E-05,,,,,,,,,,,,
11860.15,2.38E-05,,,,,,,,,,,,
11860.2,2.25E-05,,,,,,,,,,,,
11860.25,3.77E-05,,,,,,,,,,,,
11860.25,9.67E-05,,,,,,,,,,,,
11860.3,8.34E-05,,,,,,,,,,,,
11860.35,6.94E-05,,,,,,,,,,,,
11860.4,3.72E-05,,,,,,,,,,,,
11860.45,6.12E-05,,,,,,,,,,,,
11860.5,8.27E-05,,,,,,,,,,,,
11860.55,5.30E-05,,,,,,,,,,,,
11860.6,3.38E-05,,,,,,,,,,,,
11860.65,6.84E-05,,,,,,,,,,,,
11860.7,9.80E-05,,,,,,,,,,,,
11860.75,6.79E-05,,,,,,,,,,,,
11860.75,5.26E-05,,,,,,,,,,,,
11860.8,1.89E-05,,,,,,,,,,,,
11860.85,4.31E-05,,,,,,,,,,,,
11860.9,6.03E-05,,,,,,,,,,,,
11860.95,4.36E-05,,,,,,,,,,,,
11861,2.47E-05,,,,,,,,,,,,
11861.05,3.50E-05,,,,,,,,,,,,
11861.1,4.90E-05,,,,,,,,,,,,
11861.15,3.56E-05,,,,,,,,,,,,
11861.2,6.45E-05,,,,,,,,,,,,
11861.25,0.000103578,,,,,,,,,,,,
11861.25,9.40E-05,,,,,,,,,,,,
11861.3,8.89E-05,,,,,,,,,,,,
11861.35,7.16E-05,,,,,,,,,,,,
11861.4,6.26E-05,,,,,,,,,,,,
11861.45,8.87E-05,,,,,,,,,,,,
11861.5,0.000107265,,,,,,,,,,,,
11861.55,8.03E-05,,,,,,,,,,,,
11861.6,4.58E-05,,,,,,,,,,,,
11861.65,6.15E-05,,,,,,,,,,,,
11861.7,6.07E-05,,,,,,,,,,,,
11861.75,8.58E-05,,,,,,,,,,,,
11861.75,1.29E-05,,,,,,,,,,,,
11861.8,6.26E-06,,,,,,,,,,,,
11861.85,2.19E-05,,,,,,,,,,,,
11861.9,4.09E-05,,,,,,,,,,,,
11861.95,6.77E-05,,,,,,,,,,,,
11862,7.12E-05,,,,,,,,,,,,
11862.05,2.86E-05,,,,,,,,,,,,
11862.1,2.86E-05,,,,,,,,,,,,
11862.15,3.87E-05,,,,,,,,,,,,
11862.2,1.23E-05,,,,,,,,,,,,
11862.25,4.88E-05,,,,,,,,,,,,
11862.25,3.34E-05,,,,,,,,,,,,
11862.3,1.89E-05,,,,,,,,,,,,
11862.35,1.90E-05,,,,,,,,,,,,
11862.4,5.58E-05,,,,,,,,,,,,
11862.45,5.28E-05,,,,,,,,,,,,
11862.5,2.57E-05,,,,,,,,,,,,
11862.55,1.64E-05,,,,,,,,,,,,
11862.6,3.93E-05,,,,,,,,,,,,
11862.65,4.59E-05,,,,,,,,,,,,
11862.7,1.66E-05,,,,,,,,,,,,
11862.75,1.74E-05,,,,,,,,,,,,
11862.75,1.63E-05,,,,,,,,,,,,
11862.8,6.30E-05,,,,,,,,,,,,
11862.85,8.74E-05,,,,,,,,,,,,
11862.9,9.33E-05,,,,,,,,,,,,
11862.95,7.76E-05,,,,,,,,,,,,
11863,3.69E-05,,,,,,,,,,,,
11863.05,2.58E-05,,,,,,,,,,,,
11863.1,6.74E-05,,,,,,,,,,,,
11863.15,7.66E-05,,,,,,,,,,,,
11863.2,5.92E-05,,,,,,,,,,,,
11863.25,5.12E-05,,,,,,,,,,,,
11863.25,7.39E-05,,,,,,,,,,,,
11863.3,9.71E-05,,,,,,,,,,,,
11863.35,0.000104328,,,,,,,,,,,,
11863.4,0.00013236,,,,,,,,,,,,
11863.45,0.000113118,,,,,,,,,,,,
11863.5,4.05E-05,,,,,,,,,,,,
11863.55,4.08E-05,,,,,,,,,,,,
11863.6,1.20E-05,,,,,,,,,,,,
11863.65,4.43E-05,,,,,,,,,,,,
11863.7,6.67E-05,,,,,,,,,,,,
11863.75,7.18E-05,,,,,,,,,,,,
11863.75,6.80E-05,,,,,,,,,,,,
11863.8,0.00011538,,,,,,,,,,,,
11863.85,0.000124654,,,,,,,,,,,,
11863.9,0.000109636,,,,,,,,,,,,
11863.95,8.43E-05,,,,,,,,,,,,
11864,7.06E-05,,,,,,,,,,,,
11864.05,5.79E-05,,,,,,,,,,,,
11864.1,2.02E-05,,,,,,,,,,,,
11864.15,2.61E-05,,,,,,,,,,,,
11864.2,5.35E-05,,,,,,,,,,,,
11864.25,7.20E-05,,,,,,,,,,,,
11864.25,4.05E-05,,,,,,,,,,,,
11864.3,5.98E-05,,,,,,,,,,,,
11864.35,3.22E-05,,,,,,,,,,,,
11864.4,5.71E-05,,,,,,,,,,,,
11864.45,0.000100502,,,,,,,,,,,,
11864.5,7.59E-05,,,,,,,,,,,,
11864.55,2.66E-05,,,,,,,,,,,,
11864.6,2.60E-05,,,,,,,,,,,,
11864.65,2.25E-05,,,,,,,,,,,,
11864.7,4.22E-05,,,,,,,,,,,,
11864.75,6.92E-05,,,,,,,,,,,,
11864.75,8.00E-05,,,,,,,,,,,,
11864.8,7.77E-05,,,,,,,,,,,,
11864.85,8.38E-05,,,,,,,,,,,,
11864.9,6.74E-05,,,,,,,,,,,,
11864.95,2.57E-05,,,,,,,,,,,,
11865,4.56E-05,,,,,,,,,,,,
11865.05,6.35E-05,,,,,,,,,,,,
11865.1,6.61E-05,,,,,,,,,,,,
11865.15,6.11E-05,,,,,,,,,,,,
11865.2,5.54E-05,,,,,,,,,,,,
11865.25,3.45E-05,,,,,,,,,,,,
11865.25,1.17E-05,,,,,,,,,,,,
11865.3,5.14E-05,,,,,,,,,,,,
11865.35,6.11E-05,,,,,,,,,,,,
11865.4,3.21E-05,,,,,,,,,,,,
11865.45,3.32E-05,,,,,,,,,,,,
11865.5,7.11E-05,,,,,,,,,,,,
11865.55,9.35E-05,,,,,,,,,,,,
11865.6,9.93E-05,,,,,,,,,,,,
11865.65,0.000119447,,,,,,,,,,,,
11865.7,0.000116175,,,,,,,,,,,,
11865.75,0.000104711,,,,,,,,,,,,
11865.75,1.20E-05,,,,,,,,,,,,
11865.8,7.62E-06,,,,,,,,,,,,
11865.85,1.56E-05,,,,,,,,,,,,
11865.9,2.35E-05,,,,,,,,,,,,
11865.95,1.31E-05,,,,,,,,,,,,
11866,2.92E-05,,,,,,,,,,,,
11866.05,7.27E-05,,,,,,,,,,,,
11866.1,8.00E-05,,,,,,,,,,,,
11866.15,7.30E-05,,,,,,,,,,,,
11866.2,7.25E-05,,,,,,,,,,,,
11866.25,5.58E-05,,,,,,,,,,,,
11866.25,0.000403524,,,,,,,,,,,,
11866.3,0.000231389,,,,,,,,,,,,
11866.35,0.001039779,,,,,,,,,,,,
11866.4,0.002258438,,,,,,,,,,,,
11866.45,0.002766217,,,,,,,,,,,,
11866.5,0.005954841,,,,,,,,,,,,
11866.55,0.067465879,,,,,,,,,,,,
11866.6,0.215468794,,,,,,,,,,,,
11866.65,0.290166587,,,,,,,,,,,,
11866.7,0.195695698,,,,,,,,,,,,
11866.75,0.051576748,,,,,,,,,,,,
11866.75,0.006574507,,,,,,,,,,,,
11866.8,0.000605126,,,,,,,,,,,,
11866.85,0.00036759,,,,,,,,,,,,
11866.9,3.12E-05,,,,,,,,,,,,
11866.95,0.00010913,,,,,,,,,,,,
11867,7.26E-05,,,,,,,,,,,,
11867.05,7.70E-05,,,,,,,,,,,,
11867.1,1.16E-05,,,,,,,,,,,,
11867.15,4.85E-05,,,,,,,,,,,,
11867.2,3.79E-05,,,,,,,,,,,,
11867.25,2.38E-05,,,,,,,,,,,,
11867.25,2.35E-05,,,,,,,,,,,,
11867.3,3.17E-05,,,,,,,,,,,,
11867.35,4.79E-05,,,,,,,,,,,,
11867.4,3.22E-05,,,,,,,,,,,,
11867.45,5.49E-05,,,,,,,,,,,,
11867.5,6.98E-05,,,,,,,,,,,,
11867.55,4.44E-05,,,,,,,,,,,,
11867.6,3.18E-05,,,,,,,,,,,,
11867.65,9.72E-05,,,,,,,,,,,,
11867.7,0.000123094,,,,,,,,,,,,
11867.75,0.000131147,,,,,,,,,,,,
11867.75,6.30E-05,,,,,,,,,,,,
11867.8,5.21E-06,,,,,,,,,,,,
11867.85,4.91E-05,,,,,,,,,,,,
11867.9,7.72E-05,,,,,,,,,,,,
11867.95,7.76E-05,,,,,,,,,,,,
11868,5.84E-05,,,,,,,,,,,,
11868.05,3.16E-05,,,,,,,,,,,,
11868.1,2.40E-05,,,,,,,,,,,,
11868.15,3.47E-05,,,,,,,,,,,,
11868.2,6.56E-05,,,,,,,,,,,,
11868.25,8.56E-05,,,,,,,,,,,,
11868.25,4.94E-05,,,,,,,,,,,,
11868.3,9.95E-05,,,,,,,,,,,,
11868.35,6.97E-05,,,,,,,,,,,,
11868.4,8.16E-05,,,,,,,,,,,,
11868.45,0.000102246,,,,,,,,,,,,
11868.5,6.00E-05,,,,,,,,,,,,
11868.55,6.39E-05,,,,,,,,,,,,
11868.6,8.43E-05,,,,,,,,,,,,
11868.65,4.59E-05,,,,,,,,,,,,
11868.7,2.21E-05,,,,,,,,,,,,
11868.75,6.65E-05,,,,,,,,,,,,
11868.75,1.15E-05,,,,,,,,,,,,
11868.8,1.28E-05,,,,,,,,,,,,
11868.85,1.71E-05,,,,,,,,,,,,
11868.9,8.54E-06,,,,,,,,,,,,
11868.95,7.43E-06,,,,,,,,,,,,
11869,3.66E-05,,,,,,,,,,,,
11869.05,7.73E-05,,,,,,,,,,,,
11869.1,7.67E-05,,,,,,,,,,,,
11869.15,1.69E-05,,,,,,,,,,,,
11869.2,5.20E-05,,,,,,,,,,,,
11869.25,6.50E-05,,,,,,,,,,,,
11869.25,3.70E-05,,,,,,,,,,,,
11869.3,5.56E-05,,,,,,,,,,,,
11869.35,2.29E-05,,,,,,,,,,,,
11869.4,3.88E-05,,,,,,,,,,,,
11869.45,6.14E-05,,,,,,,,,,,,
11869.5,5.44E-05,,,,,,,,,,,,
11869.55,7.74E-05,,,,,,,,,,,,
11869.6,0.000106195,,,,,,,,,,,,
11869.65,6.42E-05,,,,,,,,,,,,
11869.7,3.24E-05,,,,,,,,,,,,
11869.75,9.48E-05,,,,,,,,,,,,
11869.75,7.34E-05,,,,,,,,,,,,
11869.8,5.00E-05,,,,,,,,,,,,
11869.85,2.12E-05,,,,,,,,,,,,
11869.9,4.20E-05,,,,,,,,,,,,
11869.95,5.63E-05,,,,,,,,,,,,
11870,4.99E-05,,,,,,,,,,,,
11870.05,5.56E-05,,,,,,,,,,,,
11870.1,7.26E-05,,,,,,,,,,,,
11870.15,4.15E-05,,,,,,,,,,,,
11870.2,5.92E-05,,,,,,,,,,,,
11870.25,8.46E-05,,,,,,,,,,,,
11870.25,3.69E-05,,,,,,,,,,,,
11870.3,5.31E-05,,,,,,,,,,,,
11870.35,3.81E-05,,,,,,,,,,,,
11870.4,2.17E-05,,,,,,,,,,,,
11870.45,2.95E-05,,,,,,,,,,,,
11870.5,4.82E-05,,,,,,,,,,,,
11870.55,7.51E-05,,,,,,,,,,,,
11870.6,0.000112536,,,,,,,,,,,,
11870.65,0.000131122,,,,,,,,,,,,
11870.7,9.11E-05,,,,,,,,,,,,
11870.75,9.46E-05,,,,,,,,,,,,
11870.75,5.73E-05,,,,,,,,,,,,
11870.8,3.93E-05,,,,,,,,,,,,
11870.85,2.56E-06,,,,,,,,,,,,
11870.9,5.28E-05,,,,,,,,,,,,
11870.95,6.61E-05,,,,,,,,,,,,
11871,3.30E-05,,,,,,,,,,,,
11871.05,7.63E-06,,,,,,,,,,,,
11871.1,4.77E-05,,,,,,,,,,,,
11871.15,6.86E-05,,,,,,,,,,,,
11871.2,7.35E-05,,,,,,,,,,,,
11871.25,7.73E-05,,,,,,,,,,,,
11871.25,4.13E-05,,,,,,,,,,,,
11871.3,5.23E-05,,,,,,,,,,,,
11871.35,3.20E-05,,,,,,,,,,,,
11871.4,5.56E-05,,,,,,,,,,,,
11871.45,0.000128559,,,,,,,,,,,,
11871.5,0.000154097,,,,,,,,,,,,
11871.55,0.000136145,,,,,,,,,,,,
11871.6,0.000103806,,,,,,,,,,,,
11871.65,6.16E-05,,,,,,,,,,,,
11871.7,2.97E-05,,,,,,,,,,,,
11871.75,3.47E-05,,,,,,,,,,,,
11871.75,3.60E-05,,,,,,,,,,,,
11871.8,3.46E-05,,,,,,,,,,,,
11871.85,3.47E-05,,,,,,,,,,,,
11871.9,0.000124633,,,,,,,,,,,,
11871.95,0.000170086,,,,,,,,,,,,
11872,0.000158182,,,,,,,,,,,,
11872.05,0.00015059,,,,,,,,,,,,
11872.1,0.000147925,,,,,,,,,,,,
11872.15,0.000112948,,,,,,,,,,,,
11872.2,7.47E-05,,,,,,,,,,,,
11872.25,7.32E-05,,,,,,,,,,,,
11872.25,0.000106313,,,,,,,,,,,,
11872.3,9.64E-05,,,,,,,,,,,,
11872.35,5.07E-05,,,,,,,,,,,,
11872.4,4.28E-05,,,,,,,,,,,,
11872.45,1.83E-05,,,,,,,,,,,,
11872.5,1.42E-05,,,,,,,,,,,,
11872.55,3.48E-05,,,,,,,,,,,,
11872.6,7.35E-05,,,,,,,,,,,,
11872.65,0.000105856,,,,,,,,,,,,
11872.7,0.00013436,,,,,,,,,,,,
11872.75,0.000104646,,,,,,,,,,,,
11872.75,2.26E-05,,,,,,,,,,,,
11872.8,9.25E-05,,,,,,,,,,,,
11872.85,8.73E-05,,,,,,,,,,,,
11872.9,4.57E-05,,,,,,,,,,,,
11872.95,2.77E-05,,,,,,,,,,,,
11873,4.83E-05,,,,,,,,,,,,
11873.05,5.40E-05,,,,,,,,,,,,
11873.1,2.86E-05,,,,,,,,,,,,
11873.15,1.80E-05,,,,,,,,,,,,
11873.2,3.96E-05,,,,,,,,,,,,
11873.25,7.26E-05,,,,,,,,,,,,
11873.25,3.03E-05,,,,,,,,,,,,
11873.3,3.30E-05,,,,,,,,,,,,
11873.35,4.27E-05,,,,,,,,,,,,
11873.4,5.25E-05,,,,,,,,,,,,
11873.45,4.02E-05,,,,,,,,,,,,
11873.5,3.56E-05,,,,,,,,,,,,
11873.55,4.55E-05,,,,,,,,,,,,
11873.6,7.63E-05,,,,,,,,,,,,
11873.65,8.99E-05,,,,,,,,,,,,
11873.7,6.11E-05,,,,,,,,,,,,
11873.75,3.12E-05,,,,,,,,,,,,
11873.75,7.23E-05,,,,,,,,,,,,
11873.8,4.69E-05,,,,,,,,,,,,
11873.85,2.68E-05,,,,,,,,,,,,
11873.9,4.24E-05,,,,,,,,,,,,
11873.95,7.34E-05,,,,,,,,,,,,
11874,8.79E-05,,,,,,,,,,,,
11874.05,0.000127475,,,,,,,,,,,,
11874.1,0.000180768,,,,,,,,,,,,
11874.15,0.000171721,,,,,,,,,,,,
11874.2,9.54E-05,,,,,,,,,,,,
11874.25,7.26E-05,,,,,,,,,,,,
11874.25,4.81E-05,,,,,,,,,,,,
11874.3,3.95E-05,,,,,,,,,,,,
11874.35,5.50E-05,,,,,,,,,,,,
11874.4,9.92E-05,,,,,,,,,,,,
11874.45,0.000122217,,,,,,,,,,,,
11874.5,0.000103934,,,,,,,,,,,,
11874.55,4.37E-05,,,,,,,,,,,,
11874.6,4.94E-05,,,,,,,,,,,,
11874.65,6.04E-05,,,,,,,,,,,,
11874.7,3.78E-05,,,,,,,,,,,,
11874.75,3.58E-05,,,,,,,,,,,,
11874.75,9.48E-05,,,,,,,,,,,,
11874.8,4.65E-05,,,,,,,,,,,,
11874.85,6.99E-05,,,,,,,,,,,,
11874.9,0.000110936,,,,,,,,,,,,
11874.95,7.02E-05,,,,,,,,,,,,
11875,2.28E-05,,,,,,,,,,,,
11875.05,1.24E-05,,,,,,,,,,,,
11875.1,7.67E-05,,,,,,,,,,,,
11875.15,0.000111874,,,,,,,,,,,,
11875.2,7.60E-05,,,,,,,,,,,,
11875.25,4.97E-05,,,,,,,,,,,,
11875.25,3.68E-05,,,,,,,,,,,,
11875.3,5.02E-05,,,,,,,,,,,,
11875.35,0.000104388,,,,,,,,,,,,
11875.4,8.69E-05,,,,,,,,,,,,
11875.45,4.10E-05,,,,,,,,,,,,
11875.5,5.65E-05,,,,,,,,,,,,
11875.55,3.12E-05,,,,,,,,,,,,
11875.6,2.88E-05,,,,,,,,,,,,
11875.65,1.85E-05,,,,,,,,,,,,
11875.7,3.83E-05,,,,,,,,,,,,
11875.75,8.15E-05,,,,,,,,,,,,
11875.75,7.46E-05,,,,,,,,,,,,
11875.8,6.82E-05,,,,,,,,,,,,
11875.85,3.99E-05,,,,,,,,,,,,
11875.9,5.63E-05,,,,,,,,,,,,
11875.95,7.09E-05,,,,,,,,,,,,
11876,5.76E-05,,,,,,,,,,,,
11876.05,5.17E-05,,,,,,,,,,,,
11876.1,8.58E-05,,,,,,,,,,,,
11876.15,0.000113669,,,,,,,,,,,,
11876.2,0.000131268,,,,,,,,,,,,
11876.25,0.000137354,,,,,,,,,,,,
11876.25,0.000151218,,,,,,,,,,,,
11876.3,0.000121677,,,,,,,,,,,,
11876.35,8.90E-05,,,,,,,,,,,,
11876.4,8.20E-05,,,,,,,,,,,,
11876.45,5.89E-05,,,,,,,,,,,,
11876.5,5.54E-05,,,,,,,,,,,,
11876.55,8.75E-05,,,,,,,,,,,,
11876.6,4.46E-05,,,,,,,,,,,,
11876.65,2.31E-05,,,,,,,,,,,,
11876.7,5.37E-05,,,,,,,,,,,,
11876.75,6.91E-05,,,,,,,,,,,,
11876.75,6.14E-06,,,,,,,,,,,,
11876.8,4.53E-05,,,,,,,,,,,,
11876.85,6.15E-05,,,,,,,,,,,,
11876.9,7.78E-05,,,,,,,,,,,,
11876.95,0.00013345,,,,,,,,,,,,
11877,9.79E-05,,,,,,,,,,,,
11877.05,3.30E-05,,,,,,,,,,,,
11877.1,7.01E-05,,,,,,,,,,,,
11877.15,5.49E-05,,,,,,,,,,,,
11877.2,1.31E-05,,,,,,,,,,,,
11877.25,3.54E-05,,,,,,,,,,,,
11877.25,1.92E-05,,,,,,,,,,,,
11877.3,5.97E-05,,,,,,,,,,,,
11877.35,3.60E-05,,,,,,,,,,,,
11877.4,3.56E-06,,,,,,,,,,,,
11877.45,4.29E-05,,,,,,,,,,,,
11877.5,9.17E-05,,,,,,,,,,,,
11877.55,7.35E-05,,,,,,,,,,,,
11877.6,3.12E-05,,,,,,,,,,,,
11877.65,2.85E-05,,,,,,,,,,,,
11877.7,1.42E-05,,,,,,,,,,,,
11877.75,2.27E-05,,,,,,,,,,,,
11877.75,9.17E-05,,,,,,,,,,,,
11877.8,5.37E-05,,,,,,,,,,,,
11877.85,9.92E-05,,,,,,,,,,,,
11877.9,0.000113867,,,,,,,,,,,,
11877.95,0.000110046,,,,,,,,,,,,
11878,8.17E-05,,,,,,,,,,,,
11878.05,4.75E-05,,,,,,,,,,,,
11878.1,4.11E-05,,,,,,,,,,,,
11878.15,5.74E-05,,,,,,,,,,,,
11878.2,9.06E-05,,,,,,,,,,,,
11878.25,0.000102751,,,,,,,,,,,,
11878.25,0.00013847,,,,,,,,,,,,
11878.3,0.000115607,,,,,,,,,,,,
11878.35,7.70E-05,,,,,,,,,,,,
11878.4,6.75E-05,,,,,,,,,,,,
11878.45,7.11E-05,,,,,,,,,,,,
11878.5,5.16E-05,,,,,,,,,,,,
11878.55,9.98E-06,,,,,,,,,,,,
11878.6,6.88E-05,,,,,,,,,,,,
11878.65,0.000107265,,,,,,,,,,,,
11878.7,0.000111066,,,,,,,,,,,,
11878.75,0.000107918,,,,,,,,,,,,
11878.75,2.92E-05,,,,,,,,,,,,
11878.8,5.30E-05,,,,,,,,,,,,
11878.85,5.72E-05,,,,,,,,,,,,
11878.9,6.67E-05,,,,,,,,,,,,
11878.95,5.97E-05,,,,,,,,,,,,
11879,3.29E-05,,,,,,,,,,,,
11879.05,4.91E-05,,,,,,,,,,,,
11879.1,4.65E-05,,,,,,,,,,,,
11879.15,1.62E-05,,,,,,,,,,,,
11879.2,2.20E-05,,,,,,,,,,,,
11879.25,4.36E-05,,,,,,,,,,,,
11879.25,7.87E-05,,,,,,,,,,,,
11879.3,8.31E-05,,,,,,,,,,,,
11879.35,9.64E-05,,,,,,,,,,,,
11879.4,5.71E-05,,,,,,,,,,,,
11879.45,1.36E-05,,,,,,,,,,,,
11879.5,2.34E-05,,,,,,,,,,,,
11879.55,4.72E-05,,,,,,,,,,,,
11879.6,8.65E-05,,,,,,,,,,,,
11879.65,9.71E-05,,,,,,,,,,,,
11879.7,8.81E-05,,,,,,,,,,,,
11879.75,7.28E-05,,,,,,,,,,,,
11879.75,3.91E-05,,,,,,,,,,,,
11879.8,2.33E-05,,,,,,,,,,,,
11879.85,2.88E-05,,,,,,,,,,,,
11879.9,5.01E-05,,,,,,,,,,,,
11879.95,3.17E-05,,,,,,,,,,,,
11880,1.84E-05,,,,,,,,,,,,
11880.05,1.78E-05,,,,,,,,,,,,
11880.1,3.58E-05,,,,,,,,,,,,
11880.15,2.42E-05,,,,,,,,,,,,
11880.2,4.89E-05,,,,,,,,,,,,
11880.25,9.79E-05,,,,,,,,,,,,
11880.25,0.000131962,,,,,,,,,,,,
11880.3,0.000102501,,,,,,,,,,,,
11880.35,3.10E-05,,,,,,,,,,,,
11880.4,3.36E-05,,,,,,,,,,,,
11880.45,5.16E-05,,,,,,,,,,,,
11880.5,3.68E-05,,,,,,,,,,,,
11880.55,2.49E-05,,,,,,,,,,,,
11880.6,2.64E-05,,,,,,,,,,,,
11880.65,4.72E-05,,,,,,,,,,,,
11880.7,2.59E-05,,,,,,,,,,,,
11880.75,3.74E-05,,,,,,,,,,,,
11880.75,2.37E-05,,,,,,,,,,,,
11880.8,6.76E-05,,,,,,,,,,,,
11880.85,5.88E-05,,,,,,,,,,,,
11880.9,2.96E-05,,,,,,,,,,,,
11880.95,4.72E-05,,,,,,,,,,,,
11881,3.85E-05,,,,,,,,,,,,
11881.05,1.17E-05,,,,,,,,,,,,
11881.1,4.11E-05,,,,,,,,,,,,
11881.15,4.87E-05,,,,,,,,,,,,
11881.2,4.02E-05,,,,,,,,,,,,
11881.25,5.06E-05,,,,,,,,,,,,
11881.25,4.33E-05,,,,,,,,,,,,
11881.3,3.42E-05,,,,,,,,,,,,
11881.35,2.74E-05,,,,,,,,,,,,
11881.4,4.57E-05,,,,,,,,,,,,
11881.45,8.41E-05,,,,,,,,,,,,
11881.5,0.000102292,,,,,,,,,,,,
11881.55,8.55E-05,,,,,,,,,,,,
11881.6,7.14E-05,,,,,,,,,,,,
11881.65,6.54E-05,,,,,,,,,,,,
11881.7,4.48E-05,,,,,,,,,,,,
11881.75,6.24E-05,,,,,,,,,,,,
11881.75,8.11E-05,,,,,,,,,,,,
11881.8,3.60E-05,,,,,,,,,,,,
11881.85,3.93E-05,,,,,,,,,,,,
11881.9,4.19E-05,,,,,,,,,,,,
11881.95,8.06E-05,,,,,,,,,,,,
11882,8.28E-05,,,,,,,,,,,,
11882.05,3.76E-05,,,,,,,,,,,,
11882.1,3.43E-05,,,,,,,,,,,,
11882.15,6.33E-05,,,,,,,,,,,,
11882.2,7.27E-05,,,,,,,,,,,,
11882.25,4.92E-05,,,,,,,,,,,,
11882.25,3.18E-05,,,,,,,,,,,,
11882.3,2.20E-05,,,,,,,,,,,,
11882.35,6.80E-05,,,,,,,,,,,,
11882.4,6.63E-05,,,,,,,,,,,,
11882.45,4.52E-05,,,,,,,,,,,,
11882.5,8.23E-05,,,,,,,,,,,,
11882.55,0.00010237,,,,,,,,,,,,
11882.6,5.25E-05,,,,,,,,,,,,
11882.65,6.42E-05,,,,,,,,,,,,
11882.7,3.39E-05,,,,,,,,,,,,
11882.75,3.87E-05,,,,,,,,,,,,
11882.75,0.000110571,,,,,,,,,,,,
11882.8,5.60E-05,,,,,,,,,,,,
11882.85,4.27E-05,,,,,,,,,,,,
11882.9,3.83E-05,,,,,,,,,,,,
11882.95,3.52E-05,,,,,,,,,,,,
11883,6.05E-05,,,,,,,,,,,,
11883.05,5.64E-05,,,,,,,,,,,,
11883.1,3.76E-05,,,,,,,,,,,,
11883.15,4.43E-05,,,,,,,,,,,,
11883.2,3.71E-05,,,,,,,,,,,,
11883.25,1.44E-05,,,,,,,,,,,,
11883.25,7.49E-05,,,,,,,,,,,,
11883.3,2.93E-05,,,,,,,,,,,,
11883.35,2.00E-05,,,,,,,,,,,,
11883.4,4.04E-05,,,,,,,,,,,,
11883.45,4.14E-05,,,,,,,,,,,,
11883.5,3.56E-05,,,,,,,,,,,,
11883.55,6.36E-05,,,,,,,,,,,,
11883.6,9.71E-05,,,,,,,,,,,,
11883.65,0.000123972,,,,,,,,,,,,
11883.7,0.000120688,,,,,,,,,,,,
11883.75,8.51E-05,,,,,,,,,,,,
11883.75,4.13E-05,,,,,,,,,,,,
11883.8,7.14E-05,,,,,,,,,,,,
11883.85,9.37E-05,,,,,,,,,,,,
11883.9,0.000126125,,,,,,,,,,,,
11883.95,0.000136021,,,,,,,,,,,,
11884,0.00010939,,,,,,,,,,,,
11884.05,7.39E-05,,,,,,,,,,,,
11884.1,4.71E-05,,,,,,,,,,,,
11884.15,3.87E-05,,,,,,,,,,,,
11884.2,6.43E-05,,,,,,,,,,,,
11884.25,7.48E-05,,,,,,,,,,,,
11884.25,8.19E-05,,,,,,,,,,,,
11884.3,1.56E-05,,,,,,,,,,,,
11884.35,3.35E-05,,,,,,,,,,,,
11884.4,6.27E-05,,,,,,,,,,,,
11884.45,6.97E-05,,,,,,,,,,,,
11884.5,7.20E-05,,,,,,,,,,,,
11884.55,9.39E-05,,,,,,,,,,,,
11884.6,0.000118355,,,,,,,,,,,,
11884.65,0.000131536,,,,,,,,,,,,
11884.7,0.000135381,,,,,,,,,,,,
11884.75,0.000114843,,,,,,,,,,,,
11884.75,1.75E-05,,,,,,,,,,,,
11884.8,3.37E-05,,,,,,,,,,,,
11884.85,4.12E-05,,,,,,,,,,,,
11884.9,5.40E-05,,,,,,,,,,,,
11884.95,5.09E-05,,,,,,,,,,,,
11885,4.28E-05,,,,,,,,,,,,
11885.05,6.45E-05,,,,,,,,,,,,
11885.1,8.99E-05,,,,,,,,,,,,
11885.15,6.60E-05,,,,,,,,,,,,
11885.2,9.48E-06,,,,,,,,,,,,
11885.25,5.98E-05,,,,,,,,,,,,
11885.25,0.000100439,,,,,,,,,,,,
11885.3,2.96E-05,,,,,,,,,,,,
11885.35,1.50E-05,,,,,,,,,,,,
11885.4,6.79E-05,,,,,,,,,,,,
11885.45,0.000108282,,,,,,,,,,,,
11885.5,8.34E-05,,,,,,,,,,,,
11885.55,4.93E-05,,,,,,,,,,,,
11885.6,6.40E-05,,,,,,,,,,,,
11885.65,0.000106097,,,,,,,,,,,,
11885.7,0.000127366,,,,,,,,,,,,
11885.75,5.74E-05,,,,,,,,,,,,
11885.75,7.88E-05,,,,,,,,,,,,
11885.8,8.85E-05,,,,,,,,,,,,
11885.85,0.000102741,,,,,,,,,,,,
11885.9,7.60E-05,,,,,,,,,,,,
11885.95,9.61E-05,,,,,,,,,,,,
11886,0.000121698,,,,,,,,,,,,
11886.05,5.06E-05,,,,,,,,,,,,
11886.1,3.63E-05,,,,,,,,,,,,
11886.15,6.15E-05,,,,,,,,,,,,
11886.2,4.51E-05,,,,,,,,,,,,
11886.25,8.70E-06,,,,,,,,,,,,
11886.25,4.65E-05,,,,,,,,,,,,
11886.3,4.27E-05,,,,,,,,,,,,
11886.35,8.05E-05,,,,,,,,,,,,
11886.4,4.61E-05,,,,,,,,,,,,
11886.45,5.25E-05,,,,,,,,,,,,
11886.5,9.83E-05,,,,,,,,,,,,
11886.55,7.27E-05,,,,,,,,,,,,
11886.6,5.74E-05,,,,,,,,,,,,
11886.65,9.51E-05,,,,,,,,,,,,
11886.7,9.86E-05,,,,,,,,,,,,
11886.75,9.29E-05,,,,,,,,,,,,
11886.75,9.08E-05,,,,,,,,,,,,
11886.8,0.000140923,,,,,,,,,,,,
11886.85,0.000158806,,,,,,,,,,,,
11886.9,0.000114098,,,,,,,,,,,,
11886.95,4.20E-05,,,,,,,,,,,,
11887,7.91E-05,,,,,,,,,,,,
11887.05,7.49E-05,,,,,,,,,,,,
11887.1,1.91E-05,,,,,,,,,,,,
11887.15,5.46E-05,,,,,,,,,,,,
11887.2,3.63E-05,,,,,,,,,,,,
11887.25,3.18E-05,,,,,,,,,,,,
11887.25,0.00011504,,,,,,,,,,,,
11887.3,0.000106993,,,,,,,,,,,,
11887.35,7.35E-05,,,,,,,,,,,,
11887.4,5.05E-05,,,,,,,,,,,,
11887.45,4.85E-05,,,,,,,,,,,,
11887.5,4.57E-05,,,,,,,,,,,,
11887.55,1.71E-05,,,,,,,,,,,,
11887.6,3.00E-05,,,,,,,,,,,,
11887.65,7.26E-05,,,,,,,,,,,,
11887.7,0.000110761,,,,,,,,,,,,
11887.75,7.82E-05,,,,,,,,,,,,
11887.75,2.78E-05,,,,,,,,,,,,
11887.8,6.42E-05,,,,,,,,,,,,
11887.85,9.57E-05,,,,,,,,,,,,
11887.9,9.59E-05,,,,,,,,,,,,
11887.95,6.59E-05,,,,,,,,,,,,
11888,1.22E-05,,,,,,,,,,,,
11888.05,3.48E-05,,,,,,,,,,,,
11888.1,3.54E-05,,,,,,,,,,,,
11888.15,4.03E-05,,,,,,,,,,,,
11888.2,7.15E-05,,,,,,,,,,,,
11888.25,8.80E-05,,,,,,,,,,,,
11888.25,1.01E-05,,,,,,,,,,,,
11888.3,2.58E-05,,,,,,,,,,,,
11888.35,4.11E-05,,,,,,,,,,,,
11888.4,4.29E-05,,,,,,,,,,,,
11888.45,7.57E-05,,,,,,,,,,,,
11888.5,8.61E-05,,,,,,,,,,,,
11888.55,5.35E-05,,,,,,,,,,,,
11888.6,2.73E-05,,,,,,,,,,,,
11888.65,4.90E-05,,,,,,,,,,,,
11888.7,7.92E-05,,,,,,,,,,,,
11888.75,0.000122769,,,,,,,,,,,,
11888.75,6.01E-05,,,,,,,,,,,,
11888.8,6.23E-05,,,,,,,,,,,,
11888.85,9.72E-05,,,,,,,,,,,,
11888.9,7.57E-05,,,,,,,,,,,,
11888.95,3.89E-05,,,,,,,,,,,,
11889,4.02E-05,,,,,,,,,,,,
11889.05,1.04E-05,,,,,,,,,,,,
11889.1,4.00E-05,,,,,,,,,,,,
11889.15,4.51E-05,,,,,,,,,,,,
11889.2,7.02E-05,,,,,,,,,,,,
11889.25,6.02E-05,,,,,,,,,,,,
11889.25,2.09E-05,,,,,,,,,,,,
11889.3,4.31E-05,,,,,,,,,,,,
11889.35,3.86E-05,,,,,,,,,,,,
11889.4,2.22E-05,,,,,,,,,,,,
11889.45,6.68E-06,,,,,,,,,,,,
11889.5,1.76E-05,,,,,,,,,,,,
11889.55,1.28E-05,,,,,,,,,,,,
11889.6,3.66E-05,,,,,,,,,,,,
11889.65,5.71E-05,,,,,,,,,,,,
11889.7,5.38E-05,,,,,,,,,,,,
11889.75,4.74E-05,,,,,,,,,,,,
11889.75,5.11E-05,,,,,,,,,,,,
11889.8,8.48E-05,,,,,,,,,,,,
11889.85,7.16E-05,,,,,,,,,,,,
11889.9,8.01E-05,,,,,,,,,,,,
11889.95,9.52E-05,,,,,,,,,,,,
11890,7.50E-05,,,,,,,,,,,,
11890.05,4.24E-05,,,,,,,,,,,,
11890.1,1.46E-05,,,,,,,,,,,,
11890.15,5.10E-05,,,,,,,,,,,,
11890.2,3.11E-05,,,,,,,,,,,,
11890.25,2.41E-05,,,,,,,,,,,,
11890.25,6.13E-05,,,,,,,,,,,,
11890.3,3.92E-05,,,,,,,,,,,,
11890.35,1.03E-06,,,,,,,,,,,,
11890.4,2.15E-05,,,,,,,,,,,,
11890.45,2.55E-05,,,,,,,,,,,,
11890.5,5.54E-05,,,,,,,,,,,,
11890.55,8.06E-05,,,,,,,,,,,,
11890.6,7.33E-05,,,,,,,,,,,,
11890.65,2.37E-05,,,,,,,,,,,,
11890.7,3.79E-05,,,,,,,,,,,,
11890.75,7.00E-05,,,,,,,,,,,,
11890.75,7.86E-05,,,,,,,,,,,,
11890.8,6.16E-05,,,,,,,,,,,,
11890.85,4.56E-05,,,,,,,,,,,,
11890.9,2.53E-05,,,,,,,,,,,,
11890.95,4.70E-05,,,,,,,,,,,,
11891,9.20E-05,,,,,,,,,,,,
11891.05,9.30E-05,,,,,,,,,,,,
11891.1,5.23E-05,,,,,,,,,,,,
11891.15,2.35E-05,,,,,,,,,,,,
11891.2,3.73E-05,,,,,,,,,,,,
11891.25,3.13E-05,,,,,,,,,,,,
11891.25,0.000148214,,,,,,,,,,,,
11891.3,0.000155706,,,,,,,,,,,,
11891.35,0.000126165,,,,,,,,,,,,
11891.4,5.46E-05,,,,,,,,,,,,
11891.45,4.63E-05,,,,,,,,,,,,
11891.5,0.000111249,,,,,,,,,,,,
11891.55,0.000101057,,,,,,,,,,,,
11891.6,6.31E-05,,,,,,,,,,,,
11891.65,3.47E-05,,,,,,,,,,,,
11891.7,1.77E-05,,,,,,,,,,,,
11891.75,8.08E-05,,,,,,,,,,,,
11891.75,2.66E-05,,,,,,,,,,,,
11891.8,2.58E-05,,,,,,,,,,,,
11891.85,4.01E-05,,,,,,,,,,,,
11891.9,2.09E-05,,,,,,,,,,,,
11891.95,2.57E-05,,,,,,,,,,,,
11892,4.77E-05,,,,,,,,,,,,
11892.05,5.10E-05,,,,,,,,,,,,
11892.1,3.31E-05,,,,,,,,,,,,
11892.15,2.58E-05,,,,,,,,,,,,
11892.2,4.38E-05,,,,,,,,,,,,
11892.25,5.59E-05,,,,,,,,,,,,
11892.25,2.31E-05,,,,,,,,,,,,
11892.3,4.89E-05,,,,,,,,,,,,
11892.35,5.59E-05,,,,,,,,,,,,
11892.4,3.02E-05,,,,,,,,,,,,
11892.45,3.65E-05,,,,,,,,,,,,
11892.5,7.69E-05,,,,,,,,,,,,
11892.55,8.83E-05,,,,,,,,,,,,
11892.6,6.10E-05,,,,,,,,,,,,
11892.65,2.25E-05,,,,,,,,,,,,
11892.7,2.37E-05,,,,,,,,,,,,
11892.75,5.76E-05,,,,,,,,,,,,
11892.75,4.58E-05,,,,,,,,,,,,
11892.8,5.59E-05,,,,,,,,,,,,
11892.85,9.41E-05,,,,,,,,,,,,
11892.9,0.000135221,,,,,,,,,,,,
11892.95,0.000116345,,,,,,,,,,,,
11893,4.87E-05,,,,,,,,,,,,
11893.05,5.98E-05,,,,,,,,,,,,
11893.1,6.11E-05,,,,,,,,,,,,
11893.15,5.78E-05,,,,,,,,,,,,
11893.2,6.34E-05,,,,,,,,,,,,
11893.25,6.35E-05,,,,,,,,,,,,
11893.25,4.55E-05,,,,,,,,,,,,
11893.3,4.76E-05,,,,,,,,,,,,
11893.35,5.05E-05,,,,,,,,,,,,
11893.4,7.04E-05,,,,,,,,,,,,
11893.45,8.82E-05,,,,,,,,,,,,
11893.5,7.15E-05,,,,,,,,,,,,
11893.55,3.96E-05,,,,,,,,,,,,
11893.6,3.33E-05,,,,,,,,,,,,
11893.65,3.42E-05,,,,,,,,,,,,
11893.7,5.94E-05,,,,,,,,,,,,
11893.75,5.85E-05,,,,,,,,,,,,
11893.75,2.50E-05,,,,,,,,,,,,
11893.8,3.88E-05,,,,,,,,,,,,
11893.85,3.75E-05,,,,,,,,,,,,
11893.9,3.52E-05,,,,,,,,,,,,
11893.95,2.03E-05,,,,,,,,,,,,
11894,4.82E-05,,,,,,,,,,,,
11894.05,8.75E-05,,,,,,,,,,,,
11894.1,8.69E-05,,,,,,,,,,,,
11894.15,6.96E-05,,,,,,,,,,,,
11894.2,7.53E-05,,,,,,,,,,,,
11894.25,8.33E-05,,,,,,,,,,,,
11894.25,5.50E-05,,,,,,,,,,,,
11894.3,2.86E-05,,,,,,,,,,,,
11894.35,1.48E-05,,,,,,,,,,,,
11894.4,1.39E-05,,,,,,,,,,,,
11894.45,4.50E-05,,,,,,,,,,,,
11894.5,6.65E-05,,,,,,,,,,,,
11894.55,5.47E-05,,,,,,,,,,,,
11894.6,2.49E-05,,,,,,,,,,,,
11894.65,1.32E-05,,,,,,,,,,,,
11894.7,4.02E-05,,,,,,,,,,,,
11894.75,3.70E-05,,,,,,,,,,,,
11894.75,6.48E-05,,,,,,,,,,,,
11894.8,6.00E-05,,,,,,,,,,,,
11894.85,5.77E-05,,,,,,,,,,,,
11894.9,7.30E-05,,,,,,,,,,,,
11894.95,7.48E-05,,,,,,,,,,,,
11895,4.85E-05,,,,,,,,,,,,
11895.05,4.84E-05,,,,,,,,,,,,
11895.1,5.54E-05,,,,,,,,,,,,
11895.15,4.06E-05,,,,,,,,,,,,
11895.2,5.55E-05,,,,,,,,,,,,
11895.25,8.14E-05,,,,,,,,,,,,
11895.25,4.83E-05,,,,,,,,,,,,
11895.3,4.19E-05,,,,,,,,,,,,
11895.35,6.63E-05,,,,,,,,,,,,
11895.4,8.34E-05,,,,,,,,,,,,
11895.45,6.10E-05,,,,,,,,,,,,
11895.5,1.79E-05,,,,,,,,,,,,
11895.55,1.74E-05,,,,,,,,,,,,
11895.6,2.80E-05,,,,,,,,,,,,
11895.65,4.16E-05,,,,,,,,,,,,
11895.7,4.13E-05,,,,,,,,,,,,
11895.75,4.81E-05,,,,,,,,,,,,
11895.75,5.66E-05,,,,,,,,,,,,
11895.8,4.89E-05,,,,,,,,,,,,
11895.85,2.91E-05,,,,,,,,,,,,
11895.9,3.37E-05,,,,,,,,,,,,
11895.95,4.17E-05,,,,,,,,,,,,
11896,4.67E-05,,,,,,,,,,,,
11896.05,4.27E-05,,,,,,,,,,,,
11896.1,1.11E-05,,,,,,,,,,,,
11896.15,1.46E-05,,,,,,,,,,,,
11896.2,2.41E-05,,,,,,,,,,,,
11896.25,7.02E-05,,,,,,,,,,,,
11896.25,5.44E-05,,,,,,,,,,,,
11896.3,4.99E-05,,,,,,,,,,,,
11896.35,1.27E-05,,,,,,,,,,,,
11896.4,6.13E-05,,,,,,,,,,,,
11896.45,9.45E-05,,,,,,,,,,,,
11896.5,9.75E-05,,,,,,,,,,,,
11896.55,6.23E-05,,,,,,,,,,,,
11896.6,2.02E-05,,,,,,,,,,,,
11896.65,3.23E-05,,,,,,,,,,,,
11896.7,4.16E-05,,,,,,,,,,,,
11896.75,6.11E-05,,,,,,,,,,,,
11896.75,1.41E-05,,,,,,,,,,,,
11896.8,3.78E-05,,,,,,,,,,,,
11896.85,5.68E-05,,,,,,,,,,,,
11896.9,4.50E-05,,,,,,,,,,,,
11896.95,2.26E-05,,,,,,,,,,,,
11897,1.57E-05,,,,,,,,,,,,
11897.05,4.50E-05,,,,,,,,,,,,
11897.1,8.45E-05,,,,,,,,,,,,
11897.15,8.02E-05,,,,,,,,,,,,
11897.2,4.72E-05,,,,,,,,,,,,
11897.25,1.93E-05,,,,,,,,,,,,
11897.25,7.46E-05,,,,,,,,,,,,
11897.3,3.23E-05,,,,,,,,,,,,
11897.35,2.50E-05,,,,,,,,,,,,
11897.4,2.59E-05,,,,,,,,,,,,
11897.45,1.29E-05,,,,,,,,,,,,
11897.5,5.62E-06,,,,,,,,,,,,
11897.55,5.55E-05,,,,,,,,,,,,
11897.6,7.67E-05,,,,,,,,,,,,
11897.65,6.51E-05,,,,,,,,,,,,
11897.7,5.93E-05,,,,,,,,,,,,
11897.75,6.49E-05,,,,,,,,,,,,
11897.75,6.95E-05,,,,,,,,,,,,
11897.8,4.80E-05,,,,,,,,,,,,
11897.85,1.84E-05,,,,,,,,,,,,
11897.9,3.67E-05,,,,,,,,,,,,
11897.95,5.80E-05,,,,,,,,,,,,
11898,7.62E-05,,,,,,,,,,,,
11898.05,7.21E-05,,,,,,,,,,,,
11898.1,3.20E-05,,,,,,,,,,,,
11898.15,1.92E-05,,,,,,,,,,,,
11898.2,4.48E-05,,,,,,,,,,,,
11898.25,4.30E-05,,,,,,,,,,,,
11898.25,3.75E-05,,,,,,,,,,,,
11898.3,3.89E-05,,,,,,,,,,,,
11898.35,2.28E-05,,,,,,,,,,,,
11898.4,1.60E-05,,,,,,,,,,,,
11898.45,4.25E-05,,,,,,,,,,,,
11898.5,5.79E-05,,,,,,,,,,,,
11898.55,5.35E-05,,,,,,,,,,,,
11898.6,3.11E-05,,,,,,,,,,,,
11898.65,2.43E-05,,,,,,,,,,,,
11898.7,1.30E-05,,,,,,,,,,,,
11898.75,1.67E-05,,,,,,,,,,,,
11898.75,3.64E-05,,,,,,,,,,,,
11898.8,4.79E-05,,,,,,,,,,,,
11898.85,4.03E-05,,,,,,,,,,,,
11898.9,2.88E-05,,,,,,,,,,,,
11898.95,1.89E-05,,,,,,,,,,,,
11899,6.62E-06,,,,,,,,,,,,
11899.05,3.32E-05,,,,,,,,,,,,
11899.1,6.20E-05,,,,,,,,,,,,
11899.15,5.92E-05,,,,,,,,,,,,
11899.2,3.65E-05,,,,,,,,,,,,
11899.25,2.45E-05,,,,,,,,,,,,
11899.25,9.31E-05,,,,,,,,,,,,
11899.3,0.000101808,,,,,,,,,,,,
11899.35,9.13E-05,,,,,,,,,,,,
11899.4,0.000100374,,,,,,,,,,,,
11899.45,8.70E-05,,,,,,,,,,,,
11899.5,5.66E-05,,,,,,,,,,,,
11899.55,4.71E-05,,,,,,,,,,,,
11899.6,0.000101225,,,,,,,,,,,,
11899.65,0.000134024,,,,,,,,,,,,
11899.7,0.000111869,,,,,,,,,,,,
11899.75,7.61E-05,,,,,,,,,,,,
11899.75,5.65E-05,,,,,,,,,,,,
11899.8,4.37E-05,,,,,,,,,,,,
11899.85,3.51E-05,,,,,,,,,,,,
11899.9,4.74E-05,,,,,,,,,,,,
11899.95,3.63E-05,,,,,,,,,,,,
11900,3.94E-05,,,,,,,,,,,,
11900.05,5.01E-05,,,,,,,,,,,,
11900.1,6.03E-05,,,,,,,,,,,,
11900.15,9.28E-05,,,,,,,,,,,,
11900.2,9.72E-05,,,,,,,,,,,,
11900.25,8.59E-05,,,,,,,,,,,,
11900.25,6.74E-06,,,,,,,,,,,,
11900.3,2.55E-06,,,,,,,,,,,,
11900.35,3.68E-05,,,,,,,,,,,,
11900.4,5.66E-05,,,,,,,,,,,,
11900.45,3.66E-05,,,,,,,,,,,,
11900.5,2.96E-05,,,,,,,,,,,,
11900.55,3.65E-05,,,,,,,,,,,,
11900.6,2.01E-05,,,,,,,,,,,,
11900.65,1.88E-05,,,,,,,,,,,,
11900.7,6.14E-05,,,,,,,,,,,,
11900.75,8.07E-05,,,,,,,,,,,,
11900.75,3.05E-05,,,,,,,,,,,,
11900.8,3.05E-05,,,,,,,,,,,,
11900.85,2.92E-05,,,,,,,,,,,,
11900.9,1.52E-05,,,,,,,,,,,,
11900.95,1.82E-05,,,,,,,,,,,,
11901,4.81E-05,,,,,,,,,,,,
11901.05,5.65E-05,,,,,,,,,,,,
11901.1,4.74E-05,,,,,,,,,,,,
11901.15,4.84E-05,,,,,,,,,,,,
11901.2,5.16E-05,,,,,,,,,,,,
11901.25,6.24E-05,,,,,,,,,,,,
11901.25,3.62E-05,,,,,,,,,,,,
11901.3,3.21E-05,,,,,,,,,,,,
11901.35,2.22E-05,,,,,,,,,,,,
11901.4,5.60E-05,,,,,,,,,,,,
11901.45,5.68E-05,,,,,,,,,,,,
11901.5,2.64E-05,,,,,,,,,,,,
11901.55,1.79E-05,,,,,,,,,,,,
11901.6,4.98E-05,,,,,,,,,,,,
11901.65,7.14E-05,,,,,,,,,,,,
11901.7,6.61E-05,,,,,,,,,,,,
11901.75,5.25E-05,,,,,,,,,,,,
11901.75,4.80E-05,,,,,,,,,,,,
11901.8,8.12E-05,,,,,,,,,,,,
11901.85,5.38E-05,,,,,,,,,,,,
11901.9,5.98E-06,,,,,,,,,,,,
11901.95,2.78E-05,,,,,,,,,,,,
11902,1.11E-05,,,,,,,,,,,,
11902.05,2.94E-05,,,,,,,,,,,,
11902.1,4.92E-05,,,,,,,,,,,,
11902.15,3.89E-05,,,,,,,,,,,,
11902.2,5.60E-05,,,,,,,,,,,,
11902.25,5.46E-05,,,,,,,,,,,,
11902.25,5.76E-05,,,,,,,,,,,,
11902.3,7.44E-05,,,,,,,,,,,,
11902.35,4.69E-05,,,,,,,,,,,,
11902.4,2.56E-05,,,,,,,,,,,,
11902.45,5.74E-05,,,,,,,,,,,,
11902.5,6.21E-05,,,,,,,,,,,,
11902.55,4.74E-05,,,,,,,,,,,,
11902.6,4.49E-05,,,,,,,,,,,,
11902.65,4.36E-05,,,,,,,,,,,,
11902.7,3.76E-05,,,,,,,,,,,,
11902.75,3.80E-05,,,,,,,,,,,,
11902.75,5.93E-05,,,,,,,,,,,,
11902.8,3.48E-05,,,,,,,,,,,,
11902.85,2.59E-05,,,,,,,,,,,,
11902.9,3.09E-05,,,,,,,,,,,,
11902.95,3.60E-05,,,,,,,,,,,,
11903,3.76E-05,,,,,,,,,,,,
11903.05,2.00E-05,,,,,,,,,,,,
11903.1,2.98E-05,,,,,,,,,,,,
11903.15,4.68E-05,,,,,,,,,,,,
11903.2,3.39E-05,,,,,,,,,,,,
11903.25,2.19E-05,,,,,,,,,,,,
11903.25,4.56E-05,,,,,,,,,,,,
11903.3,5.50E-05,,,,,,,,,,,,
11903.35,3.67E-05,,,,,,,,,,,,
11903.4,3.88E-05,,,,,,,,,,,,
11903.45,6.82E-05,,,,,,,,,,,,
11903.5,7.87E-05,,,,,,,,,,,,
11903.55,7.83E-05,,,,,,,,,,,,
11903.6,6.55E-05,,,,,,,,,,,,
11903.65,4.77E-05,,,,,,,,,,,,
11903.7,3.52E-05,,,,,,,,,,,,
11903.75,3.72E-05,,,,,,,,,,,,
11903.75,4.25E-05,,,,,,,,,,,,
11903.8,3.42E-05,,,,,,,,,,,,
11903.85,5.35E-05,,,,,,,,,,,,
11903.9,4.56E-05,,,,,,,,,,,,
11903.95,3.16E-05,,,,,,,,,,,,
11904,2.28E-05,,,,,,,,,,,,
11904.05,3.11E-05,,,,,,,,,,,,
11904.1,6.74E-05,,,,,,,,,,,,
11904.15,7.96E-05,,,,,,,,,,,,
11904.2,5.58E-05,,,,,,,,,,,,
11904.25,3.35E-05,,,,,,,,,,,,
11904.25,8.58E-06,,,,,,,,,,,,
11904.3,2.96E-05,,,,,,,,,,,,
11904.35,5.07E-05,,,,,,,,,,,,
11904.4,2.61E-05,,,,,,,,,,,,
11904.45,1.24E-05,,,,,,,,,,,,
11904.5,2.34E-05,,,,,,,,,,,,
11904.55,2.82E-05,,,,,,,,,,,,
11904.6,4.05E-05,,,,,,,,,,,,
11904.65,3.16E-05,,,,,,,,,,,,
11904.7,2.90E-05,,,,,,,,,,,,
11904.75,3.73E-05,,,,,,,,,,,,
11904.75,5.93E-05,,,,,,,,,,,,
11904.8,3.61E-05,,,,,,,,,,,,
11904.85,2.93E-05,,,,,,,,,,,,
11904.9,4.61E-05,,,,,,,,,,,,
11904.95,6.03E-05,,,,,,,,,,,,
11905,5.42E-05,,,,,,,,,,,,
11905.05,2.79E-05,,,,,,,,,,,,
11905.1,2.87E-05,,,,,,,,,,,,
11905.15,1.82E-05,,,,,,,,,,,,
11905.2,2.46E-05,,,,,,,,,,,,
11905.25,6.13E-05,,,,,,,,,,,,
11905.25,3.80E-05,,,,,,,,,,,,
11905.3,2.69E-05,,,,,,,,,,,,
11905.35,3.76E-05,,,,,,,,,,,,
11905.4,6.31E-05,,,,,,,,,,,,
11905.45,7.44E-05,,,,,,,,,,,,
11905.5,7.41E-05,,,,,,,,,,,,
11905.55,7.17E-05,,,,,,,,,,,,
11905.6,4.91E-05,,,,,,,,,,,,
11905.65,2.82E-05,,,,,,,,,,,,
11905.7,4.94E-05,,,,,,,,,,,,
11905.75,7.46E-05,,,,,,,,,,,,
11905.75,3.18E-05,,,,,,,,,,,,
11905.8,4.66E-05,,,,,,,,,,,,
11905.85,4.60E-05,,,,,,,,,,,,
11905.9,5.35E-05,,,,,,,,,,,,
11905.95,6.04E-05,,,,,,,,,,,,
11906,4.68E-05,,,,,,,,,,,,
11906.05,3.62E-05,,,,,,,,,,,,
11906.1,5.00E-05,,,,,,,,,,,,
11906.15,3.64E-05,,,,,,,,,,,,
11906.2,1.74E-05,,,,,,,,,,,,
11906.25,5.89E-05,,,,,,,,,,,,
11906.25,3.31E-05,,,,,,,,,,,,
11906.3,5.04E-05,,,,,,,,,,,,
11906.35,4.25E-05,,,,,,,,,,,,
11906.4,1.23E-05,,,,,,,,,,,,
11906.45,3.39E-05,,,,,,,,,,,,
11906.5,3.65E-05,,,,,,,,,,,,
11906.55,2.37E-05,,,,,,,,,,,,
11906.6,1.69E-05,,,,,,,,,,,,
11906.65,2.34E-05,,,,,,,,,,,,
11906.7,2.46E-05,,,,,,,,,,,,
11906.75,1.14E-05,,,,,,,,,,,,
11906.75,4.84E-05,,,,,,,,,,,,
11906.8,5.23E-05,,,,,,,,,,,,
11906.85,4.01E-05,,,,,,,,,,,,
11906.9,2.77E-05,,,,,,,,,,,,
11906.95,6.56E-05,,,,,,,,,,,,
11907,0.0001003,,,,,,,,,,,,
11907.05,9.85E-05,,,,,,,,,,,,
11907.1,7.01E-05,,,,,,,,,,,,
11907.15,5.45E-05,,,,,,,,,,,,
11907.2,5.90E-05,,,,,,,,,,,,
11907.25,4.71E-05,,,,,,,,,,,,
11907.25,2.79E-05,,,,,,,,,,,,
11907.3,3.44E-06,,,,,,,,,,,,
11907.35,3.39E-05,,,,,,,,,,,,
11907.4,3.42E-05,,,,,,,,,,,,
11907.45,2.21E-05,,,,,,,,,,,,
11907.5,3.65E-05,,,,,,,,,,,,
11907.55,4.39E-05,,,,,,,,,,,,
11907.6,4.70E-05,,,,,,,,,,,,
11907.65,4.72E-05,,,,,,,,,,,,
11907.7,3.81E-05,,,,,,,,,,,,
11907.75,8.36E-06,,,,,,,,,,,,
11907.75,4.12E-05,,,,,,,,,,,,
11907.8,7.69E-05,,,,,,,,,,,,
11907.85,8.01E-05,,,,,,,,,,,,
11907.9,5.07E-05,,,,,,,,,,,,
11907.95,2.40E-05,,,,,,,,,,,,
11908,2.44E-05,,,,,,,,,,,,
11908.05,4.64E-05,,,,,,,,,,,,
11908.1,8.51E-05,,,,,,,,,,,,
11908.15,6.58E-05,,,,,,,,,,,,
11908.2,3.25E-05,,,,,,,,,,,,
11908.25,2.18E-05,,,,,,,,,,,,
11908.25,5.68E-05,,,,,,,,,,,,
11908.3,5.09E-05,,,,,,,,,,,,
11908.35,5.41E-05,,,,,,,,,,,,
11908.4,4.52E-05,,,,,,,,,,,,
11908.45,5.05E-05,,,,,,,,,,,,
11908.5,7.03E-05,,,,,,,,,,,,
11908.55,6.69E-05,,,,,,,,,,,,
11908.6,5.86E-05,,,,,,,,,,,,
11908.65,4.78E-05,,,,,,,,,,,,
11908.7,2.02E-05,,,,,,,,,,,,
11908.75,4.14E-05,,,,,,,,,,,,
11908.75,1.47E-05,,,,,,,,,,,,
11908.8,2.04E-05,,,,,,,,,,,,
11908.85,2.91E-05,,,,,,,,,,,,
11908.9,3.80E-05,,,,,,,,,,,,
11908.95,6.10E-05,,,,,,,,,,,,
11909,8.85E-05,,,,,,,,,,,,
11909.05,7.37E-05,,,,,,,,,,,,
11909.1,4.24E-05,,,,,,,,,,,,
11909.15,4.06E-05,,,,,,,,,,,,
11909.2,1.75E-05,,,,,,,,,,,,
11909.25,1.77E-05,,,,,,,,,,,,
11909.25,5.52E-05,,,,,,,,,,,,
11909.3,8.46E-05,,,,,,,,,,,,
11909.35,8.61E-05,,,,,,,,,,,,
11909.4,5.57E-05,,,,,,,,,,,,
11909.45,4.95E-05,,,,,,,,,,,,
11909.5,4.22E-05,,,,,,,,,,,,
11909.55,5.93E-06,,,,,,,,,,,,
11909.6,3.37E-05,,,,,,,,,,,,
11909.65,1.89E-05,,,,,,,,,,,,
11909.7,1.62E-05,,,,,,,,,,,,
11909.75,2.89E-05,,,,,,,,,,,,
11909.75,7.57E-05,,,,,,,,,,,,
11909.8,8.05E-05,,,,,,,,,,,,
11909.85,6.03E-05,,,,,,,,,,,,
11909.9,3.87E-05,,,,,,,,,,,,
11909.95,5.27E-05,,,,,,,,,,,,
11910,8.24E-05,,,,,,,,,,,,
11910.05,7.92E-05,,,,,,,,,,,,
11910.1,4.53E-05,,,,,,,,,,,,
11910.15,2.81E-05,,,,,,,,,,,,
11910.2,1.77E-05,,,,,,,,,,,,
11910.25,4.46E-06,,,,,,,,,,,,
11910.25,5.11E-05,,,,,,,,,,,,
11910.3,1.74E-05,,,,,,,,,,,,
11910.35,1.30E-05,,,,,,,,,,,,
11910.4,2.92E-05,,,,,,,,,,,,
11910.45,6.01E-05,,,,,,,,,,,,
11910.5,8.46E-05,,,,,,,,,,,,
11910.55,9.40E-05,,,,,,,,,,,,
11910.6,9.15E-05,,,,,,,,,,,,
11910.65,7.10E-05,,,,,,,,,,,,
11910.7,3.92E-05,,,,,,,,,,,,
11910.75,1.78E-05,,,,,,,,,,,,
11910.75,4.41E-05,,,,,,,,,,,,
11910.8,7.72E-05,,,,,,,,,,,,
11910.85,5.77E-05,,,,,,,,,,,,
11910.9,3.32E-05,,,,,,,,,,,,
11910.95,4.59E-05,,,,,,,,,,,,
11911,4.68E-05,,,,,,,,,,,,
11911.05,3.96E-05,,,,,,,,,,,,
11911.1,2.98E-05,,,,,,,,,,,,
11911.15,2.92E-05,,,,,,,,,,,,
11911.2,3.28E-05,,,,,,,,,,,,
11911.25,5.77E-05,,,,,,,,,,,,
11911.25,5.09E-05,,,,,,,,,,,,
11911.3,3.76E-05,,,,,,,,,,,,
11911.35,4.57E-05,,,,,,,,,,,,
11911.4,6.51E-05,,,,,,,,,,,,
11911.45,6.36E-05,,,,,,,,,,,,
11911.5,4.35E-05,,,,,,,,,,,,
11911.55,2.21E-05,,,,,,,,,,,,
11911.6,8.90E-06,,,,,,,,,,,,
11911.65,1.30E-05,,,,,,,,,,,,
11911.7,3.24E-05,,,,,,,,,,,,
11911.75,3.45E-05,,,,,,,,,,,,
11911.75,3.46E-05,,,,,,,,,,,,
11911.8,1.52E-05,,,,,,,,,,,,
11911.85,2.59E-05,,,,,,,,,,,,
11911.9,2.94E-05,,,,,,,,,,,,
11911.95,5.85E-05,,,,,,,,,,,,
11912,0.000102727,,,,,,,,,,,,
11912.05,0.00012,,,,,,,,,,,,
11912.1,0.000101922,,,,,,,,,,,,
11912.15,7.02E-05,,,,,,,,,,,,
11912.2,4.20E-05,,,,,,,,,,,,
11912.25,4.86E-05,,,,,,,,,,,,
11912.25,4.88E-05,,,,,,,,,,,,
11912.3,4.55E-05,,,,,,,,,,,,
11912.35,4.19E-05,,,,,,,,,,,,
11912.4,3.27E-05,,,,,,,,,,,,
11912.45,1.94E-05,,,,,,,,,,,,
11912.5,1.37E-05,,,,,,,,,,,,
11912.55,1.38E-05,,,,,,,,,,,,
11912.6,1.97E-05,,,,,,,,,,,,
11912.65,1.42E-05,,,,,,,,,,,,
11912.7,4.68E-05,,,,,,,,,,,,
11912.75,7.83E-05,,,,,,,,,,,,
11912.75,4.15E-05,,,,,,,,,,,,
11912.8,6.07E-05,,,,,,,,,,,,
11912.85,5.35E-05,,,,,,,,,,,,
11912.9,6.64E-05,,,,,,,,,,,,
11912.95,8.04E-05,,,,,,,,,,,,
11913,7.85E-05,,,,,,,,,,,,
11913.05,5.87E-05,,,,,,,,,,,,
11913.1,5.68E-05,,,,,,,,,,,,
11913.15,6.69E-05,,,,,,,,,,,,
11913.2,7.43E-05,,,,,,,,,,,,
11913.25,8.20E-05,,,,,,,,,,,,
11913.25,5.35E-05,,,,,,,,,,,,
11913.3,3.56E-05,,,,,,,,,,,,
11913.35,4.43E-05,,,,,,,,,,,,
11913.4,6.51E-05,,,,,,,,,,,,
11913.45,4.42E-05,,,,,,,,,,,,
11913.5,3.37E-05,,,,,,,,,,,,
11913.55,7.12E-05,,,,,,,,,,,,
11913.6,5.67E-05,,,,,,,,,,,,
11913.65,5.62E-05,,,,,,,,,,,,
11913.7,7.64E-05,,,,,,,,,,,,
11913.75,7.19E-05,,,,,,,,,,,,
11913.75,5.46E-06,,,,,,,,,,,,
11913.8,1.07E-05,,,,,,,,,,,,
11913.85,9.35E-06,,,,,,,,,,,,
11913.9,1.32E-05,,,,,,,,,,,,
11913.95,4.15E-05,,,,,,,,,,,,
11914,5.44E-05,,,,,,,,,,,,
11914.05,5.80E-05,,,,,,,,,,,,
11914.1,7.91E-05,,,,,,,,,,,,
11914.15,7.95E-05,,,,,,,,,,,,
11914.2,5.92E-05,,,,,,,,,,,,
11914.25,4.46E-05,,,,,,,,,,,,
11914.25,2.10E-05,,,,,,,,,,,,
11914.3,2.01E-05,,,,,,,,,,,,
11914.35,1.81E-05,,,,,,,,,,,,
11914.4,2.37E-05,,,,,,,,,,,,
11914.45,6.03E-05,,,,,,,,,,,,
11914.5,5.93E-05,,,,,,,,,,,,
11914.55,6.47E-05,,,,,,,,,,,,
11914.6,6.72E-05,,,,,,,,,,,,
11914.65,3.41E-05,,,,,,,,,,,,
11914.7,2.09E-05,,,,,,,,,,,,
11914.75,2.25E-05,,,,,,,,,,,,
11914.75,0.000131067,,,,,,,,,,,,
11914.8,8.38E-05,,,,,,,,,,,,
11914.85,2.51E-05,,,,,,,,,,,,
11914.9,3.20E-05,,,,,,,,,,,,
11914.95,4.66E-05,,,,,,,,,,,,
11915,4.23E-05,,,,,,,,,,,,
11915.05,1.58E-05,,,,,,,,,,,,
11915.1,3.48E-06,,,,,,,,,,,,
11915.15,1.50E-05,,,,,,,,,,,,
11915.2,3.65E-05,,,,,,,,,,,,
11915.25,5.33E-05,,,,,,,,,,,,
11915.25,6.62E-05,,,,,,,,,,,,
11915.3,2.42E-05,,,,,,,,,,,,
11915.35,3.21E-05,,,,,,,,,,,,
11915.4,3.27E-05,,,,,,,,,,,,
11915.45,3.44E-05,,,,,,,,,,,,
11915.5,4.99E-05,,,,,,,,,,,,
11915.55,4.06E-05,,,,,,,,,,,,
11915.6,4.44E-05,,,,,,,,,,,,
11915.65,6.84E-05,,,,,,,,,,,,
11915.7,7.19E-05,,,,,,,,,,,,
11915.75,6.07E-05,,,,,,,,,,,,
11915.75,4.56E-05,,,,,,,,,,,,
11915.8,3.45E-05,,,,,,,,,,,,
11915.85,1.42E-05,,,,,,,,,,,,
11915.9,1.70E-05,,,,,,,,,,,,
11915.95,3.28E-05,,,,,,,,,,,,
11916,2.44E-05,,,,,,,,,,,,
11916.05,1.27E-05,,,,,,,,,,,,
11916.1,1.42E-05,,,,,,,,,,,,
11916.15,3.55E-06,,,,,,,,,,,,
11916.2,1.50E-05,,,,,,,,,,,,
11916.25,2.27E-05,,,,,,,,,,,,
11916.25,8.31E-05,,,,,,,,,,,,
11916.3,9.49E-05,,,,,,,,,,,,
11916.35,7.89E-05,,,,,,,,,,,,
11916.4,3.41E-05,,,,,,,,,,,,
11916.45,5.48E-05,,,,,,,,,,,,
11916.5,9.88E-05,,,,,,,,,,,,
11916.55,8.25E-05,,,,,,,,,,,,
11916.6,4.94E-05,,,,,,,,,,,,
11916.65,5.39E-05,,,,,,,,,,,,
11916.7,2.99E-05,,,,,,,,,,,,
11916.75,1.75E-05,,,,,,,,,,,,
11916.75,4.15E-05,,,,,,,,,,,,
11916.8,5.55E-05,,,,,,,,,,,,
11916.85,4.01E-05,,,,,,,,,,,,
11916.9,3.99E-05,,,,,,,,,,,,
11916.95,6.47E-05,,,,,,,,,,,,
11917,7.15E-05,,,,,,,,,,,,
11917.05,5.96E-05,,,,,,,,,,,,
11917.1,3.56E-05,,,,,,,,,,,,
11917.15,2.36E-05,,,,,,,,,,,,
11917.2,2.96E-05,,,,,,,,,,,,
11917.25,5.85E-05,,,,,,,,,,,,
11917.25,7.38E-05,,,,,,,,,,,,
11917.3,4.58E-05,,,,,,,,,,,,
11917.35,1.79E-05,,,,,,,,,,,,
11917.4,4.64E-05,,,,,,,,,,,,
11917.45,6.52E-05,,,,,,,,,,,,
11917.5,5.75E-05,,,,,,,,,,,,
11917.55,3.56E-05,,,,,,,,,,,,
11917.6,5.56E-05,,,,,,,,,,,,
11917.65,7.60E-05,,,,,,,,,,,,
11917.7,5.83E-05,,,,,,,,,,,,
11917.75,2.29E-05,,,,,,,,,,,,
11917.75,7.28E-05,,,,,,,,,,,,
11917.8,7.88E-05,,,,,,,,,,,,
11917.85,4.22E-05,,,,,,,,,,,,
11917.9,5.00E-06,,,,,,,,,,,,
11917.95,3.02E-05,,,,,,,,,,,,
11918,3.87E-05,,,,,,,,,,,,
11918.05,2.67E-05,,,,,,,,,,,,
11918.1,2.48E-05,,,,,,,,,,,,
11918.15,1.02E-05,,,,,,,,,,,,
11918.2,2.95E-05,,,,,,,,,,,,
11918.25,2.80E-05,,,,,,,,,,,,
11918.25,5.09E-05,,,,,,,,,,,,
11918.3,4.52E-05,,,,,,,,,,,,
11918.35,5.27E-05,,,,,,,,,,,,
11918.4,7.70E-05,,,,,,,,,,,,
11918.45,8.15E-05,,,,,,,,,,,,
11918.5,8.05E-05,,,,,,,,,,,,
11918.55,8.08E-05,,,,,,,,,,,,
11918.6,6.83E-05,,,,,,,,,,,,
11918.65,4.90E-05,,,,,,,,,,,,
11918.7,5.55E-05,,,,,,,,,,,,
11918.75,5.56E-05,,,,,,,,,,,,
11918.75,5.50E-05,,,,,,,,,,,,
11918.8,2.32E-05,,,,,,,,,,,,
11918.85,2.91E-05,,,,,,,,,,,,
11918.9,5.00E-05,,,,,,,,,,,,
11918.95,4.65E-05,,,,,,,,,,,,
11919,4.17E-05,,,,,,,,,,,,
11919.05,4.84E-05,,,,,,,,,,,,
11919.1,4.41E-05,,,,,,,,,,,,
11919.15,1.28E-05,,,,,,,,,,,,
11919.2,2.13E-05,,,,,,,,,,,,
11919.25,5.92E-06,,,,,,,,,,,,
11919.25,6.22E-05,,,,,,,,,,,,
11919.3,6.64E-05,,,,,,,,,,,,
11919.35,5.53E-05,,,,,,,,,,,,
11919.4,4.14E-05,,,,,,,,,,,,
11919.45,2.33E-05,,,,,,,,,,,,
11919.5,4.97E-05,,,,,,,,,,,,
11919.55,8.12E-05,,,,,,,,,,,,
11919.6,9.66E-05,,,,,,,,,,,,
11919.65,9.52E-05,,,,,,,,,,,,
11919.7,6.40E-05,,,,,,,,,,,,
11919.75,1.85E-05,,,,,,,,,,,,
11919.75,4.64E-05,,,,,,,,,,,,
11919.8,4.60E-05,,,,,,,,,,,,
11919.85,3.47E-05,,,,,,,,,,,,
11919.9,6.07E-05,,,,,,,,,,,,
11919.95,5.82E-05,,,,,,,,,,,,
11920,2.51E-05,,,,,,,,,,,,
11920.05,2.57E-05,,,,,,,,,,,,
11920.1,2.03E-05,,,,,,,,,,,,
11920.15,3.40E-05,,,,,,,,,,,,
11920.2,2.78E-05,,,,,,,,,,,,
11920.25,1.31E-05,,,,,,,,,,,,
11920.25,2.06E-05,,,,,,,,,,,,
11920.3,4.88E-05,,,,,,,,,,,,
11920.35,5.66E-05,,,,,,,,,,,,
11920.4,4.14E-05,,,,,,,,,,,,
11920.45,4.04E-05,,,,,,,,,,,,
11920.5,0.000113428,,,,,,,,,,,,
11920.55,0.000112555,,,,,,,,,,,,
11920.6,3.84E-05,,,,,,,,,,,,
11920.65,2.94E-05,,,,,,,,,,,,
11920.7,4.08E-05,,,,,,,,,,,,
11920.75,9.19E-06,,,,,,,,,,,,
11920.75,3.89E-05,,,,,,,,,,,,
11920.8,5.57E-05,,,,,,,,,,,,
11920.85,6.43E-05,,,,,,,,,,,,
11920.9,6.15E-05,,,,,,,,,,,,
11920.95,5.74E-05,,,,,,,,,,,,
11921,8.13E-05,,,,,,,,,,,,
11921.05,8.18E-05,,,,,,,,,,,,
11921.1,3.32E-05,,,,,,,,,,,,
11921.15,2.85E-05,,,,,,,,,,,,
11921.2,5.56E-05,,,,,,,,,,,,
11921.25,6.06E-05,,,,,,,,,,,,
11921.25,7.85E-05,,,,,,,,,,,,
11921.3,6.65E-05,,,,,,,,,,,,
11921.35,3.75E-05,,,,,,,,,,,,
11921.4,4.13E-05,,,,,,,,,,,,
11921.45,5.61E-05,,,,,,,,,,,,
11921.5,6.47E-05,,,,,,,,,,,,
11921.55,8.09E-05,,,,,,,,,,,,
11921.6,0.00010357,,,,,,,,,,,,
11921.65,8.90E-05,,,,,,,,,,,,
11921.7,1.79E-05,,,,,,,,,,,,
11921.75,7.53E-05,,,,,,,,,,,,
11921.75,3.74E-05,,,,,,,,,,,,
11921.8,3.50E-05,,,,,,,,,,,,
11921.85,3.26E-05,,,,,,,,,,,,
11921.9,3.94E-05,,,,,,,,,,,,
11921.95,6.79E-05,,,,,,,,,,,,
11922,0.000101316,,,,,,,,,,,,
11922.05,8.66E-05,,,,,,,,,,,,
11922.1,5.16E-05,,,,,,,,,,,,
11922.15,3.71E-05,,,,,,,,,,,,
11922.2,1.90E-05,,,,,,,,,,,,
11922.25,1.69E-05,,,,,,,,,,,,
11922.25,1.80E-05,,,,,,,,,,,,
11922.3,3.14E-05,,,,,,,,,,,,
11922.35,1.05E-05,,,,,,,,,,,,
11922.4,5.36E-05,,,,,,,,,,,,
11922.45,9.18E-05,,,,,,,,,,,,
11922.5,9.43E-05,,,,,,,,,,,,
11922.55,8.82E-05,,,,,,,,,,,,
11922.6,0.000101944,,,,,,,,,,,,
11922.65,8.77E-05,,,,,,,,,,,,
11922.7,3.91E-05,,,,,,,,,,,,
11922.75,4.23E-05,,,,,,,,,,,,
11922.75,7.28E-05,,,,,,,,,,,,
11922.8,3.45E-05,,,,,,,,,,,,
11922.85,5.49E-05,,,,,,,,,,,,
11922.9,3.81E-05,,,,,,,,,,,,
11922.95,2.40E-05,,,,,,,,,,,,
11923,9.67E-06,,,,,,,,,,,,
11923.05,4.70E-05,,,,,,,,,,,,
11923.1,5.94E-05,,,,,,,,,,,,
11923.15,5.17E-05,,,,,,,,,,,,
11923.2,7.84E-05,,,,,,,,,,,,
11923.25,6.32E-05,,,,,,,,,,,,
11923.25,8.55E-05,,,,,,,,,,,,
11923.3,6.81E-05,,,,,,,,,,,,
11923.35,4.72E-05,,,,,,,,,,,,
11923.4,4.04E-05,,,,,,,,,,,,
11923.45,3.52E-05,,,,,,,,,,,,
11923.5,1.98E-05,,,,,,,,,,,,
11923.55,2.38E-05,,,,,,,,,,,,
11923.6,4.93E-05,,,,,,,,,,,,
11923.65,8.00E-05,,,,,,,,,,,,
11923.7,7.69E-05,,,,,,,,,,,,
11923.75,4.75E-05,,,,,,,,,,,,
11923.75,3.88E-05,,,,,,,,,,,,
11923.8,6.14E-05,,,,,,,,,,,,
11923.85,7.00E-05,,,,,,,,,,,,
11923.9,5.30E-05,,,,,,,,,,,,
11923.95,3.17E-05,,,,,,,,,,,,
11924,2.73E-05,,,,,,,,,,,,
11924.05,2.20E-05,,,,,,,,,,,,
11924.1,4.44E-05,,,,,,,,,,,,
11924.15,4.83E-05,,,,,,,,,,,,
11924.2,3.47E-05,,,,,,,,,,,,
11924.25,8.63E-05,,,,,,,,,,,,
11924.25,3.46E-05,,,,,,,,,,,,
11924.3,5.03E-05,,,,,,,,,,,,
11924.35,6.83E-05,,,,,,,,,,,,
11924.4,7.35E-05,,,,,,,,,,,,
11924.45,6.50E-05,,,,,,,,,,,,
11924.5,4.22E-05,,,,,,,,,,,,
11924.55,5.02E-05,,,,,,,,,,,,
11924.6,6.73E-05,,,,,,,,,,,,
11924.65,2.81E-05,,,,,,,,,,,,
11924.7,7.19E-05,,,,,,,,,,,,
11924.75,8.79E-05,,,,,,,,,,,,
11924.75,2.31E-05,,,,,,,,,,,,
11924.8,7.99E-05,,,,,,,,,,,,
11924.85,8.63E-05,,,,,,,,,,,,
11924.9,4.05E-05,,,,,,,,,,,,
11924.95,1.48E-05,,,,,,,,,,,,
11925,4.21E-05,,,,,,,,,,,,
11925.05,6.61E-05,,,,,,,,,,,,
11925.1,4.58E-05,,,,,,,,,,,,
11925.15,1.54E-05,,,,,,,,,,,,
11925.2,4.09E-05,,,,,,,,,,,,
11925.25,5.29E-05,,,,,,,,,,,,
11925.25,6.37E-05,,,,,,,,,,,,
11925.3,7.14E-05,,,,,,,,,,,,
11925.35,4.97E-05,,,,,,,,,,,,
11925.4,2.27E-05,,,,,,,,,,,,
11925.45,6.24E-05,,,,,,,,,,,,
11925.5,4.47E-05,,,,,,,,,,,,
11925.55,1.80E-05,,,,,,,,,,,,
11925.6,4.25E-05,,,,,,,,,,,,
11925.65,7.37E-05,,,,,,,,,,,,
11925.7,8.30E-05,,,,,,,,,,,,
11925.75,6.71E-05,,,,,,,,,,,,
11925.75,6.31E-06,,,,,,,,,,,,
11925.8,1.52E-05,,,,,,,,,,,,
11925.85,2.67E-05,,,,,,,,,,,,
11925.9,3.69E-05,,,,,,,,,,,,
11925.95,3.39E-05,,,,,,,,,,,,
11926,2.70E-05,,,,,,,,,,,,
11926.05,5.65E-06,,,,,,,,,,,,
11926.1,3.80E-05,,,,,,,,,,,,
11926.15,2.42E-05,,,,,,,,,,,,
11926.2,2.38E-05,,,,,,,,,,,,
11926.25,2.33E-05,,,,,,,,,,,,
11926.25,0.000359512,,,,,,,,,,,,
11926.3,0.0009784,,,,,,,,,,,,
11926.35,0.001298,,,,,,,,,,,,
11926.4,0.000903646,,,,,,,,,,,,
11926.45,0.000254462,,,,,,,,,,,,
11926.5,5.81E-05,,,,,,,,,,,,
11926.55,5.27E-05,,,,,,,,,,,,
11926.6,5.21E-06,,,,,,,,,,,,
11926.65,1.43E-05,,,,,,,,,,,,
11926.7,1.08E-05,,,,,,,,,,,,
11926.75,3.81E-05,,,,,,,,,,,,
11926.75,7.95E-05,,,,,,,,,,,,
11926.8,4.34E-05,,,,,,,,,,,,
11926.85,1.09E-05,,,,,,,,,,,,
11926.9,3.66E-05,,,,,,,,,,,,
11926.95,3.59E-05,,,,,,,,,,,,
11927,3.35E-05,,,,,,,,,,,,
11927.05,3.62E-05,,,,,,,,,,,,
11927.1,4.20E-05,,,,,,,,,,,,
11927.15,3.95E-05,,,,,,,,,,,,
11927.2,7.44E-05,,,,,,,,,,,,
11927.25,0.000432483,,,,,,,,,,,,
11927.25,3.10E-05,,,,,,,,,,,,
11927.3,4.95E-05,,,,,,,,,,,,
11927.35,7.38E-05,,,,,,,,,,,,
11927.4,6.59E-05,,,,,,,,,,,,
11927.45,3.26E-05,,,,,,,,,,,,
11927.5,1.52E-05,,,,,,,,,,,,
11927.55,4.72E-05,,,,,,,,,,,,
11927.6,5.46E-05,,,,,,,,,,,,
11927.65,7.17E-05,,,,,,,,,,,,
11927.7,8.49E-05,,,,,,,,,,,,
11927.75,7.93E-05,,,,,,,,,,,,
11927.75,6.79E-05,,,,,,,,,,,,
11927.8,6.94E-05,,,,,,,,,,,,
11927.85,6.12E-05,,,,,,,,,,,,
11927.9,6.06E-05,,,,,,,,,,,,
11927.95,7.06E-05,,,,,,,,,,,,
11928,7.59E-05,,,,,,,,,,,,
11928.05,9.83E-05,,,,,,,,,,,,
11928.1,9.72E-05,,,,,,,,,,,,
11928.15,6.49E-05,,,,,,,,,,,,
11928.2,1.72E-05,,,,,,,,,,,,
11928.25,2.93E-05,,,,,,,,,,,,
11928.25,1.73E-05,,,,,,,,,,,,
11928.3,3.66E-05,,,,,,,,,,,,
11928.35,5.80E-05,,,,,,,,,,,,
11928.4,7.08E-05,,,,,,,,,,,,
11928.45,6.28E-05,,,,,,,,,,,,
11928.5,3.77E-05,,,,,,,,,,,,
11928.55,5.54E-05,,,,,,,,,,,,
11928.6,8.20E-05,,,,,,,,,,,,
11928.65,4.90E-05,,,,,,,,,,,,
11928.7,6.23E-06,,,,,,,,,,,,
11928.75,1.65E-05,,,,,,,,,,,,
11928.75,2.00E-05,,,,,,,,,,,,
11928.8,3.50E-05,,,,,,,,,,,,
11928.85,4.51E-05,,,,,,,,,,,,
11928.9,3.13E-05,,,,,,,,,,,,
11928.95,4.25E-05,,,,,,,,,,,,
11929,4.87E-05,,,,,,,,,,,,
11929.05,3.25E-05,,,,,,,,,,,,
11929.1,3.85E-05,,,,,,,,,,,,
11929.15,7.34E-05,,,,,,,,,,,,
11929.2,4.31E-05,,,,,,,,,,,,
11929.25,1.71E-05,,,,,,,,,,,,
11929.25,2.51E-05,,,,,,,,,,,,
11929.3,4.40E-05,,,,,,,,,,,,
11929.35,5.97E-05,,,,,,,,,,,,
11929.4,6.03E-05,,,,,,,,,,,,
11929.45,4.70E-05,,,,,,,,,,,,
11929.5,3.06E-05,,,,,,,,,,,,
11929.55,1.93E-05,,,,,,,,,,,,
11929.6,3.26E-05,,,,,,,,,,,,
11929.65,4.62E-05,,,,,,,,,,,,
11929.7,5.77E-05,,,,,,,,,,,,
11929.75,6.62E-05,,,,,,,,,,,,
11929.75,8.90E-05,,,,,,,,,,,,
11929.8,8.76E-05,,,,,,,,,,,,
11929.85,6.12E-05,,,,,,,,,,,,
11929.9,2.11E-05,,,,,,,,,,,,
11929.95,8.94E-06,,,,,,,,,,,,
11930,3.67E-05,,,,,,,,,,,,
11930.05,8.89E-05,,,,,,,,,,,,
11930.1,7.44E-05,,,,,,,,,,,,
11930.15,5.57E-05,,,,,,,,,,,,
11930.2,8.51E-05,,,,,,,,,,,,
11930.25,6.09E-05,,,,,,,,,,,,
11930.25,2.14E-05,,,,,,,,,,,,
11930.3,6.30E-05,,,,,,,,,,,,
11930.35,7.96E-05,,,,,,,,,,,,
11930.4,4.89E-05,,,,,,,,,,,,
11930.45,1.28E-05,,,,,,,,,,,,
11930.5,1.93E-05,,,,,,,,,,,,
11930.55,3.17E-05,,,,,,,,,,,,
11930.6,5.37E-05,,,,,,,,,,,,
11930.65,7.76E-05,,,,,,,,,,,,
11930.7,7.47E-05,,,,,,,,,,,,
11930.75,4.38E-05,,,,,,,,,,,,
11930.75,1.35E-05,,,,,,,,,,,,
11930.8,3.62E-05,,,,,,,,,,,,
11930.85,6.84E-05,,,,,,,,,,,,
11930.9,2.32E-05,,,,,,,,,,,,
11930.95,6.67E-05,,,,,,,,,,,,
11931,8.07E-05,,,,,,,,,,,,
11931.05,6.25E-05,,,,,,,,,,,,
11931.1,5.90E-05,,,,,,,,,,,,
11931.15,7.51E-05,,,,,,,,,,,,
11931.2,4.38E-05,,,,,,,,,,,,
11931.25,2.48E-05,,,,,,,,,,,,
11931.25,3.65E-05,,,,,,,,,,,,
11931.3,2.12E-05,,,,,,,,,,,,
11931.35,3.75E-05,,,,,,,,,,,,
11931.4,4.06E-05,,,,,,,,,,,,
11931.45,0.000106615,,,,,,,,,,,,
11931.5,8.80E-05,,,,,,,,,,,,
11931.55,1.91E-05,,,,,,,,,,,,
11931.6,5.77E-05,,,,,,,,,,,,
11931.65,4.69E-05,,,,,,,,,,,,
11931.7,3.47E-05,,,,,,,,,,,,
11931.75,3.28E-05,,,,,,,,,,,,
11931.75,8.66E-05,,,,,,,,,,,,
11931.8,5.99E-05,,,,,,,,,,,,
11931.85,1.25E-05,,,,,,,,,,,,
11931.9,5.46E-05,,,,,,,,,,,,
11931.95,8.01E-05,,,,,,,,,,,,
11932,8.83E-05,,,,,,,,,,,,
11932.05,9.19E-05,,,,,,,,,,,,
11932.1,9.48E-05,,,,,,,,,,,,
11932.15,8.59E-05,,,,,,,,,,,,
11932.2,5.87E-05,,,,,,,,,,,,
11932.25,7.44E-05,,,,,,,,,,,,
11932.25,2.99E-05,,,,,,,,,,,,
11932.3,4.55E-05,,,,,,,,,,,,
11932.35,5.09E-05,,,,,,,,,,,,
11932.4,5.10E-05,,,,,,,,,,,,
11932.45,2.43E-05,,,,,,,,,,,,
11932.5,4.86E-05,,,,,,,,,,,,
11932.55,7.42E-05,,,,,,,,,,,,
11932.6,6.00E-05,,,,,,,,,,,,
11932.65,6.71E-05,,,,,,,,,,,,
11932.7,7.71E-05,,,,,,,,,,,,
11932.75,6.42E-05,,,,,,,,,,,,
11932.75,2.44E-05,,,,,,,,,,,,
11932.8,4.50E-05,,,,,,,,,,,,
11932.85,7.59E-05,,,,,,,,,,,,
11932.9,6.75E-05,,,,,,,,,,,,
11932.95,4.19E-05,,,,,,,,,,,,
11933,2.91E-05,,,,,,,,,,,,
11933.05,3.62E-05,,,,,,,,,,,,
11933.1,5.25E-05,,,,,,,,,,,,
11933.15,6.02E-05,,,,,,,,,,,,
11933.2,2.49E-05,,,,,,,,,,,,
11933.25,2.41E-05,,,,,,,,,,,,
11933.25,4.14E-06,,,,,,,,,,,,
11933.3,2.70E-05,,,,,,,,,,,,
11933.35,2.52E-05,,,,,,,,,,,,
11933.4,1.80E-05,,,,,,,,,,,,
11933.45,2.53E-05,,,,,,,,,,,,
11933.5,6.58E-06,,,,,,,,,,,,
11933.55,2.88E-05,,,,,,,,,,,,
11933.6,2.75E-05,,,,,,,,,,,,
11933.65,2.35E-05,,,,,,,,,,,,
11933.7,7.07E-05,,,,,,,,,,,,
11933.75,0.000104932,,,,,,,,,,,,
11933.75,1.10E-05,,,,,,,,,,,,
11933.8,4.82E-05,,,,,,,,,,,,
11933.85,4.16E-05,,,,,,,,,,,,
11933.9,5.65E-05,,,,,,,,,,,,
11933.95,8.68E-05,,,,,,,,,,,,
11934,6.90E-05,,,,,,,,,,,,
11934.05,5.14E-05,,,,,,,,,,,,
11934.1,3.16E-05,,,,,,,,,,,,
11934.15,3.10E-05,,,,,,,,,,,,
11934.2,7.03E-05,,,,,,,,,,,,
11934.25,8.86E-05,,,,,,,,,,,,
11934.25,1.43E-05,,,,,,,,,,,,
11934.3,1.44E-05,,,,,,,,,,,,
11934.35,3.45E-05,,,,,,,,,,,,
11934.4,3.16E-05,,,,,,,,,,,,
11934.45,2.36E-05,,,,,,,,,,,,
11934.5,6.12E-05,,,,,,,,,,,,
11934.55,6.17E-05,,,,,,,,,,,,
11934.6,6.71E-05,,,,,,,,,,,,
11934.65,0.000114382,,,,,,,,,,,,
11934.7,0.000125231,,,,,,,,,,,,
11934.75,0.000101813,,,,,,,,,,,,
11934.75,3.23E-05,,,,,,,,,,,,
11934.8,2.41E-05,,,,,,,,,,,,
11934.85,8.97E-05,,,,,,,,,,,,
11934.9,0.000110335,,,,,,,,,,,,
11934.95,7.69E-05,,,,,,,,,,,,
11935,3.05E-05,,,,,,,,,,,,
11935.05,2.04E-05,,,,,,,,,,,,
11935.1,3.28E-05,,,,,,,,,,,,
11935.15,1.80E-05,,,,,,,,,,,,
11935.2,3.05E-05,,,,,,,,,,,,
11935.25,4.53E-05,,,,,,,,,,,,
11935.25,6.05E-05,,,,,,,,,,,,
11935.3,4.42E-05,,,,,,,,,,,,
11935.35,4.35E-05,,,,,,,,,,,,
11935.4,7.40E-05,,,,,,,,,,,,
11935.45,4.96E-05,,,,,,,,,,,,
11935.5,2.25E-05,,,,,,,,,,,,
11935.55,1.51E-05,,,,,,,,,,,,
11935.6,4.24E-05,,,,,,,,,,,,
11935.65,7.88E-05,,,,,,,,,,,,
11935.7,6.32E-05,,,,,,,,,,,,
11935.75,3.52E-05,,,,,,,,,,,,
11935.75,9.85E-05,,,,,,,,,,,,
11935.8,9.99E-05,,,,,,,,,,,,
11935.85,8.35E-05,,,,,,,,,,,,
11935.9,6.83E-05,,,,,,,,,,,,
11935.95,8.79E-05,,,,,,,,,,,,
11936,0.000118827,,,,,,,,,,,,
11936.05,9.02E-05,,,,,,,,,,,,
11936.1,2.11E-05,,,,,,,,,,,,
11936.15,3.60E-05,,,,,,,,,,,,
11936.2,5.98E-05,,,,,,,,,,,,
11936.25,6.20E-05,,,,,,,,,,,,
11936.25,6.19E-05,,,,,,,,,,,,
11936.3,6.79E-05,,,,,,,,,,,,
11936.35,6.92E-05,,,,,,,,,,,,
11936.4,0.000102568,,,,,,,,,,,,
11936.45,0.000121357,,,,,,,,,,,,
11936.5,0.00011197,,,,,,,,,,,,
11936.55,0.000101478,,,,,,,,,,,,
11936.6,0.000118096,,,,,,,,,,,,
11936.65,0.00012298,,,,,,,,,,,,
11936.7,0.000106765,,,,,,,,,,,,
11936.75,0.000109746,,,,,,,,,,,,
11936.75,2.60E-05,,,,,,,,,,,,
11936.8,5.36E-05,,,,,,,,,,,,
11936.85,6.90E-05,,,,,,,,,,,,
11936.9,6.55E-05,,,,,,,,,,,,
11936.95,3.85E-05,,,,,,,,,,,,
11937,1.77E-05,,,,,,,,,,,,
11937.05,5.71E-05,,,,,,,,,,,,
11937.1,6.85E-05,,,,,,,,,,,,
11937.15,4.69E-05,,,,,,,,,,,,
11937.2,2.11E-05,,,,,,,,,,,,
11937.25,4.58E-05,,,,,,,,,,,,
11937.25,4.71E-05,,,,,,,,,,,,
11937.3,1.79E-05,,,,,,,,,,,,
11937.35,9.21E-06,,,,,,,,,,,,
11937.4,2.29E-05,,,,,,,,,,,,
11937.45,3.41E-05,,,,,,,,,,,,
11937.5,4.43E-05,,,,,,,,,,,,
11937.55,5.87E-05,,,,,,,,,,,,
11937.6,6.02E-05,,,,,,,,,,,,
11937.65,6.53E-05,,,,,,,,,,,,
11937.7,8.53E-05,,,,,,,,,,,,
11937.75,6.09E-05,,,,,,,,,,,,
11937.75,3.93E-05,,,,,,,,,,,,
11937.8,4.98E-05,,,,,,,,,,,,
11937.85,6.09E-05,,,,,,,,,,,,
11937.9,6.43E-05,,,,,,,,,,,,
11937.95,5.31E-05,,,,,,,,,,,,
11938,3.22E-05,,,,,,,,,,,,
11938.05,2.83E-05,,,,,,,,,,,,
11938.1,3.52E-05,,,,,,,,,,,,
11938.15,5.67E-05,,,,,,,,,,,,
11938.2,5.53E-05,,,,,,,,,,,,
11938.25,5.49E-05,,,,,,,,,,,,
11938.25,3.50E-05,,,,,,,,,,,,
11938.3,5.40E-05,,,,,,,,,,,,
11938.35,6.88E-05,,,,,,,,,,,,
11938.4,6.64E-05,,,,,,,,,,,,
11938.45,4.27E-05,,,,,,,,,,,,
11938.5,3.70E-05,,,,,,,,,,,,
11938.55,5.41E-05,,,,,,,,,,,,
11938.6,5.46E-05,,,,,,,,,,,,
11938.65,2.58E-05,,,,,,,,,,,,
11938.7,3.76E-05,,,,,,,,,,,,
11938.75,4.59E-05,,,,,,,,,,,,
11938.75,1.93E-05,,,,,,,,,,,,
11938.8,3.20E-05,,,,,,,,,,,,
11938.85,1.26E-05,,,,,,,,,,,,
11938.9,5.22E-05,,,,,,,,,,,,
11938.95,8.23E-05,,,,,,,,,,,,
11939,7.59E-05,,,,,,,,,,,,
11939.05,5.09E-05,,,,,,,,,,,,
11939.1,5.84E-05,,,,,,,,,,,,
11939.15,7.36E-05,,,,,,,,,,,,
11939.2,7.61E-05,,,,,,,,,,,,
11939.25,6.54E-05,,,,,,,,,,,,
11939.25,7.12E-05,,,,,,,,,,,,
11939.3,3.46E-05,,,,,,,,,,,,
11939.35,8.77E-06,,,,,,,,,,,,
11939.4,3.79E-05,,,,,,,,,,,,
11939.45,9.36E-05,,,,,,,,,,,,
11939.5,0.000111793,,,,,,,,,,,,
11939.55,9.46E-05,,,,,,,,,,,,
11939.6,7.03E-05,,,,,,,,,,,,
11939.65,4.22E-05,,,,,,,,,,,,
11939.7,7.19E-05,,,,,,,,,,,,
11939.75,6.73E-05,,,,,,,,,,,,
11939.75,5.36E-05,,,,,,,,,,,,
11939.8,3.38E-05,,,,,,,,,,,,
11939.85,5.31E-05,,,,,,,,,,,,
11939.9,7.13E-05,,,,,,,,,,,,
11939.95,5.23E-05,,,,,,,,,,,,
11940,1.83E-05,,,,,,,,,,,,
11940.05,4.11E-05,,,,,,,,,,,,
11940.1,5.04E-05,,,,,,,,,,,,
11940.15,6.84E-05,,,,,,,,,,,,
11940.2,7.11E-05,,,,,,,,,,,,
11940.25,1.24E-05,,,,,,,,,,,,
11940.25,4.04E-05,,,,,,,,,,,,
11940.3,4.67E-05,,,,,,,,,,,,
11940.35,5.74E-05,,,,,,,,,,,,
11940.4,5.26E-05,,,,,,,,,,,,
11940.45,4.52E-05,,,,,,,,,,,,
11940.5,5.86E-05,,,,,,,,,,,,
11940.55,6.70E-05,,,,,,,,,,,,
11940.6,3.61E-05,,,,,,,,,,,,
11940.65,1.26E-05,,,,,,,,,,,,
11940.7,4.90E-05,,,,,,,,,,,,
11940.75,6.29E-05,,,,,,,,,,,,
11940.75,3.36E-05,,,,,,,,,,,,
11940.8,8.00E-05,,,,,,,,,,,,
11940.85,0.000134724,,,,,,,,,,,,
11940.9,0.000137125,,,,,,,,,,,,
11940.95,0.000112811,,,,,,,,,,,,
11941,9.19E-05,,,,,,,,,,,,
11941.05,7.68E-05,,,,,,,,,,,,
11941.1,4.78E-05,,,,,,,,,,,,
11941.15,2.88E-05,,,,,,,,,,,,
11941.2,5.37E-05,,,,,,,,,,,,
11941.25,5.25E-05,,,,,,,,,,,,
11941.25,8.77E-05,,,,,,,,,,,,
11941.3,5.38E-05,,,,,,,,,,,,
11941.35,3.03E-05,,,,,,,,,,,,
11941.4,2.55E-05,,,,,,,,,,,,
11941.45,2.16E-05,,,,,,,,,,,,
11941.5,1.60E-05,,,,,,,,,,,,
11941.55,2.44E-05,,,,,,,,,,,,
11941.6,2.68E-05,,,,,,,,,,,,
11941.65,1.19E-05,,,,,,,,,,,,
11941.7,6.81E-05,,,,,,,,,,,,
11941.75,9.08E-05,,,,,,,,,,,,
11941.75,0.000106291,,,,,,,,,,,,
11941.8,6.97E-05,,,,,,,,,,,,
11941.85,2.75E-05,,,,,,,,,,,,
11941.9,8.17E-05,,,,,,,,,,,,
11941.95,8.90E-05,,,,,,,,,,,,
11942,4.48E-05,,,,,,,,,,,,
11942.05,3.26E-05,,,,,,,,,,,,
11942.1,8.03E-05,,,,,,,,,,,,
11942.15,0.000104501,,,,,,,,,,,,
11942.2,0.000119846,,,,,,,,,,,,
11942.25,0.000122277,,,,,,,,,,,,
11942.25,3.01E-05,,,,,,,,,,,,
11942.3,2.22E-05,,,,,,,,,,,,
11942.35,1.62E-05,,,,,,,,,,,,
11942.4,2.69E-05,,,,,,,,,,,,
11942.45,2.89E-05,,,,,,,,,,,,
11942.5,3.52E-05,,,,,,,,,,,,
11942.55,5.13E-05,,,,,,,,,,,,
11942.6,4.60E-05,,,,,,,,,,,,
11942.65,2.18E-05,,,,,,,,,,,,
11942.7,5.81E-05,,,,,,,,,,,,
11942.75,7.72E-05,,,,,,,,,,,,
11942.75,7.99E-05,,,,,,,,,,,,
11942.8,6.28E-05,,,,,,,,,,,,
11942.85,4.39E-05,,,,,,,,,,,,
11942.9,4.35E-05,,,,,,,,,,,,
11942.95,5.42E-05,,,,,,,,,,,,
11943,4.19E-05,,,,,,,,,,,,
11943.05,3.35E-05,,,,,,,,,,,,
11943.1,3.32E-05,,,,,,,,,,,,
11943.15,2.49E-05,,,,,,,,,,,,
11943.2,3.17E-05,,,,,,,,,,,,
11943.25,4.51E-05,,,,,,,,,,,,
11943.25,0.0001292,,,,,,,,,,,,
11943.3,8.22E-05,,,,,,,,,,,,
11943.35,4.89E-05,,,,,,,,,,,,
11943.4,4.84E-05,,,,,,,,,,,,
11943.45,4.64E-05,,,,,,,,,,,,
11943.5,6.28E-05,,,,,,,,,,,,
11943.55,8.38E-05,,,,,,,,,,,,
11943.6,7.20E-05,,,,,,,,,,,,
11943.65,3.41E-05,,,,,,,,,,,,
11943.7,4.09E-05,,,,,,,,,,,,
11943.75,9.86E-05,,,,,,,,,,,,
11943.75,0.00010095,,,,,,,,,,,,
11943.8,0.000112647,,,,,,,,,,,,
11943.85,0.000122752,,,,,,,,,,,,
11943.9,0.000136612,,,,,,,,,,,,
11943.95,0.000128361,,,,,,,,,,,,
11944,0.000107563,,,,,,,,,,,,
11944.05,0.000110242,,,,,,,,,,,,
11944.1,7.78E-05,,,,,,,,,,,,
11944.15,1.62E-05,,,,,,,,,,,,
11944.2,3.87E-05,,,,,,,,,,,,
11944.25,4.69E-06,,,,,,,,,,,,
11944.25,3.60E-05,,,,,,,,,,,,
11944.3,1.22E-05,,,,,,,,,,,,
11944.35,3.10E-05,,,,,,,,,,,,
11944.4,3.25E-05,,,,,,,,,,,,
11944.45,3.78E-05,,,,,,,,,,,,
11944.5,5.91E-05,,,,,,,,,,,,
11944.55,5.67E-05,,,,,,,,,,,,
11944.6,2.27E-05,,,,,,,,,,,,
11944.65,5.13E-05,,,,,,,,,,,,
11944.7,8.21E-05,,,,,,,,,,,,
11944.75,9.22E-05,,,,,,,,,,,,
11944.75,8.45E-05,,,,,,,,,,,,
11944.8,6.99E-05,,,,,,,,,,,,
11944.85,5.71E-05,,,,,,,,,,,,
11944.9,8.58E-05,,,,,,,,,,,,
11944.95,8.19E-05,,,,,,,,,,,,
11945,3.33E-05,,,,,,,,,,,,
11945.05,6.14E-05,,,,,,,,,,,,
11945.1,0.000108472,,,,,,,,,,,,
11945.15,9.44E-05,,,,,,,,,,,,
11945.2,3.83E-05,,,,,,,,,,,,
11945.25,2.36E-05,,,,,,,,,,,,
11945.25,9.88E-05,,,,,,,,,,,,
11945.3,6.97E-05,,,,,,,,,,,,
11945.35,3.43E-05,,,,,,,,,,,,
11945.4,1.99E-05,,,,,,,,,,,,
11945.45,2.77E-05,,,,,,,,,,,,
11945.5,3.85E-05,,,,,,,,,,,,
11945.55,8.36E-05,,,,,,,,,,,,
11945.6,8.90E-05,,,,,,,,,,,,
11945.65,7.65E-05,,,,,,,,,,,,
11945.7,5.05E-05,,,,,,,,,,,,
11945.75,4.40E-05,,,,,,,,,,,,
11945.75,8.40E-05,,,,,,,,,,,,
11945.8,6.50E-05,,,,,,,,,,,,
11945.85,4.61E-05,,,,,,,,,,,,
11945.9,5.95E-05,,,,,,,,,,,,
11945.95,5.82E-05,,,,,,,,,,,,
11946,5.64E-05,,,,,,,,,,,,
11946.05,0.000106437,,,,,,,,,,,,
11946.1,0.000117786,,,,,,,,,,,,
11946.15,7.90E-05,,,,,,,,,,,,
11946.2,7.14E-05,,,,,,,,,,,,
11946.25,6.85E-05,,,,,,,,,,,,
11946.25,7.92E-05,,,,,,,,,,,,
11946.3,0.000111832,,,,,,,,,,,,
11946.35,0.00011539,,,,,,,,,,,,
11946.4,8.48E-05,,,,,,,,,,,,
11946.45,7.70E-05,,,,,,,,,,,,
11946.5,0.000121348,,,,,,,,,,,,
11946.55,0.000160715,,,,,,,,,,,,
11946.6,0.00014304,,,,,,,,,,,,
11946.65,8.38E-05,,,,,,,,,,,,
11946.7,3.66E-05,,,,,,,,,,,,
11946.75,4.69E-05,,,,,,,,,,,,
11946.75,6.13E-05,,,,,,,,,,,,
11946.8,0.000101378,,,,,,,,,,,,
11946.85,0.000120682,,,,,,,,,,,,
11946.9,9.48E-05,,,,,,,,,,,,
11946.95,4.87E-05,,,,,,,,,,,,
11947,2.97E-05,,,,,,,,,,,,
11947.05,5.01E-05,,,,,,,,,,,,
11947.1,6.35E-05,,,,,,,,,,,,
11947.15,4.42E-05,,,,,,,,,,,,
11947.2,5.76E-05,,,,,,,,,,,,
11947.25,7.58E-05,,,,,,,,,,,,
11947.25,5.96E-05,,,,,,,,,,,,
11947.3,4.39E-05,,,,,,,,,,,,
11947.35,2.31E-05,,,,,,,,,,,,
11947.4,7.17E-05,,,,,,,,,,,,
11947.45,8.96E-05,,,,,,,,,,,,
11947.5,6.89E-05,,,,,,,,,,,,
11947.55,3.34E-05,,,,,,,,,,,,
11947.6,4.42E-05,,,,,,,,,,,,
11947.65,8.80E-05,,,,,,,,,,,,
11947.7,9.61E-05,,,,,,,,,,,,
11947.75,7.47E-05,,,,,,,,,,,,
11947.75,5.26E-05,,,,,,,,,,,,
11947.8,8.43E-05,,,,,,,,,,,,
11947.85,0.000112782,,,,,,,,,,,,
11947.9,8.51E-05,,,,,,,,,,,,
11947.95,3.75E-05,,,,,,,,,,,,
11948,2.38E-05,,,,,,,,,,,,
11948.05,4.64E-05,,,,,,,,,,,,
11948.1,8.20E-05,,,,,,,,,,,,
11948.15,9.09E-05,,,,,,,,,,,,
11948.2,6.59E-05,,,,,,,,,,,,
11948.25,6.38E-05,,,,,,,,,,,,
11948.25,7.59E-05,,,,,,,,,,,,
11948.3,3.46E-05,,,,,,,,,,,,
11948.35,3.28E-05,,,,,,,,,,,,
11948.4,0.000101734,,,,,,,,,,,,
11948.45,0.000126203,,,,,,,,,,,,
11948.5,9.31E-05,,,,,,,,,,,,
11948.55,3.79E-05,,,,,,,,,,,,
11948.6,2.55E-06,,,,,,,,,,,,
11948.65,1.79E-05,,,,,,,,,,,,
11948.7,2.81E-05,,,,,,,,,,,,
11948.75,4.55E-05,,,,,,,,,,,,
11948.75,8.77E-05,,,,,,,,,,,,
11948.8,0.000106294,,,,,,,,,,,,
11948.85,0.000109018,,,,,,,,,,,,
11948.9,0.000109512,,,,,,,,,,,,
11948.95,0.000110072,,,,,,,,,,,,
11949,8.48E-05,,,,,,,,,,,,
11949.05,6.54E-05,,,,,,,,,,,,
11949.1,6.26E-05,,,,,,,,,,,,
11949.15,3.81E-05,,,,,,,,,,,,
11949.2,8.47E-05,,,,,,,,,,,,
11949.25,0.000122834,,,,,,,,,,,,
11949.25,3.18E-05,,,,,,,,,,,,
11949.3,2.31E-05,,,,,,,,,,,,
11949.35,1.30E-05,,,,,,,,,,,,
11949.4,2.34E-05,,,,,,,,,,,,
11949.45,3.66E-05,,,,,,,,,,,,
11949.5,7.49E-05,,,,,,,,,,,,
11949.55,0.000125696,,,,,,,,,,,,
11949.6,0.000154172,,,,,,,,,,,,
11949.65,0.000125389,,,,,,,,,,,,
11949.7,4.68E-05,,,,,,,,,,,,
11949.75,5.29E-05,,,,,,,,,,,,
11949.75,8.72E-06,,,,,,,,,,,,
11949.8,6.04E-05,,,,,,,,,,,,
11949.85,8.62E-05,,,,,,,,,,,,
11949.9,8.39E-05,,,,,,,,,,,,
11949.95,5.96E-05,,,,,,,,,,,,
11950,2.95E-05,,,,,,,,,,,,
11950.05,7.87E-05,,,,,,,,,,,,
11950.1,8.93E-05,,,,,,,,,,,,
11950.15,6.96E-05,,,,,,,,,,,,
11950.2,3.28E-05,,,,,,,,,,,,
11950.25,1.61E-05,,,,,,,,,,,,
11950.25,6.78E-05,,,,,,,,,,,,
11950.3,9.24E-05,,,,,,,,,,,,
11950.35,8.59E-05,,,,,,,,,,,,
11950.4,4.82E-05,,,,,,,,,,,,
11950.45,4.57E-05,,,,,,,,,,,,
11950.5,7.59E-05,,,,,,,,,,,,
11950.55,8.65E-05,,,,,,,,,,,,
11950.6,9.29E-05,,,,,,,,,,,,
11950.65,8.42E-05,,,,,,,,,,,,
11950.7,8.54E-05,,,,,,,,,,,,
11950.75,9.84E-05,,,,,,,,,,,,
11950.75,8.61E-05,,,,,,,,,,,,
11950.8,0.000102917,,,,,,,,,,,,
11950.85,4.66E-05,,,,,,,,,,,,
11950.9,2.60E-05,,,,,,,,,,,,
11950.95,4.28E-05,,,,,,,,,,,,
11951,1.31E-05,,,,,,,,,,,,
11951.05,3.90E-05,,,,,,,,,,,,
11951.1,5.39E-05,,,,,,,,,,,,
11951.15,4.74E-05,,,,,,,,,,,,
11951.2,3.86E-05,,,,,,,,,,,,
11951.25,5.19E-05,,,,,,,,,,,,
11951.25,2.02E-05,,,,,,,,,,,,
11951.3,2.91E-05,,,,,,,,,,,,
11951.35,6.42E-05,,,,,,,,,,,,
11951.4,5.57E-05,,,,,,,,,,,,
11951.45,5.60E-05,,,,,,,,,,,,
11951.5,7.59E-05,,,,,,,,,,,,
11951.55,8.77E-05,,,,,,,,,,,,
11951.6,9.42E-05,,,,,,,,,,,,
11951.65,8.49E-05,,,,,,,,,,,,
11951.7,6.75E-05,,,,,,,,,,,,
11951.75,6.55E-05,,,,,,,,,,,,
11951.75,5.69E-05,,,,,,,,,,,,
11951.8,7.39E-05,,,,,,,,,,,,
11951.85,0.000103129,,,,,,,,,,,,
11951.9,0.000111012,,,,,,,,,,,,
11951.95,8.30E-05,,,,,,,,,,,,
11952,6.19E-05,,,,,,,,,,,,
11952.05,4.79E-05,,,,,,,,,,,,
11952.1,2.29E-05,,,,,,,,,,,,
11952.15,7.10E-05,,,,,,,,,,,,
11952.2,9.08E-05,,,,,,,,,,,,
11952.25,8.03E-05,,,,,,,,,,,,
11952.25,5.25E-05,,,,,,,,,,,,
11952.3,2.48E-05,,,,,,,,,,,,
11952.35,5.74E-05,,,,,,,,,,,,
11952.4,9.01E-05,,,,,,,,,,,,
11952.45,8.67E-05,,,,,,,,,,,,
11952.5,7.14E-05,,,,,,,,,,,,
11952.55,7.21E-05,,,,,,,,,,,,
11952.6,7.68E-05,,,,,,,,,,,,
11952.65,6.62E-05,,,,,,,,,,,,
11952.7,3.97E-05,,,,,,,,,,,,
11952.75,1.92E-05,,,,,,,,,,,,
11952.75,6.31E-05,,,,,,,,,,,,
11952.8,3.61E-05,,,,,,,,,,,,
11952.85,6.50E-05,,,,,,,,,,,,
11952.9,6.99E-05,,,,,,,,,,,,
11952.95,2.20E-05,,,,,,,,,,,,
11953,7.24E-05,,,,,,,,,,,,
11953.05,9.75E-05,,,,,,,,,,,,
11953.1,6.55E-05,,,,,,,,,,,,
11953.15,2.83E-05,,,,,,,,,,,,
11953.2,5.31E-05,,,,,,,,,,,,
11953.25,2.20E-05,,,,,,,,,,,,
11953.25,2.42E-05,,,,,,,,,,,,
11953.3,6.24E-05,,,,,,,,,,,,
11953.35,4.56E-05,,,,,,,,,,,,
11953.4,0.000105784,,,,,,,,,,,,
11953.45,0.000122331,,,,,,,,,,,,
11953.5,7.52E-05,,,,,,,,,,,,
11953.55,6.65E-05,,,,,,,,,,,,
11953.6,1.80E-05,,,,,,,,,,,,
11953.65,4.22E-05,,,,,,,,,,,,
11953.7,4.54E-05,,,,,,,,,,,,
11953.75,1.49E-05,,,,,,,,,,,,
11953.75,9.72E-05,,,,,,,,,,,,
11953.8,8.53E-05,,,,,,,,,,,,
11953.85,6.24E-05,,,,,,,,,,,,
11953.9,4.72E-05,,,,,,,,,,,,
11953.95,3.52E-05,,,,,,,,,,,,
11954,2.39E-05,,,,,,,,,,,,
11954.05,2.70E-05,,,,,,,,,,,,
11954.1,4.79E-05,,,,,,,,,,,,
11954.15,6.35E-05,,,,,,,,,,,,
11954.2,6.60E-05,,,,,,,,,,,,
11954.25,7.22E-05,,,,,,,,,,,,
11954.25,2.62E-05,,,,,,,,,,,,
11954.3,3.45E-05,,,,,,,,,,,,
11954.35,7.05E-05,,,,,,,,,,,,
11954.4,8.26E-05,,,,,,,,,,,,
11954.45,9.46E-05,,,,,,,,,,,,
11954.5,7.44E-05,,,,,,,,,,,,
11954.55,3.37E-05,,,,,,,,,,,,
11954.6,8.42E-05,,,,,,,,,,,,
11954.65,8.29E-05,,,,,,,,,,,,
11954.7,4.66E-05,,,,,,,,,,,,
11954.75,4.68E-05,,,,,,,,,,,,
11954.75,0.000112801,,,,,,,,,,,,
11954.8,0.000123039,,,,,,,,,,,,
11954.85,0.000123306,,,,,,,,,,,,
11954.9,0.000100342,,,,,,,,,,,,
11954.95,6.42E-05,,,,,,,,,,,,
11955,5.05E-05,,,,,,,,,,,,
11955.05,5.11E-05,,,,,,,,,,,,
11955.1,3.93E-05,,,,,,,,,,,,
11955.15,6.95E-05,,,,,,,,,,,,
11955.2,0.000104537,,,,,,,,,,,,
11955.25,0.00010913,,,,,,,,,,,,
11955.25,2.49E-05,,,,,,,,,,,,
11955.3,4.37E-05,,,,,,,,,,,,
11955.35,3.77E-05,,,,,,,,,,,,
11955.4,3.59E-05,,,,,,,,,,,,
11955.45,2.94E-05,,,,,,,,,,,,
11955.5,4.64E-05,,,,,,,,,,,,
11955.55,8.93E-05,,,,,,,,,,,,
11955.6,6.89E-05,,,,,,,,,,,,
11955.65,3.70E-05,,,,,,,,,,,,
11955.7,2.57E-05,,,,,,,,,,,,
11955.75,3.70E-05,,,,,,,,,,,,
11955.75,6.53E-05,,,,,,,,,,,,
11955.8,7.98E-05,,,,,,,,,,,,
11955.85,6.47E-05,,,,,,,,,,,,
11955.9,2.85E-05,,,,,,,,,,,,
11955.95,6.54E-05,,,,,,,,,,,,
11956,0.000123084,,,,,,,,,,,,
11956.05,0.000144336,,,,,,,,,,,,
11956.1,9.52E-05,,,,,,,,,,,,
11956.15,1.68E-05,,,,,,,,,,,,
11956.2,3.35E-05,,,,,,,,,,,,
11956.25,3.39E-05,,,,,,,,,,,,
11956.25,1.86E-05,,,,,,,,,,,,
11956.3,2.71E-05,,,,,,,,,,,,
11956.35,3.04E-05,,,,,,,,,,,,
11956.4,3.23E-05,,,,,,,,,,,,
11956.45,3.15E-05,,,,,,,,,,,,
11956.5,6.09E-05,,,,,,,,,,,,
11956.55,6.76E-05,,,,,,,,,,,,
11956.6,2.60E-05,,,,,,,,,,,,
11956.65,2.03E-05,,,,,,,,,,,,
11956.7,1.18E-05,,,,,,,,,,,,
11956.75,3.59E-05,,,,,,,,,,,,
11956.75,6.96E-05,,,,,,,,,,,,
11956.8,6.86E-05,,,,,,,,,,,,
11956.85,4.40E-05,,,,,,,,,,,,
11956.9,4.34E-05,,,,,,,,,,,,
11956.95,5.96E-05,,,,,,,,,,,,
11957,5.71E-05,,,,,,,,,,,,
11957.05,2.02E-05,,,,,,,,,,,,
11957.1,2.45E-05,,,,,,,,,,,,
11957.15,4.92E-05,,,,,,,,,,,,
11957.2,5.55E-05,,,,,,,,,,,,
11957.25,4.81E-05,,,,,,,,,,,,
11957.25,4.43E-05,,,,,,,,,,,,
11957.3,5.41E-05,,,,,,,,,,,,
11957.35,3.67E-05,,,,,,,,,,,,
11957.4,3.00E-05,,,,,,,,,,,,
11957.45,7.24E-05,,,,,,,,,,,,
11957.5,8.86E-05,,,,,,,,,,,,
11957.55,7.45E-05,,,,,,,,,,,,
11957.6,6.51E-05,,,,,,,,,,,,
11957.65,8.15E-05,,,,,,,,,,,,
11957.7,7.35E-05,,,,,,,,,,,,
11957.75,4.38E-05,,,,,,,,,,,,
11957.75,9.72E-05,,,,,,,,,,,,
11957.8,8.47E-05,,,,,,,,,,,,
11957.85,4.23E-05,,,,,,,,,,,,
11957.9,5.01E-05,,,,,,,,,,,,
11957.95,6.87E-05,,,,,,,,,,,,
11958,8.88E-05,,,,,,,,,,,,
11958.05,0.000107209,,,,,,,,,,,,
11958.1,0.000109172,,,,,,,,,,,,
11958.15,0.000103502,,,,,,,,,,,,
11958.2,0.000102895,,,,,,,,,,,,
11958.25,8.68E-05,,,,,,,,,,,,
11958.25,5.70E-05,,,,,,,,,,,,
11958.3,5.74E-05,,,,,,,,,,,,
11958.35,4.34E-05,,,,,,,,,,,,
11958.4,3.66E-05,,,,,,,,,,,,
11958.45,2.90E-05,,,,,,,,,,,,
11958.5,1.92E-05,,,,,,,,,,,,
11958.55,2.25E-05,,,,,,,,,,,,
11958.6,5.36E-05,,,,,,,,,,,,
11958.65,6.55E-05,,,,,,,,,,,,
11958.7,6.70E-05,,,,,,,,,,,,
11958.75,3.92E-05,,,,,,,,,,,,
11958.75,1.36E-05,,,,,,,,,,,,
11958.8,3.09E-05,,,,,,,,,,,,
11958.85,4.22E-05,,,,,,,,,,,,
11958.9,3.81E-05,,,,,,,,,,,,
11958.95,1.58E-05,,,,,,,,,,,,
11959,2.45E-05,,,,,,,,,,,,
11959.05,4.67E-05,,,,,,,,,,,,
11959.1,5.02E-05,,,,,,,,,,,,
11959.15,5.57E-05,,,,,,,,,,,,
11959.2,6.31E-05,,,,,,,,,,,,
11959.25,6.19E-05,,,,,,,,,,,,
11959.25,4.58E-05,,,,,,,,,,,,
11959.3,4.28E-05,,,,,,,,,,,,
11959.35,6.33E-05,,,,,,,,,,,,
11959.4,6.80E-05,,,,,,,,,,,,
11959.45,4.71E-05,,,,,,,,,,,,
11959.5,1.38E-05,,,,,,,,,,,,
11959.55,2.94E-05,,,,,,,,,,,,
11959.6,4.34E-05,,,,,,,,,,,,
11959.65,3.00E-05,,,,,,,,,,,,
11959.7,1.71E-05,,,,,,,,,,,,
11959.75,2.98E-05,,,,,,,,,,,,
11959.75,7.95E-05,,,,,,,,,,,,
11959.8,7.37E-05,,,,,,,,,,,,
11959.85,4.51E-05,,,,,,,,,,,,
11959.9,4.86E-05,,,,,,,,,,,,
11959.95,4.87E-05,,,,,,,,,,,,
11960,5.24E-05,,,,,,,,,,,,
11960.05,7.49E-05,,,,,,,,,,,,
11960.1,8.21E-05,,,,,,,,,,,,
11960.15,5.27E-05,,,,,,,,,,,,
11960.2,1.47E-05,,,,,,,,,,,,
11960.25,3.25E-05,,,,,,,,,,,,
11960.25,4.02E-05,,,,,,,,,,,,
11960.3,2.90E-05,,,,,,,,,,,,
11960.35,3.94E-05,,,,,,,,,,,,
11960.4,2.07E-05,,,,,,,,,,,,
11960.45,8.24E-06,,,,,,,,,,,,
11960.5,1.04E-05,,,,,,,,,,,,
11960.55,5.97E-06,,,,,,,,,,,,
11960.6,1.80E-05,,,,,,,,,,,,
11960.65,4.35E-05,,,,,,,,,,,,
11960.7,4.68E-05,,,,,,,,,,,,
11960.75,3.68E-05,,,,,,,,,,,,
11960.75,7.84E-06,,,,,,,,,,,,
11960.8,2.52E-05,,,,,,,,,,,,
11960.85,5.34E-05,,,,,,,,,,,,
11960.9,7.23E-05,,,,,,,,,,,,
11960.95,6.24E-05,,,,,,,,,,,,
11961,3.14E-05,,,,,,,,,,,,
11961.05,2.43E-05,,,,,,,,,,,,
11961.1,7.44E-05,,,,,,,,,,,,
11961.15,8.96E-05,,,,,,,,,,,,
11961.2,8.61E-05,,,,,,,,,,,,
11961.25,8.08E-05,,,,,,,,,,,,
11961.25,8.09E-05,,,,,,,,,,,,
11961.3,3.46E-05,,,,,,,,,,,,
11961.35,2.47E-05,,,,,,,,,,,,
11961.4,5.99E-05,,,,,,,,,,,,
11961.45,8.39E-05,,,,,,,,,,,,
11961.5,8.32E-05,,,,,,,,,,,,
11961.55,7.40E-05,,,,,,,,,,,,
11961.6,8.77E-05,,,,,,,,,,,,
11961.65,9.30E-05,,,,,,,,,,,,
11961.7,7.86E-05,,,,,,,,,,,,
11961.75,5.25E-05,,,,,,,,,,,,
11961.75,1.70E-05,,,,,,,,,,,,
11961.8,1.99E-05,,,,,,,,,,,,
11961.85,3.10E-05,,,,,,,,,,,,
11961.9,3.18E-05,,,,,,,,,,,,
11961.95,2.05E-05,,,,,,,,,,,,
11962,2.67E-05,,,,,,,,,,,,
11962.05,7.93E-05,,,,,,,,,,,,
11962.1,8.44E-05,,,,,,,,,,,,
11962.15,2.17E-05,,,,,,,,,,,,
11962.2,6.50E-05,,,,,,,,,,,,
11962.25,0.000105068,,,,,,,,,,,,
11962.25,4.82E-05,,,,,,,,,,,,
11962.3,6.21E-05,,,,,,,,,,,,
11962.35,3.48E-05,,,,,,,,,,,,
11962.4,6.99E-06,,,,,,,,,,,,
11962.45,4.10E-05,,,,,,,,,,,,
11962.5,8.50E-05,,,,,,,,,,,,
11962.55,1.00E-04,,,,,,,,,,,,
11962.6,7.70E-05,,,,,,,,,,,,
11962.65,3.32E-05,,,,,,,,,,,,
11962.7,3.33E-05,,,,,,,,,,,,
11962.75,3.57E-05,,,,,,,,,,,,
11962.75,3.55E-05,,,,,,,,,,,,
11962.8,5.66E-05,,,,,,,,,,,,
11962.85,6.99E-05,,,,,,,,,,,,
11962.9,4.51E-05,,,,,,,,,,,,
11962.95,2.11E-05,,,,,,,,,,,,
11963,2.23E-05,,,,,,,,,,,,
11963.05,3.10E-05,,,,,,,,,,,,
11963.1,3.86E-05,,,,,,,,,,,,
11963.15,4.00E-05,,,,,,,,,,,,
11963.2,5.24E-05,,,,,,,,,,,,
11963.25,6.95E-05,,,,,,,,,,,,
11963.25,7.68E-05,,,,,,,,,,,,
11963.3,4.67E-05,,,,,,,,,,,,
11963.35,3.71E-05,,,,,,,,,,,,
11963.4,4.42E-05,,,,,,,,,,,,
11963.45,2.55E-05,,,,,,,,,,,,
11963.5,2.47E-05,,,,,,,,,,,,
11963.55,1.88E-05,,,,,,,,,,,,
11963.6,7.44E-05,,,,,,,,,,,,
11963.65,0.000103737,,,,,,,,,,,,
11963.7,6.60E-05,,,,,,,,,,,,
11963.75,1.65E-05,,,,,,,,,,,,
11963.75,6.72E-05,,,,,,,,,,,,
11963.8,6.93E-05,,,,,,,,,,,,
11963.85,3.33E-05,,,,,,,,,,,,
11963.9,4.74E-05,,,,,,,,,,,,
11963.95,3.94E-05,,,,,,,,,,,,
11964,2.90E-05,,,,,,,,,,,,
11964.05,2.90E-05,,,,,,,,,,,,
11964.1,6.08E-05,,,,,,,,,,,,
11964.15,7.33E-05,,,,,,,,,,,,
11964.2,4.31E-05,,,,,,,,,,,,
11964.25,4.90E-05,,,,,,,,,,,,
11964.25,4.64E-05,,,,,,,,,,,,
11964.3,2.25E-05,,,,,,,,,,,,
11964.35,3.36E-05,,,,,,,,,,,,
11964.4,4.86E-05,,,,,,,,,,,,
11964.45,3.31E-05,,,,,,,,,,,,
11964.5,2.77E-05,,,,,,,,,,,,
11964.55,5.58E-05,,,,,,,,,,,,
11964.6,6.47E-05,,,,,,,,,,,,
11964.65,4.98E-05,,,,,,,,,,,,
11964.7,2.27E-05,,,,,,,,,,,,
11964.75,1.24E-05,,,,,,,,,,,,
11964.75,4.88E-05,,,,,,,,,,,,
11964.8,4.82E-05,,,,,,,,,,,,
11964.85,2.96E-05,,,,,,,,,,,,
11964.9,2.67E-05,,,,,,,,,,,,
11964.95,4.23E-05,,,,,,,,,,,,
11965,3.30E-05,,,,,,,,,,,,
11965.05,1.86E-05,,,,,,,,,,,,
11965.1,4.10E-05,,,,,,,,,,,,
11965.15,6.17E-05,,,,,,,,,,,,
11965.2,5.50E-05,,,,,,,,,,,,
11965.25,5.41E-05,,,,,,,,,,,,
11965.25,6.08E-05,,,,,,,,,,,,
11965.3,5.51E-05,,,,,,,,,,,,
11965.35,8.41E-05,,,,,,,,,,,,
11965.4,0.000116357,,,,,,,,,,,,
11965.45,0.000119959,,,,,,,,,,,,
11965.5,0.000103065,,,,,,,,,,,,
11965.55,8.62E-05,,,,,,,,,,,,
11965.6,7.19E-05,,,,,,,,,,,,
11965.65,2.22E-05,,,,,,,,,,,,
11965.7,4.29E-05,,,,,,,,,,,,
11965.75,5.12E-05,,,,,,,,,,,,
11965.75,4.05E-05,,,,,,,,,,,,
11965.8,6.17E-05,,,,,,,,,,,,
11965.85,4.55E-05,,,,,,,,,,,,
11965.9,1.43E-05,,,,,,,,,,,,
11965.95,1.97E-05,,,,,,,,,,,,
11966,3.21E-05,,,,,,,,,,,,
11966.05,7.74E-05,,,,,,,,,,,,
11966.1,0.000110112,,,,,,,,,,,,
11966.15,7.95E-05,,,,,,,,,,,,
11966.2,3.64E-05,,,,,,,,,,,,
11966.25,6.87E-05,,,,,,,,,,,,
11966.25,3.35E-05,,,,,,,,,,,,
11966.3,2.09E-05,,,,,,,,,,,,
11966.35,5.77E-05,,,,,,,,,,,,
11966.4,6.37E-05,,,,,,,,,,,,
11966.45,3.59E-05,,,,,,,,,,,,
11966.5,3.45E-05,,,,,,,,,,,,
11966.55,5.48E-05,,,,,,,,,,,,
11966.6,6.24E-05,,,,,,,,,,,,
11966.65,7.16E-05,,,,,,,,,,,,
11966.7,6.27E-05,,,,,,,,,,,,
11966.75,2.79E-05,,,,,,,,,,,,
11966.75,5.23E-05,,,,,,,,,,,,
11966.8,5.91E-05,,,,,,,,,,,,
11966.85,6.83E-05,,,,,,,,,,,,
11966.9,5.79E-05,,,,,,,,,,,,
11966.95,5.37E-05,,,,,,,,,,,,
11967,7.29E-05,,,,,,,,,,,,
11967.05,6.78E-05,,,,,,,,,,,,
11967.1,6.47E-05,,,,,,,,,,,,
11967.15,6.41E-05,,,,,,,,,,,,
11967.2,7.51E-05,,,,,,,,,,,,
11967.25,7.70E-05,,,,,,,,,,,,
11967.25,5.77E-05,,,,,,,,,,,,
11967.3,4.03E-05,,,,,,,,,,,,
11967.35,5.84E-05,,,,,,,,,,,,
11967.4,8.36E-05,,,,,,,,,,,,
11967.45,7.27E-05,,,,,,,,,,,,
11967.5,5.80E-05,,,,,,,,,,,,
11967.55,6.28E-05,,,,,,,,,,,,
11967.6,4.70E-05,,,,,,,,,,,,
11967.65,4.10E-05,,,,,,,,,,,,
11967.7,2.74E-05,,,,,,,,,,,,
11967.75,9.60E-06,,,,,,,,,,,,
11967.75,1.85E-05,,,,,,,,,,,,
11967.8,9.79E-06,,,,,,,,,,,,
11967.85,6.40E-06,,,,,,,,,,,,
11967.9,1.73E-05,,,,,,,,,,,,
11967.95,6.03E-05,,,,,,,,,,,,
11968,9.57E-05,,,,,,,,,,,,
11968.05,0.000103625,,,,,,,,,,,,
11968.1,9.89E-05,,,,,,,,,,,,
11968.15,9.31E-05,,,,,,,,,,,,
11968.2,7.72E-05,,,,,,,,,,,,
11968.25,6.32E-05,,,,,,,,,,,,
11968.25,4.09E-05,,,,,,,,,,,,
11968.3,2.33E-05,,,,,,,,,,,,
11968.35,2.99E-05,,,,,,,,,,,,
11968.4,4.23E-05,,,,,,,,,,,,
11968.45,4.94E-05,,,,,,,,,,,,
11968.5,5.58E-05,,,,,,,,,,,,
11968.55,3.61E-05,,,,,,,,,,,,
11968.6,1.97E-05,,,,,,,,,,,,
11968.65,3.55E-05,,,,,,,,,,,,
11968.7,1.89E-06,,,,,,,,,,,,
11968.75,2.49E-05,,,,,,,,,,,,
11968.75,5.35E-05,,,,,,,,,,,,
11968.8,2.63E-05,,,,,,,,,,,,
11968.85,8.26E-06,,,,,,,,,,,,
11968.9,1.10E-05,,,,,,,,,,,,
11968.95,3.23E-05,,,,,,,,,,,,
11969,6.03E-05,,,,,,,,,,,,
11969.05,6.02E-05,,,,,,,,,,,,
11969.1,3.01E-05,,,,,,,,,,,,
11969.15,7.17E-06,,,,,,,,,,,,
11969.2,2.68E-05,,,,,,,,,,,,
11969.25,1.33E-05,,,,,,,,,,,,
11969.25,1.83E-05,,,,,,,,,,,,
11969.3,2.44E-05,,,,,,,,,,,,
11969.35,5.12E-05,,,,,,,,,,,,
11969.4,6.68E-05,,,,,,,,,,,,
11969.45,6.30E-05,,,,,,,,,,,,
11969.5,4.97E-05,,,,,,,,,,,,
11969.55,3.71E-05,,,,,,,,,,,,
11969.6,2.19E-05,,,,,,,,,,,,
11969.65,8.75E-06,,,,,,,,,,,,
11969.7,2.10E-05,,,,,,,,,,,,
11969.75,3.83E-05,,,,,,,,,,,,
11969.75,3.03E-05,,,,,,,,,,,,
11969.8,6.12E-05,,,,,,,,,,,,
11969.85,6.77E-05,,,,,,,,,,,,
11969.9,5.45E-05,,,,,,,,,,,,
11969.95,3.77E-05,,,,,,,,,,,,
11970,3.19E-05,,,,,,,,,,,,
11970.05,5.35E-05,,,,,,,,,,,,
11970.1,6.69E-05,,,,,,,,,,,,
11970.15,5.97E-05,,,,,,,,,,,,
11970.2,5.97E-05,,,,,,,,,,,,
11970.25,7.66E-05,,,,,,,,,,,,
11970.25,5.48E-05,,,,,,,,,,,,
11970.3,5.45E-05,,,,,,,,,,,,
11970.35,5.09E-05,,,,,,,,,,,,
11970.4,3.59E-05,,,,,,,,,,,,
11970.45,6.88E-06,,,,,,,,,,,,
11970.5,1.91E-05,,,,,,,,,,,,
11970.55,4.09E-05,,,,,,,,,,,,
11970.6,3.96E-05,,,,,,,,,,,,
11970.65,3.24E-05,,,,,,,,,,,,
11970.7,3.51E-05,,,,,,,,,,,,
11970.75,4.53E-05,,,,,,,,,,,,
11970.75,4.01E-05,,,,,,,,,,,,
11970.8,6.33E-05,,,,,,,,,,,,
11970.85,6.24E-05,,,,,,,,,,,,
11970.9,2.59E-05,,,,,,,,,,,,
11970.95,3.01E-05,,,,,,,,,,,,
11971,5.36E-05,,,,,,,,,,,,
11971.05,4.17E-05,,,,,,,,,,,,
11971.1,1.84E-05,,,,,,,,,,,,
11971.15,1.34E-05,,,,,,,,,,,,
11971.2,2.23E-05,,,,,,,,,,,,
11971.25,2.22E-05,,,,,,,,,,,,
11971.25,3.23E-05,,,,,,,,,,,,
11971.3,1.74E-05,,,,,,,,,,,,
11971.35,1.00E-05,,,,,,,,,,,,
11971.4,3.01E-05,,,,,,,,,,,,
11971.45,2.22E-05,,,,,,,,,,,,
11971.5,0.000102157,,,,,,,,,,,,
11971.55,0.000157256,,,,,,,,,,,,
11971.6,9.06E-05,,,,,,,,,,,,
11971.65,3.55E-05,,,,,,,,,,,,
11971.7,3.85E-05,,,,,,,,,,,,
11971.75,4.01E-05,,,,,,,,,,,,
11971.75,5.82E-05,,,,,,,,,,,,
11971.8,8.73E-05,,,,,,,,,,,,
11971.85,6.39E-05,,,,,,,,,,,,
11971.9,3.29E-05,,,,,,,,,,,,
11971.95,3.62E-05,,,,,,,,,,,,
11972,4.43E-05,,,,,,,,,,,,
11972.05,5.60E-05,,,,,,,,,,,,
11972.1,6.64E-05,,,,,,,,,,,,
11972.15,5.75E-05,,,,,,,,,,,,
11972.2,2.27E-05,,,,,,,,,,,,
11972.25,1.79E-05,,,,,,,,,,,,
11972.25,6.22E-05,,,,,,,,,,,,
11972.3,3.30E-05,,,,,,,,,,,,
11972.35,2.09E-05,,,,,,,,,,,,
11972.4,4.37E-05,,,,,,,,,,,,
11972.45,6.78E-05,,,,,,,,,,,,
11972.5,8.67E-05,,,,,,,,,,,,
11972.55,8.78E-05,,,,,,,,,,,,
11972.6,7.00E-05,,,,,,,,,,,,
11972.65,3.89E-05,,,,,,,,,,,,
11972.7,2.59E-05,,,,,,,,,,,,
11972.75,2.49E-05,,,,,,,,,,,,
11972.75,2.47E-05,,,,,,,,,,,,
11972.8,9.84E-06,,,,,,,,,,,,
11972.85,2.73E-05,,,,,,,,,,,,
11972.9,3.21E-05,,,,,,,,,,,,
11972.95,2.47E-05,,,,,,,,,,,,
11973,6.50E-05,,,,,,,,,,,,
11973.05,9.98E-05,,,,,,,,,,,,
11973.1,6.54E-05,,,,,,,,,,,,
11973.15,4.54E-05,,,,,,,,,,,,
11973.2,5.92E-05,,,,,,,,,,,,
11973.25,3.91E-05,,,,,,,,,,,,
11973.25,3.97E-05,,,,,,,,,,,,
11973.3,5.79E-05,,,,,,,,,,,,
11973.35,6.50E-05,,,,,,,,,,,,
11973.4,4.81E-05,,,,,,,,,,,,
11973.45,3.91E-05,,,,,,,,,,,,
11973.5,5.13E-05,,,,,,,,,,,,
11973.55,6.37E-05,,,,,,,,,,,,
11973.6,7.82E-05,,,,,,,,,,,,
11973.65,7.56E-05,,,,,,,,,,,,
11973.7,5.05E-05,,,,,,,,,,,,
11973.75,5.86E-05,,,,,,,,,,,,
11973.75,2.83E-05,,,,,,,,,,,,
11973.8,1.17E-05,,,,,,,,,,,,
11973.85,1.80E-05,,,,,,,,,,,,
11973.9,2.60E-05,,,,,,,,,,,,
11973.95,3.68E-05,,,,,,,,,,,,
11974,4.96E-05,,,,,,,,,,,,
11974.05,4.34E-05,,,,,,,,,,,,
11974.1,2.27E-05,,,,,,,,,,,,
11974.15,1.34E-05,,,,,,,,,,,,
11974.2,1.73E-05,,,,,,,,,,,,
11974.25,2.11E-05,,,,,,,,,,,,
11974.25,1.98E-05,,,,,,,,,,,,
11974.3,3.19E-05,,,,,,,,,,,,
11974.35,1.52E-05,,,,,,,,,,,,
11974.4,1.66E-05,,,,,,,,,,,,
11974.45,3.36E-05,,,,,,,,,,,,
11974.5,4.12E-05,,,,,,,,,,,,
11974.55,3.39E-05,,,,,,,,,,,,
11974.6,2.02E-05,,,,,,,,,,,,
11974.65,2.97E-05,,,,,,,,,,,,
11974.7,2.78E-05,,,,,,,,,,,,
11974.75,1.73E-05,,,,,,,,,,,,
11974.75,4.26E-05,,,,,,,,,,,,
11974.8,2.35E-05,,,,,,,,,,,,
11974.85,3.31E-05,,,,,,,,,,,,
11974.9,7.99E-05,,,,,,,,,,,,
11974.95,9.10E-05,,,,,,,,,,,,
11975,7.92E-05,,,,,,,,,,,,
11975.05,5.93E-05,,,,,,,,,,,,
11975.1,3.14E-05,,,,,,,,,,,,
11975.15,5.85E-05,,,,,,,,,,,,
11975.2,5.61E-05,,,,,,,,,,,,
11975.25,4.04E-05,,,,,,,,,,,,
11975.25,6.09E-05,,,,,,,,,,,,
11975.3,7.96E-05,,,,,,,,,,,,
11975.35,5.64E-05,,,,,,,,,,,,
11975.4,5.17E-06,,,,,,,,,,,,
11975.45,3.31E-05,,,,,,,,,,,,
11975.5,3.45E-05,,,,,,,,,,,,
11975.55,4.93E-05,,,,,,,,,,,,
11975.6,6.12E-05,,,,,,,,,,,,
11975.65,7.22E-05,,,,,,,,,,,,
11975.7,5.92E-05,,,,,,,,,,,,
11975.75,2.36E-05,,,,,,,,,,,,
11975.75,1.20E-05,,,,,,,,,,,,
11975.8,1.82E-05,,,,,,,,,,,,
11975.85,3.76E-05,,,,,,,,,,,,
11975.9,3.54E-05,,,,,,,,,,,,
11975.95,2.06E-05,,,,,,,,,,,,
11976,1.84E-05,,,,,,,,,,,,
11976.05,3.17E-05,,,,,,,,,,,,
11976.1,7.61E-05,,,,,,,,,,,,
11976.15,9.99E-05,,,,,,,,,,,,
11976.2,8.88E-05,,,,,,,,,,,,
11976.25,6.66E-05,,,,,,,,,,,,
11976.25,2.51E-05,,,,,,,,,,,,
11976.3,1.49E-05,,,,,,,,,,,,
11976.35,1.74E-05,,,,,,,,,,,,
11976.4,3.10E-05,,,,,,,,,,,,
11976.45,6.33E-05,,,,,,,,,,,,
11976.5,9.41E-05,,,,,,,,,,,,
11976.55,7.78E-05,,,,,,,,,,,,
11976.6,3.96E-05,,,,,,,,,,,,
11976.65,1.89E-05,,,,,,,,,,,,
11976.7,1.41E-05,,,,,,,,,,,,
11976.75,6.54E-06,,,,,,,,,,,,
11976.75,1.14E-05,,,,,,,,,,,,
11976.8,3.04E-05,,,,,,,,,,,,
11976.85,5.65E-05,,,,,,,,,,,,
11976.9,6.23E-05,,,,,,,,,,,,
11976.95,5.94E-05,,,,,,,,,,,,
11977,4.57E-05,,,,,,,,,,,,
11977.05,2.78E-05,,,,,,,,,,,,
11977.1,2.15E-05,,,,,,,,,,,,
11977.15,2.53E-05,,,,,,,,,,,,
11977.2,2.65E-05,,,,,,,,,,,,
11977.25,1.98E-05,,,,,,,,,,,,
11977.25,5.36E-05,,,,,,,,,,,,
11977.3,3.66E-05,,,,,,,,,,,,
11977.35,9.42E-05,,,,,,,,,,,,
11977.4,8.98E-05,,,,,,,,,,,,
11977.45,5.15E-05,,,,,,,,,,,,
11977.5,2.92E-05,,,,,,,,,,,,
11977.55,2.10E-05,,,,,,,,,,,,
11977.6,3.10E-05,,,,,,,,,,,,
11977.65,4.51E-05,,,,,,,,,,,,
11977.7,5.35E-05,,,,,,,,,,,,
11977.75,6.94E-05,,,,,,,,,,,,
11977.75,8.09E-05,,,,,,,,,,,,
11977.8,6.19E-05,,,,,,,,,,,,
11977.85,4.56E-05,,,,,,,,,,,,
11977.9,3.95E-05,,,,,,,,,,,,
11977.95,7.91E-05,,,,,,,,,,,,
11978,9.81E-05,,,,,,,,,,,,
11978.05,5.50E-05,,,,,,,,,,,,
11978.1,9.20E-06,,,,,,,,,,,,
11978.15,4.11E-06,,,,,,,,,,,,
11978.2,3.50E-05,,,,,,,,,,,,
11978.25,4.40E-05,,,,,,,,,,,,
11978.25,7.03E-05,,,,,,,,,,,,
11978.3,4.61E-05,,,,,,,,,,,,
11978.35,5.88E-06,,,,,,,,,,,,
11978.4,3.23E-05,,,,,,,,,,,,
11978.45,2.94E-05,,,,,,,,,,,,
11978.5,3.12E-05,,,,,,,,,,,,
11978.55,6.59E-05,,,,,,,,,,,,
11978.6,5.80E-05,,,,,,,,,,,,
11978.65,4.19E-05,,,,,,,,,,,,
11978.7,2.72E-05,,,,,,,,,,,,
11978.75,1.14E-05,,,,,,,,,,,,
11978.75,1.83E-05,,,,,,,,,,,,
11978.8,2.13E-05,,,,,,,,,,,,
11978.85,4.10E-05,,,,,,,,,,,,
11978.9,5.04E-05,,,,,,,,,,,,
11978.95,3.02E-05,,,,,,,,,,,,
11979,1.65E-05,,,,,,,,,,,,
11979.05,1.49E-05,,,,,,,,,,,,
11979.1,3.03E-05,,,,,,,,,,,,
11979.15,6.53E-05,,,,,,,,,,,,
11979.2,8.55E-05,,,,,,,,,,,,
11979.25,6.87E-05,,,,,,,,,,,,
11979.25,6.02E-05,,,,,,,,,,,,
11979.3,4.78E-05,,,,,,,,,,,,
11979.35,3.48E-05,,,,,,,,,,,,
11979.4,3.57E-05,,,,,,,,,,,,
11979.45,2.34E-05,,,,,,,,,,,,
11979.5,2.10E-05,,,,,,,,,,,,
11979.55,3.90E-05,,,,,,,,,,,,
11979.6,4.19E-05,,,,,,,,,,,,
11979.65,4.32E-05,,,,,,,,,,,,
11979.7,5.56E-05,,,,,,,,,,,,
11979.75,4.66E-05,,,,,,,,,,,,
11979.75,6.04E-05,,,,,,,,,,,,
11979.8,5.10E-05,,,,,,,,,,,,
11979.85,3.11E-05,,,,,,,,,,,,
11979.9,4.04E-05,,,,,,,,,,,,
11979.95,6.34E-05,,,,,,,,,,,,
11980,6.00E-05,,,,,,,,,,,,
11980.05,2.71E-05,,,,,,,,,,,,
11980.1,8.43E-06,,,,,,,,,,,,
11980.15,1.38E-05,,,,,,,,,,,,
11980.2,2.30E-05,,,,,,,,,,,,
11980.25,2.92E-05,,,,,,,,,,,,
11980.25,6.93E-05,,,,,,,,,,,,
11980.3,3.57E-05,,,,,,,,,,,,
11980.35,2.16E-05,,,,,,,,,,,,
11980.4,4.88E-05,,,,,,,,,,,,
11980.45,4.62E-05,,,,,,,,,,,,
11980.5,4.23E-05,,,,,,,,,,,,
11980.55,5.80E-05,,,,,,,,,,,,
11980.6,6.20E-05,,,,,,,,,,,,
11980.65,2.96E-05,,,,,,,,,,,,
11980.7,2.23E-05,,,,,,,,,,,,
11980.75,4.14E-05,,,,,,,,,,,,
11980.75,2.69E-05,,,,,,,,,,,,
11980.8,3.39E-05,,,,,,,,,,,,
11980.85,3.83E-05,,,,,,,,,,,,
11980.9,5.57E-05,,,,,,,,,,,,
11980.95,9.67E-05,,,,,,,,,,,,
11981,7.96E-05,,,,,,,,,,,,
11981.05,2.64E-05,,,,,,,,,,,,
11981.1,4.97E-06,,,,,,,,,,,,
11981.15,3.04E-05,,,,,,,,,,,,
11981.2,2.75E-05,,,,,,,,,,,,
11981.25,7.02E-06,,,,,,,,,,,,
11981.25,4.77E-05,,,,,,,,,,,,
11981.3,6.22E-05,,,,,,,,,,,,
11981.35,6.86E-05,,,,,,,,,,,,
11981.4,6.66E-05,,,,,,,,,,,,
11981.45,3.39E-05,,,,,,,,,,,,
11981.5,9.97E-06,,,,,,,,,,,,
11981.55,2.19E-05,,,,,,,,,,,,
11981.6,3.58E-05,,,,,,,,,,,,
11981.65,3.61E-05,,,,,,,,,,,,
11981.7,3.62E-05,,,,,,,,,,,,
11981.75,2.94E-05,,,,,,,,,,,,
11981.75,5.72E-05,,,,,,,,,,,,
11981.8,3.30E-05,,,,,,,,,,,,
11981.85,1.58E-05,,,,,,,,,,,,
11981.9,3.21E-05,,,,,,,,,,,,
11981.95,1.46E-05,,,,,,,,,,,,
11982,2.15E-05,,,,,,,,,,,,
11982.05,3.11E-05,,,,,,,,,,,,
11982.1,4.62E-05,,,,,,,,,,,,
11982.15,7.02E-05,,,,,,,,,,,,
11982.2,7.09E-05,,,,,,,,,,,,
11982.25,6.00E-05,,,,,,,,,,,,
11982.25,7.75E-05,,,,,,,,,,,,
11982.3,6.33E-05,,,,,,,,,,,,
11982.35,1.84E-05,,,,,,,,,,,,
11982.4,5.06E-05,,,,,,,,,,,,
11982.45,8.83E-05,,,,,,,,,,,,
11982.5,7.69E-05,,,,,,,,,,,,
11982.55,4.81E-05,,,,,,,,,,,,
11982.6,5.51E-05,,,,,,,,,,,,
11982.65,5.88E-05,,,,,,,,,,,,
11982.7,3.08E-05,,,,,,,,,,,,
11982.75,3.28E-05,,,,,,,,,,,,
11982.75,2.02E-05,,,,,,,,,,,,
11982.8,3.08E-05,,,,,,,,,,,,
11982.85,2.65E-05,,,,,,,,,,,,
11982.9,6.22E-05,,,,,,,,,,,,
11982.95,7.71E-05,,,,,,,,,,,,
11983,3.52E-05,,,,,,,,,,,,
11983.05,1.44E-05,,,,,,,,,,,,
11983.1,2.05E-05,,,,,,,,,,,,
11983.15,4.09E-06,,,,,,,,,,,,
11983.2,1.83E-05,,,,,,,,,,,,
11983.25,1.86E-05,,,,,,,,,,,,
11983.25,9.71E-05,,,,,,,,,,,,
11983.3,9.49E-05,,,,,,,,,,,,
11983.35,6.28E-05,,,,,,,,,,,,
11983.4,3.87E-05,,,,,,,,,,,,
11983.45,4.65E-05,,,,,,,,,,,,
11983.5,3.92E-05,,,,,,,,,,,,
11983.55,1.10E-05,,,,,,,,,,,,
11983.6,2.65E-06,,,,,,,,,,,,
11983.65,4.48E-05,,,,,,,,,,,,
11983.7,9.47E-05,,,,,,,,,,,,
11983.75,0.000112526,,,,,,,,,,,,
11983.75,4.35E-05,,,,,,,,,,,,
11983.8,3.83E-05,,,,,,,,,,,,
11983.85,5.66E-05,,,,,,,,,,,,
11983.9,2.67E-05,,,,,,,,,,,,
11983.95,2.80E-05,,,,,,,,,,,,
11984,6.12E-05,,,,,,,,,,,,
11984.05,7.19E-05,,,,,,,,,,,,
11984.1,5.70E-05,,,,,,,,,,,,
11984.15,2.23E-05,,,,,,,,,,,,
11984.2,4.07E-06,,,,,,,,,,,,
11984.25,2.17E-05,,,,,,,,,,,,
11984.25,3.23E-05,,,,,,,,,,,,
11984.3,3.75E-05,,,,,,,,,,,,
11984.35,4.47E-05,,,,,,,,,,,,
11984.4,5.31E-05,,,,,,,,,,,,
11984.45,8.59E-05,,,,,,,,,,,,
11984.5,0.000102694,,,,,,,,,,,,
11984.55,7.76E-05,,,,,,,,,,,,
11984.6,2.48E-05,,,,,,,,,,,,
11984.65,2.95E-05,,,,,,,,,,,,
11984.7,8.17E-05,,,,,,,,,,,,
11984.75,0.000116479,,,,,,,,,,,,
11984.75,0.000121744,,,,,,,,,,,,
11984.8,8.63E-05,,,,,,,,,,,,
11984.85,2.45E-05,,,,,,,,,,,,
11984.9,2.59E-05,,,,,,,,,,,,
11984.95,3.10E-05,,,,,,,,,,,,
11985,5.64E-05,,,,,,,,,,,,
11985.05,6.09E-05,,,,,,,,,,,,
11985.1,3.33E-05,,,,,,,,,,,,
11985.15,3.82E-05,,,,,,,,,,,,
11985.2,4.23E-05,,,,,,,,,,,,
11985.25,1.26E-05,,,,,,,,,,,,
11985.25,5.93E-05,,,,,,,,,,,,
11985.3,4.24E-05,,,,,,,,,,,,
11985.35,3.95E-05,,,,,,,,,,,,
11985.4,3.34E-05,,,,,,,,,,,,
11985.45,1.55E-05,,,,,,,,,,,,
11985.5,2.15E-05,,,,,,,,,,,,
11985.55,1.51E-05,,,,,,,,,,,,
11985.6,1.36E-05,,,,,,,,,,,,
11985.65,1.16E-05,,,,,,,,,,,,
11985.7,4.15E-05,,,,,,,,,,,,
11985.75,4.24E-05,,,,,,,,,,,,
11985.75,5.79E-05,,,,,,,,,,,,
11985.8,5.68E-05,,,,,,,,,,,,
11985.85,4.58E-05,,,,,,,,,,,,
11985.9,1.02E-05,,,,,,,,,,,,
11985.95,3.88E-05,,,,,,,,,,,,
11986,5.07E-05,,,,,,,,,,,,
11986.05,3.00E-05,,,,,,,,,,,,
11986.1,3.77E-05,,,,,,,,,,,,
11986.15,6.82E-05,,,,,,,,,,,,
11986.2,7.72E-05,,,,,,,,,,,,
11986.25,6.67E-05,,,,,,,,,,,,
11986.25,4.96E-05,,,,,,,,,,,,
11986.3,4.26E-05,,,,,,,,,,,,
11986.35,4.36E-05,,,,,,,,,,,,
11986.4,1.67E-05,,,,,,,,,,,,
11986.45,3.64E-05,,,,,,,,,,,,
11986.5,4.85E-05,,,,,,,,,,,,
11986.55,1.87E-05,,,,,,,,,,,,
11986.6,4.22E-05,,,,,,,,,,,,
11986.65,3.75E-05,,,,,,,,,,,,
11986.7,2.38E-05,,,,,,,,,,,,
11986.75,5.59E-05,,,,,,,,,,,,
11986.75,5.35E-05,,,,,,,,,,,,
11986.8,4.26E-05,,,,,,,,,,,,
11986.85,6.10E-05,,,,,,,,,,,,
11986.9,5.88E-05,,,,,,,,,,,,
11986.95,5.72E-05,,,,,,,,,,,,
11987,9.17E-05,,,,,,,,,,,,
11987.05,0.000101629,,,,,,,,,,,,
11987.1,4.84E-05,,,,,,,,,,,,
11987.15,9.05E-05,,,,,,,,,,,,
11987.2,0.00011957,,,,,,,,,,,,
11987.25,9.46E-05,,,,,,,,,,,,
11987.25,6.25E-05,,,,,,,,,,,,
11987.3,8.64E-05,,,,,,,,,,,,
11987.35,0.000103169,,,,,,,,,,,,
11987.4,7.86E-05,,,,,,,,,,,,
11987.45,2.15E-05,,,,,,,,,,,,
11987.5,3.60E-05,,,,,,,,,,,,
11987.55,6.28E-05,,,,,,,,,,,,
11987.6,7.47E-05,,,,,,,,,,,,
11987.65,4.66E-05,,,,,,,,,,,,
11987.7,4.29E-05,,,,,,,,,,,,
11987.75,7.76E-05,,,,,,,,,,,,
11987.75,1.43E-05,,,,,,,,,,,,
11987.8,8.22E-06,,,,,,,,,,,,
11987.85,9.17E-06,,,,,,,,,,,,
11987.9,1.18E-05,,,,,,,,,,,,
11987.95,2.31E-05,,,,,,,,,,,,
11988,2.55E-05,,,,,,,,,,,,
11988.05,1.80E-05,,,,,,,,,,,,
11988.1,3.19E-05,,,,,,,,,,,,
11988.15,4.87E-05,,,,,,,,,,,,
11988.2,3.47E-05,,,,,,,,,,,,
11988.25,1.87E-05,,,,,,,,,,,,
11988.25,1.19E-05,,,,,,,,,,,,
11988.3,3.61E-05,,,,,,,,,,,,
11988.35,7.38E-05,,,,,,,,,,,,
11988.4,7.88E-05,,,,,,,,,,,,
11988.45,6.95E-05,,,,,,,,,,,,
11988.5,6.27E-05,,,,,,,,,,,,
11988.55,6.99E-05,,,,,,,,,,,,
11988.6,6.24E-05,,,,,,,,,,,,
11988.65,4.28E-05,,,,,,,,,,,,
11988.7,5.36E-05,,,,,,,,,,,,
11988.75,4.72E-05,,,,,,,,,,,,
11988.75,2.19E-05,,,,,,,,,,,,
11988.8,4.56E-05,,,,,,,,,,,,
11988.85,6.03E-05,,,,,,,,,,,,
11988.9,6.86E-05,,,,,,,,,,,,
11988.95,5.48E-05,,,,,,,,,,,,
11989,4.09E-05,,,,,,,,,,,,
11989.05,3.48E-05,,,,,,,,,,,,
11989.1,2.94E-05,,,,,,,,,,,,
11989.15,4.27E-05,,,,,,,,,,,,
11989.2,4.13E-05,,,,,,,,,,,,
11989.25,3.03E-05,,,,,,,,,,,,
11989.25,4.01E-05,,,,,,,,,,,,
11989.3,4.78E-05,,,,,,,,,,,,
11989.35,5.34E-05,,,,,,,,,,,,
11989.4,8.08E-05,,,,,,,,,,,,
11989.45,0.000120218,,,,,,,,,,,,
11989.5,9.39E-05,,,,,,,,,,,,
11989.55,2.70E-05,,,,,,,,,,,,
11989.6,5.12E-05,,,,,,,,,,,,
11989.65,5.55E-05,,,,,,,,,,,,
11989.7,3.52E-05,,,,,,,,,,,,
11989.75,2.17E-05,,,,,,,,,,,,
11989.75,7.24E-05,,,,,,,,,,,,
11989.8,4.69E-05,,,,,,,,,,,,
11989.85,6.89E-06,,,,,,,,,,,,
11989.9,3.09E-05,,,,,,,,,,,,
11989.95,7.68E-05,,,,,,,,,,,,
11990,0.000115378,,,,,,,,,,,,
11990.05,0.000122445,,,,,,,,,,,,
11990.1,8.95E-05,,,,,,,,,,,,
11990.15,5.62E-05,,,,,,,,,,,,
11990.2,6.64E-05,,,,,,,,,,,,
11990.25,9.29E-05,,,,,,,,,,,,
11990.25,5.57E-05,,,,,,,,,,,,
11990.3,6.23E-05,,,,,,,,,,,,
11990.35,3.84E-05,,,,,,,,,,,,
11990.4,3.19E-05,,,,,,,,,,,,
11990.45,1.63E-05,,,,,,,,,,,,
11990.5,1.39E-05,,,,,,,,,,,,
11990.55,3.52E-05,,,,,,,,,,,,
11990.6,7.61E-05,,,,,,,,,,,,
11990.65,7.30E-05,,,,,,,,,,,,
11990.7,3.30E-05,,,,,,,,,,,,
11990.75,2.25E-05,,,,,,,,,,,,
11990.75,7.11E-05,,,,,,,,,,,,
11990.8,8.79E-05,,,,,,,,,,,,
11990.85,6.18E-05,,,,,,,,,,,,
11990.9,2.32E-05,,,,,,,,,,,,
11990.95,6.54E-05,,,,,,,,,,,,
11991,7.74E-05,,,,,,,,,,,,
11991.05,6.62E-05,,,,,,,,,,,,
11991.1,4.75E-05,,,,,,,,,,,,
11991.15,5.14E-05,,,,,,,,,,,,
11991.2,5.70E-05,,,,,,,,,,,,
11991.25,4.58E-05,,,,,,,,,,,,
11991.25,2.64E-05,,,,,,,,,,,,
11991.3,2.60E-05,,,,,,,,,,,,
11991.35,7.65E-05,,,,,,,,,,,,
11991.4,0.000111519,,,,,,,,,,,,
11991.45,9.96E-05,,,,,,,,,,,,
11991.5,5.49E-05,,,,,,,,,,,,
11991.55,2.34E-05,,,,,,,,,,,,
11991.6,4.43E-05,,,,,,,,,,,,
11991.65,8.68E-05,,,,,,,,,,,,
11991.7,8.50E-05,,,,,,,,,,,,
11991.75,6.54E-05,,,,,,,,,,,,
11991.75,3.46E-05,,,,,,,,,,,,
11991.8,8.03E-05,,,,,,,,,,,,
11991.85,9.80E-05,,,,,,,,,,,,
11991.9,7.98E-05,,,,,,,,,,,,
11991.95,6.12E-05,,,,,,,,,,,,
11992,9.31E-05,,,,,,,,,,,,
11992.05,0.000115907,,,,,,,,,,,,
11992.1,0.000121186,,,,,,,,,,,,
11992.15,0.000110297,,,,,,,,,,,,
11992.2,5.37E-05,,,,,,,,,,,,
11992.25,3.57E-05,,,,,,,,,,,,
11992.25,9.85E-05,,,,,,,,,,,,
11992.3,0.000139177,,,,,,,,,,,,
11992.35,0.000148422,,,,,,,,,,,,
11992.4,0.000118558,,,,,,,,,,,,
11992.45,3.54E-05,,,,,,,,,,,,
11992.5,8.34E-05,,,,,,,,,,,,
11992.55,0.000123976,,,,,,,,,,,,
11992.6,8.43E-05,,,,,,,,,,,,
11992.65,4.58E-05,,,,,,,,,,,,
11992.7,4.91E-05,,,,,,,,,,,,
11992.75,4.79E-05,,,,,,,,,,,,
11992.75,8.53E-05,,,,,,,,,,,,
11992.8,0.000132079,,,,,,,,,,,,
11992.85,0.000110908,,,,,,,,,,,,
11992.9,6.08E-05,,,,,,,,,,,,
11992.95,3.61E-05,,,,,,,,,,,,
11993,2.01E-05,,,,,,,,,,,,
11993.05,3.57E-05,,,,,,,,,,,,
11993.1,5.89E-05,,,,,,,,,,,,
11993.15,6.75E-05,,,,,,,,,,,,
11993.2,7.69E-05,,,,,,,,,,,,
11993.25,6.94E-05,,,,,,,,,,,,
11993.25,9.37E-05,,,,,,,,,,,,
11993.3,8.37E-05,,,,,,,,,,,,
11993.35,5.05E-05,,,,,,,,,,,,
11993.4,1.46E-05,,,,,,,,,,,,
11993.45,1.00E-05,,,,,,,,,,,,
11993.5,1.54E-05,,,,,,,,,,,,
11993.55,4.18E-05,,,,,,,,,,,,
11993.6,3.13E-05,,,,,,,,,,,,
11993.65,1.68E-05,,,,,,,,,,,,
11993.7,2.46E-05,,,,,,,,,,,,
11993.75,2.42E-05,,,,,,,,,,,,
11993.75,3.37E-05,,,,,,,,,,,,
11993.8,8.41E-05,,,,,,,,,,,,
11993.85,7.43E-05,,,,,,,,,,,,
11993.9,1.01E-05,,,,,,,,,,,,
11993.95,8.88E-05,,,,,,,,,,,,
11994,0.000120231,,,,,,,,,,,,
11994.05,9.56E-05,,,,,,,,,,,,
11994.1,6.42E-05,,,,,,,,,,,,
11994.15,5.45E-05,,,,,,,,,,,,
11994.2,2.75E-05,,,,,,,,,,,,
11994.25,1.55E-05,,,,,,,,,,,,
11994.25,6.71E-05,,,,,,,,,,,,
11994.3,4.39E-05,,,,,,,,,,,,
11994.35,3.18E-05,,,,,,,,,,,,
11994.4,4.92E-05,,,,,,,,,,,,
11994.45,0.000108493,,,,,,,,,,,,
11994.5,8.43E-05,,,,,,,,,,,,
11994.55,3.04E-05,,,,,,,,,,,,
11994.6,3.68E-05,,,,,,,,,,,,
11994.65,6.94E-05,,,,,,,,,,,,
11994.7,0.00010447,,,,,,,,,,,,
11994.75,0.000111375,,,,,,,,,,,,
11994.75,9.30E-05,,,,,,,,,,,,
11994.8,7.03E-05,,,,,,,,,,,,
11994.85,2.39E-05,,,,,,,,,,,,
11994.9,1.67E-05,,,,,,,,,,,,
11994.95,5.24E-05,,,,,,,,,,,,
11995,7.95E-05,,,,,,,,,,,,
11995.05,6.87E-05,,,,,,,,,,,,
11995.1,2.48E-05,,,,,,,,,,,,
11995.15,3.25E-05,,,,,,,,,,,,
11995.2,4.88E-05,,,,,,,,,,,,
11995.25,6.06E-05,,,,,,,,,,,,
11995.25,9.29E-05,,,,,,,,,,,,
11995.3,8.01E-05,,,,,,,,,,,,
11995.35,7.68E-05,,,,,,,,,,,,
11995.4,8.20E-05,,,,,,,,,,,,
11995.45,7.59E-05,,,,,,,,,,,,
11995.5,3.94E-05,,,,,,,,,,,,
11995.55,2.77E-05,,,,,,,,,,,,
11995.6,5.54E-05,,,,,,,,,,,,
11995.65,4.74E-05,,,,,,,,,,,,
11995.7,1.90E-05,,,,,,,,,,,,
11995.75,3.85E-05,,,,,,,,,,,,
11995.75,4.07E-05,,,,,,,,,,,,
11995.8,4.99E-05,,,,,,,,,,,,
11995.85,6.37E-05,,,,,,,,,,,,
11995.9,3.86E-05,,,,,,,,,,,,
11995.95,2.59E-05,,,,,,,,,,,,
11996,7.27E-05,,,,,,,,,,,,
11996.05,9.69E-05,,,,,,,,,,,,
11996.1,0.000105415,,,,,,,,,,,,
11996.15,0.000106671,,,,,,,,,,,,
11996.2,8.42E-05,,,,,,,,,,,,
11996.25,4.95E-05,,,,,,,,,,,,
11996.25,0.000104771,,,,,,,,,,,,
11996.3,4.36E-05,,,,,,,,,,,,
11996.35,4.55E-05,,,,,,,,,,,,
11996.4,9.89E-05,,,,,,,,,,,,
11996.45,7.57E-05,,,,,,,,,,,,
11996.5,3.87E-05,,,,,,,,,,,,
11996.55,2.97E-05,,,,,,,,,,,,
11996.6,3.24E-05,,,,,,,,,,,,
11996.65,5.22E-05,,,,,,,,,,,,
11996.7,3.36E-05,,,,,,,,,,,,
11996.75,2.91E-05,,,,,,,,,,,,
11996.75,3.45E-05,,,,,,,,,,,,
11996.8,4.42E-05,,,,,,,,,,,,
11996.85,4.75E-05,,,,,,,,,,,,
11996.9,6.71E-05,,,,,,,,,,,,
11996.95,8.70E-05,,,,,,,,,,,,
11997,9.05E-05,,,,,,,,,,,,
11997.05,8.43E-05,,,,,,,,,,,,
11997.1,0.000106474,,,,,,,,,,,,
11997.15,0.000139919,,,,,,,,,,,,
11997.2,0.000110719,,,,,,,,,,,,
11997.25,3.98E-05,,,,,,,,,,,,
11997.25,4.04E-05,,,,,,,,,,,,
11997.3,2.42E-05,,,,,,,,,,,,
11997.35,4.24E-05,,,,,,,,,,,,
11997.4,2.41E-05,,,,,,,,,,,,
11997.45,8.22E-05,,,,,,,,,,,,
11997.5,0.000120034,,,,,,,,,,,,
11997.55,0.000125546,,,,,,,,,,,,
11997.6,0.000101968,,,,,,,,,,,,
11997.65,4.40E-05,,,,,,,,,,,,
11997.7,2.17E-05,,,,,,,,,,,,
11997.75,4.90E-05,,,,,,,,,,,,
11997.75,3.94E-05,,,,,,,,,,,,
11997.8,4.26E-05,,,,,,,,,,,,
11997.85,6.34E-05,,,,,,,,,,,,
11997.9,6.40E-05,,,,,,,,,,,,
11997.95,6.81E-05,,,,,,,,,,,,
11998,4.79E-05,,,,,,,,,,,,
11998.05,7.59E-06,,,,,,,,,,,,
11998.1,3.78E-05,,,,,,,,,,,,
11998.15,2.86E-05,,,,,,,,,,,,
11998.2,1.70E-05,,,,,,,,,,,,
11998.25,1.86E-05,,,,,,,,,,,,
11998.25,1.10E-05,,,,,,,,,,,,
11998.3,2.28E-05,,,,,,,,,,,,
11998.35,1.58E-05,,,,,,,,,,,,
11998.4,6.30E-05,,,,,,,,,,,,
11998.45,9.85E-05,,,,,,,,,,,,
11998.5,9.09E-05,,,,,,,,,,,,
11998.55,8.09E-05,,,,,,,,,,,,
11998.6,8.14E-05,,,,,,,,,,,,
11998.65,6.58E-05,,,,,,,,,,,,
11998.7,5.79E-05,,,,,,,,,,,,
11998.75,2.90E-05,,,,,,,,,,,,
11998.75,5.13E-05,,,,,,,,,,,,
11998.8,4.08E-05,,,,,,,,,,,,
11998.85,4.80E-05,,,,,,,,,,,,
11998.9,5.38E-05,,,,,,,,,,,,
11998.95,5.77E-05,,,,,,,,,,,,
11999,5.64E-05,,,,,,,,,,,,
11999.05,5.83E-05,,,,,,,,,,,,
11999.1,7.36E-05,,,,,,,,,,,,
11999.15,6.59E-05,,,,,,,,,,,,
11999.2,6.19E-05,,,,,,,,,,,,
11999.25,0.000103515,,,,,,,,,,,,
11999.25,2.75E-05,,,,,,,,,,,,
11999.3,3.28E-05,,,,,,,,,,,,
11999.35,6.68E-05,,,,,,,,,,,,
11999.4,5.72E-05,,,,,,,,,,,,
11999.45,4.68E-05,,,,,,,,,,,,
11999.5,5.25E-05,,,,,,,,,,,,
11999.55,4.47E-05,,,,,,,,,,,,
11999.6,3.01E-05,,,,,,,,,,,,
11999.65,4.34E-05,,,,,,,,,,,,
11999.7,2.10E-05,,,,,,,,,,,,
11999.75,3.75E-05,,,,,,,,,,,,
11999.75,8.43E-05,,,,,,,,,,,,
11999.8,7.06E-05,,,,,,,,,,,,
11999.85,5.35E-05,,,,,,,,,,,,
11999.9,5.55E-05,,,,,,,,,,,,
11999.95,2.03E-05,,,,,,,,,,,,
12000,4.26E-05,,,,,,,,,,,,
12000.05,7.45E-05,,,,,,,,,,,,
12000.1,9.27E-05,,,,,,,,,,,,
12000.15,9.70E-05,,,,,,,,,,,,
12000.2,7.80E-05,,,,,,,,,,,,
12000.25,5.12E-05,,,,,,,,,,,,
12000.25,7.79E-05,,,,,,,,,,,,
12000.3,7.01E-05,,,,,,,,,,,,
12000.35,4.30E-05,,,,,,,,,,,,
12000.4,3.51E-05,,,,,,,,,,,,
12000.45,2.83E-05,,,,,,,,,,,,
12000.5,4.15E-05,,,,,,,,,,,,
12000.55,7.81E-05,,,,,,,,,,,,
12000.6,7.88E-05,,,,,,,,,,,,
12000.65,5.57E-05,,,,,,,,,,,,
12000.7,9.48E-05,,,,,,,,,,,,
12000.75,0.000147036,,,,,,,,,,,,
12000.75,7.32E-05,,,,,,,,,,,,
12000.8,5.25E-05,,,,,,,,,,,,
12000.85,4.09E-05,,,,,,,,,,,,
12000.9,6.44E-05,,,,,,,,,,,,
12000.95,7.60E-05,,,,,,,,,,,,
12001,7.68E-05,,,,,,,,,,,,
12001.05,6.79E-05,,,,,,,,,,,,
12001.1,3.86E-06,,,,,,,,,,,,
12001.15,6.24E-05,,,,,,,,,,,,
12001.2,8.09E-05,,,,,,,,,,,,
12001.25,5.47E-05,,,,,,,,,,,,
12001.25,7.45E-05,,,,,,,,,,,,
12001.3,4.30E-05,,,,,,,,,,,,
12001.35,3.74E-05,,,,,,,,,,,,
12001.4,2.82E-05,,,,,,,,,,,,
12001.45,7.12E-05,,,,,,,,,,,,
12001.5,0.000120775,,,,,,,,,,,,
12001.55,0.000122122,,,,,,,,,,,,
12001.6,0.000105226,,,,,,,,,,,,
12001.65,8.89E-05,,,,,,,,,,,,
12001.7,6.96E-05,,,,,,,,,,,,
12001.75,7.37E-05,,,,,,,,,,,,
12001.75,4.67E-05,,,,,,,,,,,,
12001.8,2.64E-05,,,,,,,,,,,,
12001.85,1.72E-05,,,,,,,,,,,,
12001.9,1.01E-05,,,,,,,,,,,,
12001.95,1.98E-05,,,,,,,,,,,,
12002,6.19E-05,,,,,,,,,,,,
12002.05,0.000100679,,,,,,,,,,,,
12002.1,0.000121245,,,,,,,,,,,,
12002.15,0.000107049,,,,,,,,,,,,
12002.2,7.92E-05,,,,,,,,,,,,
12002.25,6.45E-05,,,,,,,,,,,,
12002.25,3.25E-05,,,,,,,,,,,,
12002.3,1.13E-05,,,,,,,,,,,,
12002.35,8.02E-05,,,,,,,,,,,,
12002.4,0.000147984,,,,,,,,,,,,
12002.45,0.000146735,,,,,,,,,,,,
12002.5,8.27E-05,,,,,,,,,,,,
12002.55,6.39E-05,,,,,,,,,,,,
12002.6,7.19E-05,,,,,,,,,,,,
12002.65,9.18E-05,,,,,,,,,,,,
12002.7,0.000100707,,,,,,,,,,,,
12002.75,6.71E-05,,,,,,,,,,,,
12002.75,8.72E-05,,,,,,,,,,,,
12002.8,7.40E-05,,,,,,,,,,,,
12002.85,6.16E-05,,,,,,,,,,,,
12002.9,3.08E-05,,,,,,,,,,,,
12002.95,9.24E-05,,,,,,,,,,,,
12003,9.22E-05,,,,,,,,,,,,
12003.05,3.80E-05,,,,,,,,,,,,
12003.1,1.96E-05,,,,,,,,,,,,
12003.15,3.47E-05,,,,,,,,,,,,
12003.2,9.13E-05,,,,,,,,,,,,
12003.25,0.0001337,,,,,,,,,,,,
12003.25,4.33E-05,,,,,,,,,,,,
12003.3,5.03E-05,,,,,,,,,,,,
12003.35,0.000105833,,,,,,,,,,,,
12003.4,9.18E-05,,,,,,,,,,,,
12003.45,1.52E-05,,,,,,,,,,,,
12003.5,2.12E-05,,,,,,,,,,,,
12003.55,6.21E-05,,,,,,,,,,,,
12003.6,8.55E-05,,,,,,,,,,,,
12003.65,4.49E-05,,,,,,,,,,,,
12003.7,7.39E-05,,,,,,,,,,,,
12003.75,2.77E-05,,,,,,,,,,,,
12003.75,2.30E-05,,,,,,,,,,,,
12003.8,5.89E-05,,,,,,,,,,,,
12003.85,4.86E-05,,,,,,,,,,,,
12003.9,4.24E-05,,,,,,,,,,,,
12003.95,8.12E-05,,,,,,,,,,,,
12004,8.49E-05,,,,,,,,,,,,
12004.05,6.57E-05,,,,,,,,,,,,
12004.1,4.71E-05,,,,,,,,,,,,
12004.15,1.99E-05,,,,,,,,,,,,
12004.2,3.56E-05,,,,,,,,,,,,
12004.25,1.67E-05,,,,,,,,,,,,
12004.25,4.18E-05,,,,,,,,,,,,
12004.3,8.22E-05,,,,,,,,,,,,
12004.35,7.19E-05,,,,,,,,,,,,
12004.4,8.55E-05,,,,,,,,,,,,
12004.45,8.17E-05,,,,,,,,,,,,
12004.5,5.35E-05,,,,,,,,,,,,
12004.55,2.92E-05,,,,,,,,,,,,
12004.6,6.05E-06,,,,,,,,,,,,
12004.65,1.68E-05,,,,,,,,,,,,
12004.7,4.84E-05,,,,,,,,,,,,
12004.75,6.24E-05,,,,,,,,,,,,
12004.75,6.63E-05,,,,,,,,,,,,
12004.8,0.00019294,,,,,,,,,,,,
12004.85,0.000534671,,,,,,,,,,,,
12004.9,0.005518533,,,,,,,,,,,,
12004.95,0.020431675,,,,,,,,,,,,
12005,0.032048423,,,,,,,,,,,,
12005.05,0.0266179,,,,,,,,,,,,
12005.1,0.010793755,,,,,,,,,,,,
12005.15,0.000905043,,,,,,,,,,,,
12005.2,0.000484763,,,,,,,,,,,,
12005.25,0.000178381,,,,,,,,,,,,
12005.25,5.45E-05,,,,,,,,,,,,
12005.3,7.68E-05,,,,,,,,,,,,
12005.35,0.000101069,,,,,,,,,,,,
12005.4,9.17E-05,,,,,,,,,,,,
12005.45,4.18E-05,,,,,,,,,,,,
12005.5,4.83E-05,,,,,,,,,,,,
12005.55,8.52E-05,,,,,,,,,,,,
12005.6,5.72E-05,,,,,,,,,,,,
12005.65,6.87E-06,,,,,,,,,,,,
12005.7,2.48E-05,,,,,,,,,,,,
12005.75,9.77E-05,,,,,,,,,,,,
12005.75,5.55E-05,,,,,,,,,,,,
12005.8,4.91E-05,,,,,,,,,,,,
12005.85,3.67E-05,,,,,,,,,,,,
12005.9,7.26E-05,,,,,,,,,,,,
12005.95,7.05E-05,,,,,,,,,,,,
12006,2.73E-05,,,,,,,,,,,,
12006.05,4.76E-05,,,,,,,,,,,,
12006.1,8.83E-05,,,,,,,,,,,,
12006.15,6.83E-05,,,,,,,,,,,,
12006.2,8.40E-06,,,,,,,,,,,,
12006.25,3.68E-05,,,,,,,,,,,,
12006.25,4.38E-05,,,,,,,,,,,,
12006.3,6.35E-05,,,,,,,,,,,,
12006.35,3.38E-05,,,,,,,,,,,,
12006.4,6.68E-06,,,,,,,,,,,,
12006.45,3.25E-05,,,,,,,,,,,,
12006.5,4.71E-05,,,,,,,,,,,,
12006.55,3.81E-05,,,,,,,,,,,,
12006.6,5.27E-05,,,,,,,,,,,,
12006.65,8.93E-05,,,,,,,,,,,,
12006.7,9.04E-05,,,,,,,,,,,,
12006.75,4.60E-05,,,,,,,,,,,,
12006.75,3.20E-05,,,,,,,,,,,,
12006.8,5.39E-05,,,,,,,,,,,,
12006.85,4.45E-05,,,,,,,,,,,,
12006.9,7.63E-05,,,,,,,,,,,,
12006.95,7.64E-05,,,,,,,,,,,,
12007,4.93E-05,,,,,,,,,,,,
12007.05,4.24E-05,,,,,,,,,,,,
12007.1,4.12E-05,,,,,,,,,,,,
12007.15,4.12E-05,,,,,,,,,,,,
12007.2,3.33E-05,,,,,,,,,,,,
12007.25,4.08E-05,,,,,,,,,,,,
12007.25,4.26E-05,,,,,,,,,,,,
12007.3,2.55E-05,,,,,,,,,,,,
12007.35,3.48E-05,,,,,,,,,,,,
12007.4,4.99E-05,,,,,,,,,,,,
12007.45,5.25E-05,,,,,,,,,,,,
12007.5,5.10E-05,,,,,,,,,,,,
12007.55,5.09E-05,,,,,,,,,,,,
12007.6,5.12E-05,,,,,,,,,,,,
12007.65,4.84E-05,,,,,,,,,,,,
12007.7,7.21E-05,,,,,,,,,,,,
12007.75,9.19E-05,,,,,,,,,,,,
12007.75,5.31E-05,,,,,,,,,,,,
12007.8,8.89E-05,,,,,,,,,,,,
12007.85,9.05E-05,,,,,,,,,,,,
12007.9,7.40E-05,,,,,,,,,,,,
12007.95,8.31E-05,,,,,,,,,,,,
12008,0.000100298,,,,,,,,,,,,
12008.05,7.69E-05,,,,,,,,,,,,
12008.1,1.82E-05,,,,,,,,,,,,
12008.15,5.26E-05,,,,,,,,,,,,
12008.2,0.000109297,,,,,,,,,,,,
12008.25,0.000122432,,,,,,,,,,,,
12008.25,3.95E-05,,,,,,,,,,,,
12008.3,8.93E-05,,,,,,,,,,,,
12008.35,9.85E-05,,,,,,,,,,,,
12008.4,4.96E-05,,,,,,,,,,,,
12008.45,4.06E-05,,,,,,,,,,,,
12008.5,5.20E-05,,,,,,,,,,,,
12008.55,7.37E-05,,,,,,,,,,,,
12008.6,0.000118513,,,,,,,,,,,,
12008.65,0.000129685,,,,,,,,,,,,
12008.7,8.12E-05,,,,,,,,,,,,
12008.75,2.85E-05,,,,,,,,,,,,
12008.75,8.98E-05,,,,,,,,,,,,
12008.8,9.63E-05,,,,,,,,,,,,
12008.85,6.75E-05,,,,,,,,,,,,
12008.9,6.71E-05,,,,,,,,,,,,
12008.95,5.86E-05,,,,,,,,,,,,
12009,4.63E-05,,,,,,,,,,,,
12009.05,8.87E-05,,,,,,,,,,,,
12009.1,9.37E-05,,,,,,,,,,,,
12009.15,6.68E-05,,,,,,,,,,,,
12009.2,6.06E-05,,,,,,,,,,,,
12009.25,6.56E-05,,,,,,,,,,,,
12009.25,9.38E-05,,,,,,,,,,,,
12009.3,7.23E-05,,,,,,,,,,,,
12009.35,3.86E-05,,,,,,,,,,,,
12009.4,3.22E-05,,,,,,,,,,,,
12009.45,5.53E-05,,,,,,,,,,,,
12009.5,9.89E-05,,,,,,,,,,,,
12009.55,0.000149017,,,,,,,,,,,,
12009.6,0.000142365,,,,,,,,,,,,
12009.65,6.30E-05,,,,,,,,,,,,
12009.7,8.22E-05,,,,,,,,,,,,
12009.75,0.000121962,,,,,,,,,,,,
12009.75,8.73E-05,,,,,,,,,,,,
12009.8,8.50E-05,,,,,,,,,,,,
12009.85,2.82E-05,,,,,,,,,,,,
12009.9,5.09E-05,,,,,,,,,,,,
12009.95,0.000100449,,,,,,,,,,,,
12010,9.66E-05,,,,,,,,,,,,
12010.05,5.48E-05,,,,,,,,,,,,
12010.1,2.55E-05,,,,,,,,,,,,
12010.15,4.07E-05,,,,,,,,,,,,
12010.2,7.08E-05,,,,,,,,,,,,
12010.25,7.63E-05,,,,,,,,,,,,
12010.25,9.15E-05,,,,,,,,,,,,
12010.3,8.78E-05,,,,,,,,,,,,
12010.35,9.91E-05,,,,,,,,,,,,
12010.4,0.000112532,,,,,,,,,,,,
12010.45,8.50E-05,,,,,,,,,,,,
12010.5,4.08E-05,,,,,,,,,,,,
12010.55,3.52E-05,,,,,,,,,,,,
12010.6,5.56E-05,,,,,,,,,,,,
12010.65,9.16E-05,,,,,,,,,,,,
12010.7,7.61E-05,,,,,,,,,,,,
12010.75,2.36E-05,,,,,,,,,,,,
12010.75,5.97E-05,,,,,,,,,,,,
12010.8,2.92E-05,,,,,,,,,,,,
12010.85,0.000101546,,,,,,,,,,,,
12010.9,0.000136677,,,,,,,,,,,,
12010.95,0.000119737,,,,,,,,,,,,
12011,6.34E-05,,,,,,,,,,,,
12011.05,1.81E-05,,,,,,,,,,,,
12011.1,1.98E-05,,,,,,,,,,,,
12011.15,1.20E-06,,,,,,,,,,,,
12011.2,6.33E-05,,,,,,,,,,,,
12011.25,0.000132095,,,,,,,,,,,,
12011.25,7.67E-05,,,,,,,,,,,,
12011.3,9.21E-05,,,,,,,,,,,,
12011.35,4.21E-05,,,,,,,,,,,,
12011.4,6.43E-05,,,,,,,,,,,,
12011.45,2.64E-05,,,,,,,,,,,,
12011.5,8.06E-05,,,,,,,,,,,,
12011.55,0.000158883,,,,,,,,,,,,
12011.6,0.000131203,,,,,,,,,,,,
12011.65,2.27E-05,,,,,,,,,,,,
12011.7,4.69E-05,,,,,,,,,,,,
12011.75,4.51E-05,,,,,,,,,,,,
12011.75,7.02E-05,,,,,,,,,,,,
12011.8,8.51E-05,,,,,,,,,,,,
12011.85,0.000108058,,,,,,,,,,,,
12011.9,0.000117803,,,,,,,,,,,,
12011.95,7.75E-05,,,,,,,,,,,,
12012,4.89E-05,,,,,,,,,,,,
12012.05,3.79E-05,,,,,,,,,,,,
12012.1,7.88E-05,,,,,,,,,,,,
12012.15,0.000347578,,,,,,,,,,,,
12012.2,0.001829004,,,,,,,,,,,,
12012.25,0.003092168,,,,,,,,,,,,
12012.25,0.001573308,,,,,,,,,,,,
12012.3,0.001518757,,,,,,,,,,,,
12012.35,0.000826995,,,,,,,,,,,,
12012.4,0.000259285,,,,,,,,,,,,
12012.45,6.30E-05,,,,,,,,,,,,
12012.5,0.000177238,,,,,,,,,,,,
12012.55,0.000135731,,,,,,,,,,,,
12012.6,9.00E-05,,,,,,,,,,,,
12012.65,8.26E-05,,,,,,,,,,,,
12012.7,7.83E-05,,,,,,,,,,,,
12012.75,9.90E-05,,,,,,,,,,,,
12012.75,7.58E-05,,,,,,,,,,,,
12012.8,3.74E-05,,,,,,,,,,,,
12012.85,3.42E-05,,,,,,,,,,,,
12012.9,7.37E-05,,,,,,,,,,,,
12012.95,7.86E-05,,,,,,,,,,,,
12013,6.10E-05,,,,,,,,,,,,
12013.05,6.11E-05,,,,,,,,,,,,
12013.1,8.76E-05,,,,,,,,,,,,
12013.15,9.07E-05,,,,,,,,,,,,
12013.2,0.000100669,,,,,,,,,,,,
12013.25,0.000150091,,,,,,,,,,,,
12013.25,6.93E-05,,,,,,,,,,,,
12013.3,9.77E-05,,,,,,,,,,,,
12013.35,9.01E-05,,,,,,,,,,,,
12013.4,5.94E-05,,,,,,,,,,,,
12013.45,6.23E-05,,,,,,,,,,,,
12013.5,7.57E-05,,,,,,,,,,,,
12013.55,6.18E-05,,,,,,,,,,,,
12013.6,2.65E-05,,,,,,,,,,,,
12013.65,5.36E-05,,,,,,,,,,,,
12013.7,5.66E-05,,,,,,,,,,,,
12013.75,3.68E-05,,,,,,,,,,,,
12013.75,0.000112284,,,,,,,,,,,,
12013.8,7.00E-05,,,,,,,,,,,,
12013.85,2.85E-05,,,,,,,,,,,,
12013.9,2.17E-05,,,,,,,,,,,,
12013.95,2.57E-05,,,,,,,,,,,,
12014,2.10E-05,,,,,,,,,,,,
12014.05,5.32E-05,,,,,,,,,,,,
12014.1,6.39E-05,,,,,,,,,,,,
12014.15,6.25E-05,,,,,,,,,,,,
12014.2,9.00E-05,,,,,,,,,,,,
12014.25,9.77E-05,,,,,,,,,,,,
12014.25,2.67E-05,,,,,,,,,,,,
12014.3,3.17E-05,,,,,,,,,,,,
12014.35,6.05E-05,,,,,,,,,,,,
12014.4,0.000101485,,,,,,,,,,,,
12014.45,0.000110254,,,,,,,,,,,,
12014.5,0.000101258,,,,,,,,,,,,
12014.55,0.000108376,,,,,,,,,,,,
12014.6,0.000108015,,,,,,,,,,,,
12014.65,6.62E-05,,,,,,,,,,,,
12014.7,4.41E-05,,,,,,,,,,,,
12014.75,6.60E-05,,,,,,,,,,,,
12014.75,5.91E-05,,,,,,,,,,,,
12014.8,5.84E-05,,,,,,,,,,,,
12014.85,2.50E-05,,,,,,,,,,,,
12014.9,5.84E-05,,,,,,,,,,,,
12014.95,8.63E-05,,,,,,,,,,,,
12015,6.76E-05,,,,,,,,,,,,
12015.05,2.04E-05,,,,,,,,,,,,
12015.1,3.04E-05,,,,,,,,,,,,
12015.15,7.52E-05,,,,,,,,,,,,
12015.2,0.000103846,,,,,,,,,,,,
12015.25,4.13E-05,,,,,,,,,,,,
12015.25,2.22E-05,,,,,,,,,,,,
12015.3,5.25E-05,,,,,,,,,,,,
12015.35,5.56E-05,,,,,,,,,,,,
12015.4,4.59E-05,,,,,,,,,,,,
12015.45,6.06E-05,,,,,,,,,,,,
12015.5,8.25E-05,,,,,,,,,,,,
12015.55,8.69E-05,,,,,,,,,,,,
12015.6,8.82E-05,,,,,,,,,,,,
12015.65,0.000118912,,,,,,,,,,,,
12015.7,0.000171436,,,,,,,,,,,,
12015.75,0.000198994,,,,,,,,,,,,
12015.75,5.30E-05,,,,,,,,,,,,
12015.8,0.00011189,,,,,,,,,,,,
12015.85,0.000146396,,,,,,,,,,,,
12015.9,0.000124388,,,,,,,,,,,,
12015.95,9.01E-05,,,,,,,,,,,,
12016,9.88E-05,,,,,,,,,,,,
12016.05,9.95E-05,,,,,,,,,,,,
12016.1,5.98E-05,,,,,,,,,,,,
12016.15,3.47E-05,,,,,,,,,,,,
12016.2,3.36E-05,,,,,,,,,,,,
12016.25,3.41E-05,,,,,,,,,,,,
12016.25,6.36E-05,,,,,,,,,,,,
12016.3,7.15E-05,,,,,,,,,,,,
12016.35,7.50E-05,,,,,,,,,,,,
12016.4,5.22E-05,,,,,,,,,,,,
12016.45,1.82E-05,,,,,,,,,,,,
12016.5,2.63E-05,,,,,,,,,,,,
12016.55,1.53E-05,,,,,,,,,,,,
12016.6,9.08E-05,,,,,,,,,,,,
12016.65,0.000143417,,,,,,,,,,,,
12016.7,0.000132102,,,,,,,,,,,,
12016.75,7.33E-05,,,,,,,,,,,,
12016.75,8.56E-05,,,,,,,,,,,,
12016.8,4.82E-05,,,,,,,,,,,,
12016.85,1.07E-05,,,,,,,,,,,,
12016.9,4.49E-05,,,,,,,,,,,,
12016.95,5.31E-05,,,,,,,,,,,,
12017,0.00010202,,,,,,,,,,,,
12017.05,0.000117399,,,,,,,,,,,,
12017.1,9.75E-05,,,,,,,,,,,,
12017.15,8.82E-05,,,,,,,,,,,,
12017.2,9.35E-05,,,,,,,,,,,,
12017.25,9.62E-05,,,,,,,,,,,,
12017.25,2.56E-05,,,,,,,,,,,,
12017.3,0.000100456,,,,,,,,,,,,
12017.35,0.000108522,,,,,,,,,,,,
12017.4,5.35E-05,,,,,,,,,,,,
12017.45,5.22E-05,,,,,,,,,,,,
12017.5,9.99E-05,,,,,,,,,,,,
12017.55,9.95E-05,,,,,,,,,,,,
12017.6,6.39E-05,,,,,,,,,,,,
12017.65,5.96E-05,,,,,,,,,,,,
12017.7,3.83E-05,,,,,,,,,,,,
12017.75,3.97E-05,,,,,,,,,,,,
12017.75,3.90E-05,,,,,,,,,,,,
12017.8,9.02E-05,,,,,,,,,,,,
12017.85,0.000109151,,,,,,,,,,,,
12017.9,0.000155447,,,,,,,,,,,,
12017.95,0.000279537,,,,,,,,,,,,
12018,0.001348261,,,,,,,,,,,,
12018.05,0.003111788,,,,,,,,,,,,
12018.1,0.008078424,,,,,,,,,,,,
12018.15,0.010070902,,,,,,,,,,,,
12018.2,0.005965899,,,,,,,,,,,,
12018.25,0.001066922,,,,,,,,,,,,
12018.25,8.30E-05,,,,,,,,,,,,
12018.3,0.000123313,,,,,,,,,,,,
12018.35,0.000120083,,,,,,,,,,,,
12018.4,9.08E-05,,,,,,,,,,,,
12018.45,6.39E-05,,,,,,,,,,,,
12018.5,1.94E-05,,,,,,,,,,,,
12018.55,5.30E-05,,,,,,,,,,,,
12018.6,0.00012502,,,,,,,,,,,,
12018.65,0.000128917,,,,,,,,,,,,
12018.7,9.25E-05,,,,,,,,,,,,
12018.75,9.15E-05,,,,,,,,,,,,
12018.75,7.12E-05,,,,,,,,,,,,
12018.8,1.86E-05,,,,,,,,,,,,
12018.85,6.03E-05,,,,,,,,,,,,
12018.9,0.000106672,,,,,,,,,,,,
12018.95,0.000123589,,,,,,,,,,,,
12019,0.000141843,,,,,,,,,,,,
12019.05,0.000115485,,,,,,,,,,,,
12019.1,5.11E-05,,,,,,,,,,,,
12019.15,2.57E-05,,,,,,,,,,,,
12019.2,3.71E-05,,,,,,,,,,,,
12019.25,9.98E-06,,,,,,,,,,,,
12019.25,5.27E-05,,,,,,,,,,,,
12019.3,3.04E-05,,,,,,,,,,,,
12019.35,4.96E-05,,,,,,,,,,,,
12019.4,8.04E-05,,,,,,,,,,,,
12019.45,8.35E-05,,,,,,,,,,,,
12019.5,0.000118014,,,,,,,,,,,,
12019.55,0.000145676,,,,,,,,,,,,
12019.6,0.000109875,,,,,,,,,,,,
12019.65,5.24E-05,,,,,,,,,,,,
12019.7,2.26E-05,,,,,,,,,,,,
12019.75,3.32E-05,,,,,,,,,,,,
12019.75,3.76E-05,,,,,,,,,,,,
12019.8,1.82E-05,,,,,,,,,,,,
12019.85,5.35E-05,,,,,,,,,,,,
12019.9,0.000101892,,,,,,,,,,,,
12019.95,0.000125631,,,,,,,,,,,,
12020,0.000122663,,,,,,,,,,,,
12020.05,8.31E-05,,,,,,,,,,,,
12020.1,0.000100842,,,,,,,,,,,,
12020.15,0.000122722,,,,,,,,,,,,
12020.2,0.00010976,,,,,,,,,,,,
12020.25,5.81E-05,,,,,,,,,,,,
12020.25,1.65E-05,,,,,,,,,,,,
12020.3,3.05E-05,,,,,,,,,,,,
12020.35,4.11E-05,,,,,,,,,,,,
12020.4,1.64E-05,,,,,,,,,,,,
12020.45,5.35E-05,,,,,,,,,,,,
12020.5,7.84E-05,,,,,,,,,,,,
12020.55,0.000102974,,,,,,,,,,,,
12020.6,0.000100429,,,,,,,,,,,,
12020.65,5.02E-05,,,,,,,,,,,,
12020.7,2.94E-05,,,,,,,,,,,,
12020.75,5.69E-05,,,,,,,,,,,,
12020.75,8.38E-05,,,,,,,,,,,,
12020.8,0.000105183,,,,,,,,,,,,
12020.85,8.59E-05,,,,,,,,,,,,
12020.9,7.60E-05,,,,,,,,,,,,
12020.95,0.000108317,,,,,,,,,,,,
12021,0.000115454,,,,,,,,,,,,
12021.05,8.63E-05,,,,,,,,,,,,
12021.1,7.11E-05,,,,,,,,,,,,
12021.15,6.08E-05,,,,,,,,,,,,
12021.2,4.66E-05,,,,,,,,,,,,
12021.25,8.68E-05,,,,,,,,,,,,
12021.25,2.31E-05,,,,,,,,,,,,
12021.3,2.40E-05,,,,,,,,,,,,
12021.35,2.34E-05,,,,,,,,,,,,
12021.4,1.94E-05,,,,,,,,,,,,
12021.45,2.56E-05,,,,,,,,,,,,
12021.5,3.88E-05,,,,,,,,,,,,
12021.55,3.49E-05,,,,,,,,,,,,
12021.6,2.48E-05,,,,,,,,,,,,
12021.65,3.00E-05,,,,,,,,,,,,
12021.7,2.01E-05,,,,,,,,,,,,
12021.75,1.01E-05,,,,,,,,,,,,
12021.75,4.04E-05,,,,,,,,,,,,
12021.8,5.19E-05,,,,,,,,,,,,
12021.85,8.80E-05,,,,,,,,,,,,
12021.9,9.57E-05,,,,,,,,,,,,
12021.95,8.44E-05,,,,,,,,,,,,
12022,4.51E-05,,,,,,,,,,,,
12022.05,1.34E-05,,,,,,,,,,,,
12022.1,4.19E-05,,,,,,,,,,,,
12022.15,4.34E-05,,,,,,,,,,,,
12022.2,7.67E-05,,,,,,,,,,,,
12022.25,0.000130087,,,,,,,,,,,,
12022.25,7.09E-05,,,,,,,,,,,,
12022.3,7.89E-05,,,,,,,,,,,,
12022.35,0.000100287,,,,,,,,,,,,
12022.4,8.04E-05,,,,,,,,,,,,
12022.45,4.89E-05,,,,,,,,,,,,
12022.5,3.49E-05,,,,,,,,,,,,
12022.55,6.00E-05,,,,,,,,,,,,
12022.6,0.000110183,,,,,,,,,,,,
12022.65,0.000105741,,,,,,,,,,,,
12022.7,6.99E-05,,,,,,,,,,,,
12022.75,7.52E-05,,,,,,,,,,,,
12022.75,6.54E-05,,,,,,,,,,,,
12022.8,2.76E-05,,,,,,,,,,,,
12022.85,1.11E-05,,,,,,,,,,,,
12022.9,4.48E-05,,,,,,,,,,,,
12022.95,6.23E-05,,,,,,,,,,,,
12023,2.57E-05,,,,,,,,,,,,
12023.05,3.27E-05,,,,,,,,,,,,
12023.1,2.82E-05,,,,,,,,,,,,
12023.15,4.55E-05,,,,,,,,,,,,
12023.2,7.74E-05,,,,,,,,,,,,
12023.25,7.64E-05,,,,,,,,,,,,
12023.25,0.000125145,,,,,,,,,,,,
12023.3,0.000124032,,,,,,,,,,,,
12023.35,6.13E-05,,,,,,,,,,,,
12023.4,4.52E-05,,,,,,,,,,,,
12023.45,9.91E-05,,,,,,,,,,,,
12023.5,8.98E-05,,,,,,,,,,,,
12023.55,6.73E-05,,,,,,,,,,,,
12023.6,5.71E-05,,,,,,,,,,,,
12023.65,7.89E-05,,,,,,,,,,,,
12023.7,0.00011983,,,,,,,,,,,,
12023.75,0.000131739,,,,,,,,,,,,
12023.75,8.79E-05,,,,,,,,,,,,
12023.8,3.60E-05,,,,,,,,,,,,
12023.85,4.57E-05,,,,,,,,,,,,
12023.9,8.52E-05,,,,,,,,,,,,
12023.95,7.64E-05,,,,,,,,,,,,
12024,3.97E-05,,,,,,,,,,,,
12024.05,2.34E-05,,,,,,,,,,,,
12024.1,3.95E-05,,,,,,,,,,,,
12024.15,3.65E-05,,,,,,,,,,,,
12024.2,2.18E-05,,,,,,,,,,,,
12024.25,3.29E-05,,,,,,,,,,,,
12024.25,3.59E-05,,,,,,,,,,,,
12024.3,5.53E-05,,,,,,,,,,,,
12024.35,9.75E-05,,,,,,,,,,,,
12024.4,9.33E-05,,,,,,,,,,,,
12024.45,6.38E-05,,,,,,,,,,,,
12024.5,9.80E-05,,,,,,,,,,,,
12024.55,0.000119794,,,,,,,,,,,,
12024.6,9.89E-05,,,,,,,,,,,,
12024.65,8.81E-05,,,,,,,,,,,,
12024.7,8.58E-05,,,,,,,,,,,,
12024.75,6.27E-05,,,,,,,,,,,,
12024.75,0.000121665,,,,,,,,,,,,
12024.8,3.24E-05,,,,,,,,,,,,
12024.85,3.15E-05,,,,,,,,,,,,
12024.9,3.97E-05,,,,,,,,,,,,
12024.95,3.13E-05,,,,,,,,,,,,
12025,2.74E-05,,,,,,,,,,,,
12025.05,6.66E-05,,,,,,,,,,,,
12025.1,5.77E-05,,,,,,,,,,,,
12025.15,2.89E-05,,,,,,,,,,,,
12025.2,5.70E-05,,,,,,,,,,,,
12025.25,7.45E-05,,,,,,,,,,,,
12025.25,6.24E-05,,,,,,,,,,,,
12025.3,4.85E-05,,,,,,,,,,,,
12025.35,1.97E-05,,,,,,,,,,,,
12025.4,8.63E-06,,,,,,,,,,,,
12025.45,5.21E-05,,,,,,,,,,,,
12025.5,0.000115377,,,,,,,,,,,,
12025.55,0.00011604,,,,,,,,,,,,
12025.6,5.32E-05,,,,,,,,,,,,
12025.65,4.43E-05,,,,,,,,,,,,
12025.7,5.48E-05,,,,,,,,,,,,
12025.75,3.67E-05,,,,,,,,,,,,
12025.75,3.70E-05,,,,,,,,,,,,
12025.8,8.67E-05,,,,,,,,,,,,
12025.85,0.000102411,,,,,,,,,,,,
12025.9,8.11E-05,,,,,,,,,,,,
12025.95,6.65E-05,,,,,,,,,,,,
12026,6.87E-05,,,,,,,,,,,,
12026.05,4.72E-05,,,,,,,,,,,,
12026.1,2.03E-05,,,,,,,,,,,,
12026.15,7.49E-05,,,,,,,,,,,,
12026.2,7.95E-05,,,,,,,,,,,,
12026.25,5.52E-05,,,,,,,,,,,,
12026.25,0.000102539,,,,,,,,,,,,
12026.3,9.30E-05,,,,,,,,,,,,
12026.35,4.71E-05,,,,,,,,,,,,
12026.4,5.01E-05,,,,,,,,,,,,
12026.45,0.000104355,,,,,,,,,,,,
12026.5,0.000113439,,,,,,,,,,,,
12026.55,0.000107678,,,,,,,,,,,,
12026.6,9.47E-05,,,,,,,,,,,,
12026.65,8.39E-05,,,,,,,,,,,,
12026.7,9.80E-05,,,,,,,,,,,,
12026.75,9.80E-05,,,,,,,,,,,,
12026.75,4.40E-05,,,,,,,,,,,,
12026.8,5.04E-05,,,,,,,,,,,,
12026.85,3.28E-05,,,,,,,,,,,,
12026.9,3.28E-05,,,,,,,,,,,,
12026.95,2.54E-05,,,,,,,,,,,,
12027,1.32E-05,,,,,,,,,,,,
12027.05,3.09E-05,,,,,,,,,,,,
12027.1,6.53E-05,,,,,,,,,,,,
12027.15,9.77E-05,,,,,,,,,,,,
12027.2,8.39E-05,,,,,,,,,,,,
12027.25,4.27E-05,,,,,,,,,,,,
12027.25,5.94E-05,,,,,,,,,,,,
12027.3,2.85E-05,,,,,,,,,,,,
12027.35,1.90E-05,,,,,,,,,,,,
12027.4,2.66E-05,,,,,,,,,,,,
12027.45,1.83E-05,,,,,,,,,,,,
12027.5,7.95E-05,,,,,,,,,,,,
12027.55,7.74E-05,,,,,,,,,,,,
12027.6,2.53E-05,,,,,,,,,,,,
12027.65,3.85E-05,,,,,,,,,,,,
12027.7,6.37E-05,,,,,,,,,,,,
12027.75,8.73E-05,,,,,,,,,,,,
12027.75,3.86E-05,,,,,,,,,,,,
12027.8,8.52E-05,,,,,,,,,,,,
12027.85,6.36E-05,,,,,,,,,,,,
12027.9,1.16E-05,,,,,,,,,,,,
12027.95,4.29E-05,,,,,,,,,,,,
12028,5.92E-05,,,,,,,,,,,,
12028.05,1.83E-05,,,,,,,,,,,,
12028.1,6.58E-05,,,,,,,,,,,,
12028.15,0.000124174,,,,,,,,,,,,
12028.2,0.000121427,,,,,,,,,,,,
12028.25,8.47E-05,,,,,,,,,,,,
12028.25,6.23E-05,,,,,,,,,,,,
12028.3,5.02E-05,,,,,,,,,,,,
12028.35,1.94E-05,,,,,,,,,,,,
12028.4,1.76E-05,,,,,,,,,,,,
12028.45,1.95E-05,,,,,,,,,,,,
12028.5,5.34E-05,,,,,,,,,,,,
12028.55,6.37E-05,,,,,,,,,,,,
12028.6,4.39E-05,,,,,,,,,,,,
12028.65,4.26E-05,,,,,,,,,,,,
12028.7,5.68E-05,,,,,,,,,,,,
12028.75,5.33E-05,,,,,,,,,,,,
12028.75,7.87E-05,,,,,,,,,,,,
12028.8,8.35E-05,,,,,,,,,,,,
12028.85,3.25E-05,,,,,,,,,,,,
12028.9,4.59E-05,,,,,,,,,,,,
12028.95,6.74E-05,,,,,,,,,,,,
12029,4.49E-05,,,,,,,,,,,,
12029.05,6.55E-05,,,,,,,,,,,,
12029.1,4.74E-05,,,,,,,,,,,,
12029.15,2.67E-05,,,,,,,,,,,,
12029.2,4.29E-05,,,,,,,,,,,,
12029.25,5.84E-05,,,,,,,,,,,,
12029.25,5.58E-05,,,,,,,,,,,,
12029.3,8.41E-05,,,,,,,,,,,,
12029.35,8.49E-05,,,,,,,,,,,,
12029.4,6.31E-05,,,,,,,,,,,,
12029.45,6.17E-05,,,,,,,,,,,,
12029.5,6.19E-05,,,,,,,,,,,,
12029.55,6.14E-05,,,,,,,,,,,,
12029.6,5.53E-05,,,,,,,,,,,,
12029.65,2.75E-05,,,,,,,,,,,,
12029.7,4.89E-05,,,,,,,,,,,,
12029.75,9.34E-05,,,,,,,,,,,,
12029.75,8.02E-05,,,,,,,,,,,,
12029.8,8.44E-05,,,,,,,,,,,,
12029.85,8.84E-05,,,,,,,,,,,,
12029.9,0.000106526,,,,,,,,,,,,
12029.95,0.000113472,,,,,,,,,,,,
12030,9.34E-05,,,,,,,,,,,,
12030.05,6.22E-05,,,,,,,,,,,,
12030.1,3.12E-05,,,,,,,,,,,,
12030.15,2.61E-05,,,,,,,,,,,,
12030.2,1.04E-05,,,,,,,,,,,,
12030.25,4.67E-05,,,,,,,,,,,,
12030.25,5.22E-05,,,,,,,,,,,,
12030.3,4.79E-05,,,,,,,,,,,,
12030.35,6.02E-05,,,,,,,,,,,,
12030.4,5.98E-05,,,,,,,,,,,,
12030.45,3.59E-05,,,,,,,,,,,,
12030.5,1.71E-05,,,,,,,,,,,,
12030.55,6.74E-05,,,,,,,,,,,,
12030.6,9.33E-05,,,,,,,,,,,,
12030.65,5.87E-05,,,,,,,,,,,,
12030.7,2.80E-05,,,,,,,,,,,,
12030.75,3.14E-05,,,,,,,,,,,,
12030.75,4.98E-05,,,,,,,,,,,,
12030.8,2.36E-05,,,,,,,,,,,,
12030.85,2.04E-05,,,,,,,,,,,,
12030.9,4.10E-05,,,,,,,,,,,,
12030.95,5.82E-05,,,,,,,,,,,,
12031,7.93E-05,,,,,,,,,,,,
12031.05,7.62E-05,,,,,,,,,,,,
12031.1,4.92E-05,,,,,,,,,,,,
12031.15,4.60E-05,,,,,,,,,,,,
12031.2,4.31E-05,,,,,,,,,,,,
12031.25,5.37E-05,,,,,,,,,,,,
12031.25,8.32E-05,,,,,,,,,,,,
12031.3,0.000100967,,,,,,,,,,,,
12031.35,6.93E-05,,,,,,,,,,,,
12031.4,3.13E-05,,,,,,,,,,,,
12031.45,4.27E-05,,,,,,,,,,,,
12031.5,3.63E-05,,,,,,,,,,,,
12031.55,1.55E-05,,,,,,,,,,,,
12031.6,1.80E-05,,,,,,,,,,,,
12031.65,1.40E-05,,,,,,,,,,,,
12031.7,2.98E-05,,,,,,,,,,,,
12031.75,3.11E-05,,,,,,,,,,,,
12031.75,6.10E-05,,,,,,,,,,,,
12031.8,4.43E-05,,,,,,,,,,,,
12031.85,3.41E-05,,,,,,,,,,,,
12031.9,6.40E-05,,,,,,,,,,,,
12031.95,7.47E-05,,,,,,,,,,,,
12032,3.75E-05,,,,,,,,,,,,
12032.05,2.93E-05,,,,,,,,,,,,
12032.1,3.63E-05,,,,,,,,,,,,
12032.15,1.73E-05,,,,,,,,,,,,
12032.2,5.15E-05,,,,,,,,,,,,
12032.25,2.85E-05,,,,,,,,,,,,
12032.25,7.17E-05,,,,,,,,,,,,
12032.3,4.37E-05,,,,,,,,,,,,
12032.35,3.00E-05,,,,,,,,,,,,
12032.4,2.36E-05,,,,,,,,,,,,
12032.45,2.09E-05,,,,,,,,,,,,
12032.5,1.64E-05,,,,,,,,,,,,
12032.55,1.91E-05,,,,,,,,,,,,
12032.6,2.93E-05,,,,,,,,,,,,
12032.65,3.01E-05,,,,,,,,,,,,
12032.7,2.83E-05,,,,,,,,,,,,
12032.75,3.72E-05,,,,,,,,,,,,
12032.75,7.31E-05,,,,,,,,,,,,
12032.8,4.69E-05,,,,,,,,,,,,
12032.85,4.40E-05,,,,,,,,,,,,
12032.9,5.47E-05,,,,,,,,,,,,
12032.95,4.99E-05,,,,,,,,,,,,
12033,4.66E-05,,,,,,,,,,,,
12033.05,7.89E-05,,,,,,,,,,,,
12033.1,7.30E-05,,,,,,,,,,,,
12033.15,9.71E-06,,,,,,,,,,,,
12033.2,3.97E-05,,,,,,,,,,,,
12033.25,3.14E-05,,,,,,,,,,,,
12033.25,7.88E-05,,,,,,,,,,,,
12033.3,7.48E-05,,,,,,,,,,,,
12033.35,4.43E-05,,,,,,,,,,,,
12033.4,1.29E-05,,,,,,,,,,,,
12033.45,6.12E-05,,,,,,,,,,,,
12033.5,9.97E-05,,,,,,,,,,,,
12033.55,0.000106245,,,,,,,,,,,,
12033.6,8.25E-05,,,,,,,,,,,,
12033.65,4.50E-05,,,,,,,,,,,,
12033.7,5.70E-05,,,,,,,,,,,,
12033.75,2.69E-05,,,,,,,,,,,,
12033.75,5.34E-05,,,,,,,,,,,,
12033.8,4.51E-05,,,,,,,,,,,,
12033.85,2.40E-05,,,,,,,,,,,,
12033.9,1.76E-05,,,,,,,,,,,,
12033.95,5.19E-06,,,,,,,,,,,,
12034,4.27E-05,,,,,,,,,,,,
12034.05,7.84E-05,,,,,,,,,,,,
12034.1,4.02E-05,,,,,,,,,,,,
12034.15,3.52E-05,,,,,,,,,,,,
12034.2,6.48E-05,,,,,,,,,,,,
12034.25,5.52E-05,,,,,,,,,,,,
12034.25,8.10E-05,,,,,,,,,,,,
12034.3,7.22E-05,,,,,,,,,,,,
12034.35,3.65E-05,,,,,,,,,,,,
12034.4,2.04E-05,,,,,,,,,,,,
12034.45,3.97E-05,,,,,,,,,,,,
12034.5,7.27E-05,,,,,,,,,,,,
12034.55,0.000313298,,,,,,,,,,,,
12034.6,0.000739634,,,,,,,,,,,,
12034.65,0.000922871,,,,,,,,,,,,
12034.7,0.000625937,,,,,,,,,,,,
12034.75,0.000191604,,,,,,,,,,,,
12034.75,5.94E-05,,,,,,,,,,,,
12034.8,8.63E-05,,,,,,,,,,,,
12034.85,0.000102879,,,,,,,,,,,,
12034.9,0.000113162,,,,,,,,,,,,
12034.95,9.47E-05,,,,,,,,,,,,
12035,5.50E-05,,,,,,,,,,,,
12035.05,3.10E-05,,,,,,,,,,,,
12035.1,2.65E-05,,,,,,,,,,,,
12035.15,2.73E-05,,,,,,,,,,,,
12035.2,3.93E-05,,,,,,,,,,,,
12035.25,4.81E-05,,,,,,,,,,,,
12035.25,6.01E-05,,,,,,,,,,,,
12035.3,8.57E-05,,,,,,,,,,,,
12035.35,7.54E-05,,,,,,,,,,,,
12035.4,5.21E-05,,,,,,,,,,,,
12035.45,4.33E-05,,,,,,,,,,,,
12035.5,4.53E-05,,,,,,,,,,,,
12035.55,8.21E-05,,,,,,,,,,,,
12035.6,0.00011875,,,,,,,,,,,,
12035.65,0.000113635,,,,,,,,,,,,
12035.7,7.41E-05,,,,,,,,,,,,
12035.75,2.90E-05,,,,,,,,,,,,
12035.75,2.77E-05,,,,,,,,,,,,
12035.8,9.52E-06,,,,,,,,,,,,
12035.85,2.74E-05,,,,,,,,,,,,
12035.9,3.20E-05,,,,,,,,,,,,
12035.95,7.27E-06,,,,,,,,,,,,
12036,2.22E-05,,,,,,,,,,,,
12036.05,1.90E-05,,,,,,,,,,,,
12036.1,7.06E-05,,,,,,,,,,,,
12036.15,8.93E-05,,,,,,,,,,,,
12036.2,7.21E-05,,,,,,,,,,,,
12036.25,6.16E-05,,,,,,,,,,,,
12036.25,4.26E-05,,,,,,,,,,,,
12036.3,6.21E-05,,,,,,,,,,,,
12036.35,7.82E-05,,,,,,,,,,,,
12036.4,6.38E-05,,,,,,,,,,,,
12036.45,2.85E-05,,,,,,,,,,,,
12036.5,1.53E-05,,,,,,,,,,,,
12036.55,4.73E-05,,,,,,,,,,,,
12036.6,7.47E-05,,,,,,,,,,,,
12036.65,5.62E-05,,,,,,,,,,,,
12036.7,2.70E-05,,,,,,,,,,,,
12036.75,6.97E-05,,,,,,,,,,,,
12036.75,5.03E-05,,,,,,,,,,,,
12036.8,6.40E-05,,,,,,,,,,,,
12036.85,2.40E-05,,,,,,,,,,,,
12036.9,3.61E-05,,,,,,,,,,,,
12036.95,4.73E-05,,,,,,,,,,,,
12037,1.75E-05,,,,,,,,,,,,
12037.05,1.75E-05,,,,,,,,,,,,
12037.1,3.04E-05,,,,,,,,,,,,
12037.15,2.79E-05,,,,,,,,,,,,
12037.2,1.91E-05,,,,,,,,,,,,
12037.25,3.23E-05,,,,,,,,,,,,
12037.25,4.27E-05,,,,,,,,,,,,
12037.3,3.91E-05,,,,,,,,,,,,
12037.35,2.42E-05,,,,,,,,,,,,
12037.4,2.68E-05,,,,,,,,,,,,
12037.45,3.89E-05,,,,,,,,,,,,
12037.5,2.19E-05,,,,,,,,,,,,
12037.55,4.85E-06,,,,,,,,,,,,
12037.6,6.31E-06,,,,,,,,,,,,
12037.65,4.09E-05,,,,,,,,,,,,
12037.7,6.07E-05,,,,,,,,,,,,
12037.75,3.93E-05,,,,,,,,,,,,
12037.75,3.32E-05,,,,,,,,,,,,
12037.8,5.45E-05,,,,,,,,,,,,
12037.85,7.18E-05,,,,,,,,,,,,
12037.9,7.77E-05,,,,,,,,,,,,
12037.95,8.61E-05,,,,,,,,,,,,
12038,0.000100501,,,,,,,,,,,,
12038.05,0.000109063,,,,,,,,,,,,
12038.1,9.74E-05,,,,,,,,,,,,
12038.15,6.14E-05,,,,,,,,,,,,
12038.2,2.59E-05,,,,,,,,,,,,
12038.25,1.31E-05,,,,,,,,,,,,
12038.25,4.48E-05,,,,,,,,,,,,
12038.3,4.81E-05,,,,,,,,,,,,
12038.35,6.23E-05,,,,,,,,,,,,
12038.4,7.55E-05,,,,,,,,,,,,
12038.45,5.56E-05,,,,,,,,,,,,
12038.5,1.10E-05,,,,,,,,,,,,
12038.55,2.20E-05,,,,,,,,,,,,
12038.6,4.16E-05,,,,,,,,,,,,
12038.65,6.05E-05,,,,,,,,,,,,
12038.7,4.73E-05,,,,,,,,,,,,
12038.75,3.58E-05,,,,,,,,,,,,
12038.75,0.00010699,,,,,,,,,,,,
12038.8,0.00010161,,,,,,,,,,,,
12038.85,7.11E-05,,,,,,,,,,,,
12038.9,2.74E-05,,,,,,,,,,,,
12038.95,3.00E-05,,,,,,,,,,,,
12039,6.53E-05,,,,,,,,,,,,
12039.05,5.29E-05,,,,,,,,,,,,
12039.1,5.27E-05,,,,,,,,,,,,
12039.15,6.54E-05,,,,,,,,,,,,
12039.2,6.47E-05,,,,,,,,,,,,
12039.25,6.78E-05,,,,,,,,,,,,
12039.25,8.21E-05,,,,,,,,,,,,
12039.3,8.65E-05,,,,,,,,,,,,
12039.35,6.77E-05,,,,,,,,,,,,
12039.4,6.91E-05,,,,,,,,,,,,
12039.45,8.46E-05,,,,,,,,,,,,
12039.5,6.89E-05,,,,,,,,,,,,
12039.55,4.45E-05,,,,,,,,,,,,
12039.6,5.21E-05,,,,,,,,,,,,
12039.65,6.31E-05,,,,,,,,,,,,
12039.7,5.65E-05,,,,,,,,,,,,
12039.75,4.17E-05,,,,,,,,,,,,
12039.75,6.90E-05,,,,,,,,,,,,
12039.8,4.30E-05,,,,,,,,,,,,
12039.85,2.72E-05,,,,,,,,,,,,
12039.9,1.84E-05,,,,,,,,,,,,
12039.95,1.10E-05,,,,,,,,,,,,
12040,2.69E-06,,,,,,,,,,,,
12040.05,4.25E-05,,,,,,,,,,,,
12040.1,7.69E-05,,,,,,,,,,,,
12040.15,7.14E-05,,,,,,,,,,,,
12040.2,6.44E-05,,,,,,,,,,,,
12040.25,6.37E-05,,,,,,,,,,,,
12040.25,5.05E-05,,,,,,,,,,,,
12040.3,3.66E-05,,,,,,,,,,,,
12040.35,4.33E-05,,,,,,,,,,,,
12040.4,5.67E-05,,,,,,,,,,,,
12040.45,4.18E-05,,,,,,,,,,,,
12040.5,4.84E-05,,,,,,,,,,,,
12040.55,3.86E-05,,,,,,,,,,,,
12040.6,4.03E-05,,,,,,,,,,,,
12040.65,8.01E-06,,,,,,,,,,,,
12040.7,7.56E-05,,,,,,,,,,,,
12040.75,0.000113819,,,,,,,,,,,,
12040.75,4.86E-05,,,,,,,,,,,,
12040.8,2.76E-05,,,,,,,,,,,,
12040.85,2.36E-05,,,,,,,,,,,,
12040.9,2.57E-05,,,,,,,,,,,,
12040.95,2.27E-05,,,,,,,,,,,,
12041,2.20E-05,,,,,,,,,,,,
12041.05,2.37E-05,,,,,,,,,,,,
12041.1,3.00E-05,,,,,,,,,,,,
12041.15,3.01E-05,,,,,,,,,,,,
12041.2,2.28E-05,,,,,,,,,,,,
12041.25,3.75E-05,,,,,,,,,,,,
12041.25,7.09E-06,,,,,,,,,,,,
12041.3,1.00E-05,,,,,,,,,,,,
12041.35,2.60E-05,,,,,,,,,,,,
12041.4,2.90E-05,,,,,,,,,,,,
12041.45,2.13E-05,,,,,,,,,,,,
12041.5,7.00E-05,,,,,,,,,,,,
12041.55,6.02E-05,,,,,,,,,,,,
12041.6,3.29E-05,,,,,,,,,,,,
12041.65,1.61E-05,,,,,,,,,,,,
12041.7,3.75E-05,,,,,,,,,,,,
12041.75,4.90E-05,,,,,,,,,,,,
12041.75,8.72E-05,,,,,,,,,,,,
12041.8,0.000111981,,,,,,,,,,,,
12041.85,8.62E-05,,,,,,,,,,,,
12041.9,1.20E-05,,,,,,,,,,,,
12041.95,7.63E-05,,,,,,,,,,,,
12042,9.49E-05,,,,,,,,,,,,
12042.05,6.74E-05,,,,,,,,,,,,
12042.1,4.19E-05,,,,,,,,,,,,
12042.15,1.03E-05,,,,,,,,,,,,
12042.2,1.00E-05,,,,,,,,,,,,
12042.25,3.23E-05,,,,,,,,,,,,
12042.25,6.07E-05,,,,,,,,,,,,
12042.3,3.56E-05,,,,,,,,,,,,
12042.35,2.83E-05,,,,,,,,,,,,
12042.4,4.65E-05,,,,,,,,,,,,
12042.45,5.06E-05,,,,,,,,,,,,
12042.5,2.90E-05,,,,,,,,,,,,
12042.55,1.35E-05,,,,,,,,,,,,
12042.6,5.32E-05,,,,,,,,,,,,
12042.65,8.22E-05,,,,,,,,,,,,
12042.7,6.65E-05,,,,,,,,,,,,
12042.75,2.75E-05,,,,,,,,,,,,
12042.75,0.000116823,,,,,,,,,,,,
12042.8,9.48E-05,,,,,,,,,,,,
12042.85,5.89E-05,,,,,,,,,,,,
12042.9,5.98E-05,,,,,,,,,,,,
12042.95,6.25E-05,,,,,,,,,,,,
12043,6.67E-05,,,,,,,,,,,,
12043.05,7.03E-05,,,,,,,,,,,,
12043.1,5.74E-05,,,,,,,,,,,,
12043.15,5.51E-05,,,,,,,,,,,,
12043.2,8.94E-05,,,,,,,,,,,,
12043.25,0.000122319,,,,,,,,,,,,
12043.25,3.63E-05,,,,,,,,,,,,
12043.3,3.31E-05,,,,,,,,,,,,
12043.35,6.00E-05,,,,,,,,,,,,
12043.4,8.97E-05,,,,,,,,,,,,
12043.45,8.55E-05,,,,,,,,,,,,
12043.5,7.14E-05,,,,,,,,,,,,
12043.55,6.62E-05,,,,,,,,,,,,
12043.6,2.73E-05,,,,,,,,,,,,
12043.65,2.03E-05,,,,,,,,,,,,
12043.7,1.73E-05,,,,,,,,,,,,
12043.75,1.66E-05,,,,,,,,,,,,
12043.75,4.43E-05,,,,,,,,,,,,
12043.8,2.13E-05,,,,,,,,,,,,
12043.85,5.46E-05,,,,,,,,,,,,
12043.9,6.10E-05,,,,,,,,,,,,
12043.95,1.24E-05,,,,,,,,,,,,
12044,4.36E-05,,,,,,,,,,,,
12044.05,5.31E-05,,,,,,,,,,,,
12044.1,4.32E-05,,,,,,,,,,,,
12044.15,3.61E-05,,,,,,,,,,,,
12044.2,5.34E-05,,,,,,,,,,,,
12044.25,7.16E-05,,,,,,,,,,,,
12044.25,0.000105484,,,,,,,,,,,,
12044.3,5.01E-05,,,,,,,,,,,,
12044.35,4.42E-05,,,,,,,,,,,,
12044.4,7.18E-05,,,,,,,,,,,,
12044.45,6.95E-05,,,,,,,,,,,,
12044.5,2.56E-05,,,,,,,,,,,,
12044.55,3.88E-05,,,,,,,,,,,,
12044.6,5.45E-05,,,,,,,,,,,,
12044.65,4.83E-05,,,,,,,,,,,,
12044.7,5.74E-05,,,,,,,,,,,,
12044.75,5.64E-05,,,,,,,,,,,,
12044.75,2.25E-05,,,,,,,,,,,,
12044.8,8.45E-05,,,,,,,,,,,,
12044.85,0.00014325,,,,,,,,,,,,
12044.9,0.000151692,,,,,,,,,,,,
12044.95,0.000110992,,,,,,,,,,,,
12045,4.89E-05,,,,,,,,,,,,
12045.05,5.24E-05,,,,,,,,,,,,
12045.1,9.11E-05,,,,,,,,,,,,
12045.15,6.25E-05,,,,,,,,,,,,
12045.2,4.70E-05,,,,,,,,,,,,
12045.25,6.68E-05,,,,,,,,,,,,
12045.25,4.51E-05,,,,,,,,,,,,
12045.3,4.02E-05,,,,,,,,,,,,
12045.35,3.21E-05,,,,,,,,,,,,
12045.4,1.31E-05,,,,,,,,,,,,
12045.45,2.33E-05,,,,,,,,,,,,
12045.5,5.37E-05,,,,,,,,,,,,
12045.55,5.65E-05,,,,,,,,,,,,
12045.6,2.71E-05,,,,,,,,,,,,
12045.65,3.26E-05,,,,,,,,,,,,
12045.7,5.05E-05,,,,,,,,,,,,
12045.75,6.30E-05,,,,,,,,,,,,
12045.75,4.89E-05,,,,,,,,,,,,
12045.8,6.44E-05,,,,,,,,,,,,
12045.85,7.34E-05,,,,,,,,,,,,
12045.9,6.35E-05,,,,,,,,,,,,
12045.95,7.14E-05,,,,,,,,,,,,
12046,4.18E-05,,,,,,,,,,,,
12046.05,2.31E-05,,,,,,,,,,,,
12046.1,6.47E-05,,,,,,,,,,,,
12046.15,5.86E-05,,,,,,,,,,,,
12046.2,3.92E-05,,,,,,,,,,,,
12046.25,4.82E-05,,,,,,,,,,,,
12046.25,4.16E-05,,,,,,,,,,,,
12046.3,3.68E-05,,,,,,,,,,,,
12046.35,3.13E-05,,,,,,,,,,,,
12046.4,3.42E-05,,,,,,,,,,,,
12046.45,2.64E-05,,,,,,,,,,,,
12046.5,4.32E-05,,,,,,,,,,,,
12046.55,7.76E-05,,,,,,,,,,,,
12046.6,4.44E-05,,,,,,,,,,,,
12046.65,8.37E-06,,,,,,,,,,,,
12046.7,8.37E-06,,,,,,,,,,,,
12046.75,5.60E-05,,,,,,,,,,,,
12046.75,0.000128623,,,,,,,,,,,,
12046.8,0.000112266,,,,,,,,,,,,
12046.85,7.50E-05,,,,,,,,,,,,
12046.9,3.48E-05,,,,,,,,,,,,
12046.95,3.62E-06,,,,,,,,,,,,
12047,3.34E-05,,,,,,,,,,,,
12047.05,6.94E-05,,,,,,,,,,,,
12047.1,9.78E-05,,,,,,,,,,,,
12047.15,0.00010022,,,,,,,,,,,,
12047.2,7.79E-05,,,,,,,,,,,,
12047.25,6.06E-05,,,,,,,,,,,,
12047.25,5.66E-05,,,,,,,,,,,,
12047.3,3.18E-05,,,,,,,,,,,,
12047.35,5.01E-05,,,,,,,,,,,,
12047.4,5.22E-05,,,,,,,,,,,,
12047.45,3.34E-05,,,,,,,,,,,,
12047.5,1.36E-05,,,,,,,,,,,,
12047.55,9.45E-06,,,,,,,,,,,,
12047.6,2.96E-05,,,,,,,,,,,,
12047.65,3.07E-05,,,,,,,,,,,,
12047.7,6.11E-06,,,,,,,,,,,,
12047.75,2.10E-05,,,,,,,,,,,,
12047.75,3.41E-05,,,,,,,,,,,,
12047.8,4.26E-05,,,,,,,,,,,,
12047.85,3.34E-05,,,,,,,,,,,,
12047.9,6.58E-05,,,,,,,,,,,,
12047.95,0.000114563,,,,,,,,,,,,
12048,0.000108609,,,,,,,,,,,,
12048.05,8.85E-05,,,,,,,,,,,,
12048.1,4.47E-05,,,,,,,,,,,,
12048.15,3.36E-05,,,,,,,,,,,,
12048.2,3.35E-05,,,,,,,,,,,,
12048.25,1.75E-05,,,,,,,,,,,,
12048.25,0.000130959,,,,,,,,,,,,
12048.3,0.000151319,,,,,,,,,,,,
12048.35,0.000120381,,,,,,,,,,,,
12048.4,7.51E-05,,,,,,,,,,,,
12048.45,4.00E-05,,,,,,,,,,,,
12048.5,3.95E-05,,,,,,,,,,,,
12048.55,5.59E-05,,,,,,,,,,,,
12048.6,3.63E-05,,,,,,,,,,,,
12048.65,4.43E-05,,,,,,,,,,,,
12048.7,7.73E-05,,,,,,,,,,,,
12048.75,6.19E-05,,,,,,,,,,,,
12048.75,0.000122871,,,,,,,,,,,,
12048.8,7.91E-05,,,,,,,,,,,,
12048.85,6.82E-05,,,,,,,,,,,,
12048.9,8.65E-05,,,,,,,,,,,,
12048.95,9.86E-05,,,,,,,,,,,,
12049,6.69E-05,,,,,,,,,,,,
12049.05,1.23E-05,,,,,,,,,,,,
12049.1,6.09E-05,,,,,,,,,,,,
12049.15,4.11E-05,,,,,,,,,,,,
12049.2,6.58E-05,,,,,,,,,,,,
12049.25,9.98E-05,,,,,,,,,,,,
12049.25,4.31E-05,,,,,,,,,,,,
12049.3,3.34E-05,,,,,,,,,,,,
12049.35,2.63E-05,,,,,,,,,,,,
12049.4,6.60E-05,,,,,,,,,,,,
12049.45,4.48E-05,,,,,,,,,,,,
12049.5,5.56E-05,,,,,,,,,,,,
12049.55,5.28E-05,,,,,,,,,,,,
12049.6,1.64E-05,,,,,,,,,,,,
12049.65,2.40E-05,,,,,,,,,,,,
12049.7,3.49E-06,,,,,,,,,,,,
12049.75,2.60E-05,,,,,,,,,,,,
12049.75,7.34E-05,,,,,,,,,,,,
12049.8,5.75E-05,,,,,,,,,,,,
12049.85,6.84E-05,,,,,,,,,,,,
12049.9,8.19E-05,,,,,,,,,,,,
12049.95,7.05E-05,,,,,,,,,,,,
12050,6.22E-05,,,,,,,,,,,,
12050.05,4.26E-05,,,,,,,,,,,,
12050.1,3.03E-05,,,,,,,,,,,,
12050.15,3.39E-05,,,,,,,,,,,,
12050.2,5.39E-05,,,,,,,,,,,,
12050.25,9.11E-05,,,,,,,,,,,,
12050.25,7.91E-05,,,,,,,,,,,,
12050.3,0.000102634,,,,,,,,,,,,
12050.35,8.26E-05,,,,,,,,,,,,
12050.4,4.98E-05,,,,,,,,,,,,
12050.45,4.91E-05,,,,,,,,,,,,
12050.5,6.81E-05,,,,,,,,,,,,
12050.55,6.21E-05,,,,,,,,,,,,
12050.6,3.53E-05,,,,,,,,,,,,
12050.65,9.66E-05,,,,,,,,,,,,
12050.7,9.60E-05,,,,,,,,,,,,
12050.75,5.39E-05,,,,,,,,,,,,
12050.75,0.000102512,,,,,,,,,,,,
12050.8,8.22E-05,,,,,,,,,,,,
12050.85,4.78E-05,,,,,,,,,,,,
12050.9,5.09E-05,,,,,,,,,,,,
12050.95,6.56E-05,,,,,,,,,,,,
12051,6.21E-05,,,,,,,,,,,,
12051.05,6.42E-05,,,,,,,,,,,,
12051.1,7.44E-05,,,,,,,,,,,,
12051.15,3.61E-05,,,,,,,,,,,,
12051.2,1.77E-05,,,,,,,,,,,,
12051.25,2.24E-05,,,,,,,,,,,,
12051.25,5.70E-05,,,,,,,,,,,,
12051.3,6.34E-05,,,,,,,,,,,,
12051.35,0.00011105,,,,,,,,,,,,
12051.4,0.000113203,,,,,,,,,,,,
12051.45,8.75E-05,,,,,,,,,,,,
12051.5,7.27E-05,,,,,,,,,,,,
12051.55,7.76E-05,,,,,,,,,,,,
12051.6,7.32E-05,,,,,,,,,,,,
12051.65,4.78E-05,,,,,,,,,,,,
12051.7,2.46E-05,,,,,,,,,,,,
12051.75,6.26E-05,,,,,,,,,,,,
12051.75,8.44E-05,,,,,,,,,,,,
12051.8,5.51E-05,,,,,,,,,,,,
12051.85,3.15E-05,,,,,,,,,,,,
12051.9,7.25E-06,,,,,,,,,,,,
12051.95,2.71E-05,,,,,,,,,,,,
12052,3.70E-05,,,,,,,,,,,,
12052.05,5.58E-05,,,,,,,,,,,,
12052.1,0.000124285,,,,,,,,,,,,
12052.15,0.000157471,,,,,,,,,,,,
12052.2,0.000121502,,,,,,,,,,,,
12052.25,4.92E-05,,,,,,,,,,,,
12052.25,6.50E-05,,,,,,,,,,,,
12052.3,1.61E-05,,,,,,,,,,,,
12052.35,2.76E-05,,,,,,,,,,,,
12052.4,2.21E-05,,,,,,,,,,,,
12052.45,2.27E-05,,,,,,,,,,,,
12052.5,5.81E-05,,,,,,,,,,,,
12052.55,8.36E-05,,,,,,,,,,,,
12052.6,7.62E-05,,,,,,,,,,,,
12052.65,3.04E-05,,,,,,,,,,,,
12052.7,6.73E-05,,,,,,,,,,,,
12052.75,0.000123915,,,,,,,,,,,,
12052.75,7.94E-05,,,,,,,,,,,,
12052.8,5.26E-05,,,,,,,,,,,,
12052.85,8.97E-06,,,,,,,,,,,,
12052.9,4.22E-05,,,,,,,,,,,,
12052.95,2.05E-05,,,,,,,,,,,,
12053,3.33E-05,,,,,,,,,,,,
12053.05,7.34E-05,,,,,,,,,,,,
12053.1,0.000104163,,,,,,,,,,,,
12053.15,0.000108566,,,,,,,,,,,,
12053.2,7.23E-05,,,,,,,,,,,,
12053.25,4.61E-05,,,,,,,,,,,,
12053.25,6.63E-05,,,,,,,,,,,,
12053.3,6.95E-05,,,,,,,,,,,,
12053.35,1.85E-05,,,,,,,,,,,,
12053.4,3.87E-05,,,,,,,,,,,,
12053.45,4.61E-05,,,,,,,,,,,,
12053.5,7.26E-05,,,,,,,,,,,,
12053.55,4.79E-05,,,,,,,,,,,,
12053.6,3.37E-05,,,,,,,,,,,,
12053.65,1.88E-05,,,,,,,,,,,,
12053.7,3.20E-05,,,,,,,,,,,,
12053.75,5.66E-05,,,,,,,,,,,,
12053.75,4.53E-05,,,,,,,,,,,,
12053.8,1.48E-05,,,,,,,,,,,,
12053.85,2.47E-05,,,,,,,,,,,,
12053.9,4.48E-05,,,,,,,,,,,,
12053.95,6.29E-05,,,,,,,,,,,,
12054,6.91E-05,,,,,,,,,,,,
12054.05,4.64E-05,,,,,,,,,,,,
12054.1,5.41E-05,,,,,,,,,,,,
12054.15,4.60E-05,,,,,,,,,,,,
12054.2,3.14E-05,,,,,,,,,,,,
12054.25,3.79E-05,,,,,,,,,,,,
12054.25,3.04E-05,,,,,,,,,,,,
12054.3,1.87E-05,,,,,,,,,,,,
12054.35,1.32E-05,,,,,,,,,,,,
12054.4,3.25E-05,,,,,,,,,,,,
12054.45,1.71E-05,,,,,,,,,,,,
12054.5,4.64E-05,,,,,,,,,,,,
12054.55,7.82E-05,,,,,,,,,,,,
12054.6,8.75E-05,,,,,,,,,,,,
12054.65,7.24E-05,,,,,,,,,,,,
12054.7,2.97E-05,,,,,,,,,,,,
12054.75,2.66E-05,,,,,,,,,,,,
12054.75,6.87E-05,,,,,,,,,,,,
12054.8,6.38E-05,,,,,,,,,,,,
12054.85,7.75E-05,,,,,,,,,,,,
12054.9,8.66E-05,,,,,,,,,,,,
12054.95,0.000102575,,,,,,,,,,,,
12055,0.00010314,,,,,,,,,,,,
12055.05,0.000112677,,,,,,,,,,,,
12055.1,0.000106478,,,,,,,,,,,,
12055.15,4.35E-05,,,,,,,,,,,,
12055.2,4.41E-05,,,,,,,,,,,,
12055.25,8.17E-05,,,,,,,,,,,,
12055.25,9.25E-05,,,,,,,,,,,,
12055.3,0.000106223,,,,,,,,,,,,
12055.35,0.000101044,,,,,,,,,,,,
12055.4,5.04E-05,,,,,,,,,,,,
12055.45,2.37E-05,,,,,,,,,,,,
12055.5,5.04E-05,,,,,,,,,,,,
12055.55,6.04E-05,,,,,,,,,,,,
12055.6,6.88E-05,,,,,,,,,,,,
12055.65,5.52E-05,,,,,,,,,,,,
12055.7,7.90E-05,,,,,,,,,,,,
12055.75,0.000112001,,,,,,,,,,,,
12055.75,7.69E-05,,,,,,,,,,,,
12055.8,0.000105089,,,,,,,,,,,,
12055.85,0.000131923,,,,,,,,,,,,
12055.9,0.000109388,,,,,,,,,,,,
12055.95,4.05E-05,,,,,,,,,,,,
12056,1.80E-05,,,,,,,,,,,,
12056.05,2.92E-05,,,,,,,,,,,,
12056.1,3.75E-05,,,,,,,,,,,,
12056.15,4.41E-05,,,,,,,,,,,,
12056.2,2.57E-05,,,,,,,,,,,,
12056.25,3.96E-05,,,,,,,,,,,,
12056.25,7.98E-05,,,,,,,,,,,,
12056.3,5.73E-05,,,,,,,,,,,,
12056.35,3.80E-05,,,,,,,,,,,,
12056.4,5.11E-05,,,,,,,,,,,,
12056.45,0.000112386,,,,,,,,,,,,
12056.5,7.12E-05,,,,,,,,,,,,
12056.55,7.97E-05,,,,,,,,,,,,
12056.6,0.00012949,,,,,,,,,,,,
12056.65,0.000129265,,,,,,,,,,,,
12056.7,0.000109083,,,,,,,,,,,,
12056.75,8.61E-05,,,,,,,,,,,,
12056.75,6.46E-05,,,,,,,,,,,,
12056.8,6.89E-05,,,,,,,,,,,,
12056.85,4.60E-05,,,,,,,,,,,,
12056.9,4.34E-05,,,,,,,,,,,,
12056.95,5.98E-05,,,,,,,,,,,,
12057,0.000131491,,,,,,,,,,,,
12057.05,0.000183523,,,,,,,,,,,,
12057.1,0.000212567,,,,,,,,,,,,
12057.15,0.000214923,,,,,,,,,,,,
12057.2,0.000153071,,,,,,,,,,,,
12057.25,5.19E-05,,,,,,,,,,,,
12057.25,8.47E-05,,,,,,,,,,,,
12057.3,0.000104597,,,,,,,,,,,,
12057.35,0.000103276,,,,,,,,,,,,
12057.4,9.53E-05,,,,,,,,,,,,
12057.45,0.000124561,,,,,,,,,,,,
12057.5,0.000188262,,,,,,,,,,,,
12057.55,0.000207393,,,,,,,,,,,,
12057.6,0.00015239,,,,,,,,,,,,
12057.65,8.18E-05,,,,,,,,,,,,
12057.7,0.000101319,,,,,,,,,,,,
12057.75,9.24E-05,,,,,,,,,,,,
12057.75,6.78E-05,,,,,,,,,,,,
12057.8,4.50E-05,,,,,,,,,,,,
12057.85,2.80E-05,,,,,,,,,,,,
12057.9,4.73E-05,,,,,,,,,,,,
12057.95,7.71E-05,,,,,,,,,,,,
12058,7.71E-05,,,,,,,,,,,,
12058.05,9.89E-05,,,,,,,,,,,,
12058.1,0.00010474,,,,,,,,,,,,
12058.15,5.76E-05,,,,,,,,,,,,
12058.2,5.39E-05,,,,,,,,,,,,
12058.25,9.71E-05,,,,,,,,,,,,
12058.25,6.79E-05,,,,,,,,,,,,
12058.3,6.84E-05,,,,,,,,,,,,
12058.35,6.43E-05,,,,,,,,,,,,
12058.4,8.99E-05,,,,,,,,,,,,
12058.45,0.00015087,,,,,,,,,,,,
12058.5,0.000204912,,,,,,,,,,,,
12058.55,0.000188727,,,,,,,,,,,,
12058.6,0.000107948,,,,,,,,,,,,
12058.65,2.17E-05,,,,,,,,,,,,
12058.7,3.12E-05,,,,,,,,,,,,
12058.75,3.40E-05,,,,,,,,,,,,
12058.75,0.000112775,,,,,,,,,,,,
12058.8,0.000136809,,,,,,,,,,,,
12058.85,9.67E-05,,,,,,,,,,,,
12058.9,3.26E-05,,,,,,,,,,,,
12058.95,1.22E-05,,,,,,,,,,,,
12059,4.33E-05,,,,,,,,,,,,
12059.05,7.12E-05,,,,,,,,,,,,
12059.1,5.58E-05,,,,,,,,,,,,
12059.15,5.07E-05,,,,,,,,,,,,
12059.2,9.68E-05,,,,,,,,,,,,
12059.25,9.45E-05,,,,,,,,,,,,
12059.25,5.73E-05,,,,,,,,,,,,
12059.3,1.96E-05,,,,,,,,,,,,
12059.35,0.000111731,,,,,,,,,,,,
12059.4,0.000169384,,,,,,,,,,,,
12059.45,0.000107209,,,,,,,,,,,,
12059.5,6.25E-05,,,,,,,,,,,,
12059.55,9.40E-05,,,,,,,,,,,,
12059.6,8.23E-05,,,,,,,,,,,,
12059.65,5.33E-05,,,,,,,,,,,,
12059.7,0.000105663,,,,,,,,,,,,
12059.75,7.91E-05,,,,,,,,,,,,
12059.75,7.95E-05,,,,,,,,,,,,
12059.8,0.000112863,,,,,,,,,,,,
12059.85,0.000103418,,,,,,,,,,,,
12059.9,9.06E-05,,,,,,,,,,,,
12059.95,8.22E-05,,,,,,,,,,,,
12060,8.51E-05,,,,,,,,,,,,
12060.05,7.91E-05,,,,,,,,,,,,
12060.1,8.21E-05,,,,,,,,,,,,
12060.15,9.96E-05,,,,,,,,,,,,
12060.2,0.000123051,,,,,,,,,,,,
12060.25,0.000110497,,,,,,,,,,,,
12060.25,0.000125672,,,,,,,,,,,,
12060.3,0.00010743,,,,,,,,,,,,
12060.35,8.29E-05,,,,,,,,,,,,
12060.4,6.56E-05,,,,,,,,,,,,
12060.45,5.87E-05,,,,,,,,,,,,
12060.5,4.60E-05,,,,,,,,,,,,
12060.55,3.10E-05,,,,,,,,,,,,
12060.6,2.75E-05,,,,,,,,,,,,
12060.65,7.42E-05,,,,,,,,,,,,
12060.7,2.53E-05,,,,,,,,,,,,
12060.75,4.81E-05,,,,,,,,,,,,
12060.75,9.05E-05,,,,,,,,,,,,
12060.8,9.27E-05,,,,,,,,,,,,
12060.85,8.24E-05,,,,,,,,,,,,
12060.9,7.49E-05,,,,,,,,,,,,
12060.95,5.02E-05,,,,,,,,,,,,
12061,3.70E-05,,,,,,,,,,,,
12061.05,7.56E-05,,,,,,,,,,,,
12061.1,8.49E-05,,,,,,,,,,,,
12061.15,5.89E-05,,,,,,,,,,,,
12061.2,7.15E-05,,,,,,,,,,,,
12061.25,8.97E-05,,,,,,,,,,,,
12061.25,0.000132323,,,,,,,,,,,,
12061.3,0.000133291,,,,,,,,,,,,
12061.35,0.000153892,,,,,,,,,,,,
12061.4,0.000142504,,,,,,,,,,,,
12061.45,8.96E-05,,,,,,,,,,,,
12061.5,8.51E-05,,,,,,,,,,,,
12061.55,0.000155216,,,,,,,,,,,,
12061.6,0.000193598,,,,,,,,,,,,
12061.65,0.000145111,,,,,,,,,,,,
12061.7,6.80E-05,,,,,,,,,,,,
12061.75,3.72E-05,,,,,,,,,,,,
12061.75,9.99E-05,,,,,,,,,,,,
12061.8,7.60E-05,,,,,,,,,,,,
12061.85,3.89E-05,,,,,,,,,,,,
12061.9,6.47E-05,,,,,,,,,,,,
12061.95,5.30E-05,,,,,,,,,,,,
12062,4.43E-05,,,,,,,,,,,,
12062.05,7.03E-05,,,,,,,,,,,,
12062.1,6.46E-05,,,,,,,,,,,,
12062.15,6.80E-05,,,,,,,,,,,,
12062.2,0.000107832,,,,,,,,,,,,
12062.25,9.99E-05,,,,,,,,,,,,
12062.25,5.80E-05,,,,,,,,,,,,
12062.3,6.51E-05,,,,,,,,,,,,
12062.35,0.000105619,,,,,,,,,,,,
12062.4,9.05E-05,,,,,,,,,,,,
12062.45,4.22E-05,,,,,,,,,,,,
12062.5,9.62E-05,,,,,,,,,,,,
12062.55,8.17E-05,,,,,,,,,,,,
12062.6,4.59E-05,,,,,,,,,,,,
12062.65,2.52E-06,,,,,,,,,,,,
12062.7,5.06E-05,,,,,,,,,,,,
12062.75,6.11E-05,,,,,,,,,,,,
12062.75,0.000111093,,,,,,,,,,,,
12062.8,0.000129837,,,,,,,,,,,,
12062.85,9.76E-05,,,,,,,,,,,,
12062.9,5.50E-05,,,,,,,,,,,,
12062.95,9.92E-06,,,,,,,,,,,,
12063,4.37E-05,,,,,,,,,,,,
12063.05,0.000113633,,,,,,,,,,,,
12063.1,0.00016855,,,,,,,,,,,,
12063.15,0.000124549,,,,,,,,,,,,
12063.2,6.74E-05,,,,,,,,,,,,
12063.25,5.20E-05,,,,,,,,,,,,
12063.25,5.68E-05,,,,,,,,,,,,
12063.3,3.53E-05,,,,,,,,,,,,
12063.35,9.62E-05,,,,,,,,,,,,
12063.4,9.09E-05,,,,,,,,,,,,
12063.45,3.35E-05,,,,,,,,,,,,
12063.5,2.29E-05,,,,,,,,,,,,
12063.55,9.15E-06,,,,,,,,,,,,
12063.6,5.51E-05,,,,,,,,,,,,
12063.65,5.65E-05,,,,,,,,,,,,
12063.7,3.65E-05,,,,,,,,,,,,
12063.75,9.52E-05,,,,,,,,,,,,
12063.75,1.88E-05,,,,,,,,,,,,
12063.8,4.55E-05,,,,,,,,,,,,
12063.85,8.97E-05,,,,,,,,,,,,
12063.9,9.30E-05,,,,,,,,,,,,
12063.95,3.94E-05,,,,,,,,,,,,
12064,8.34E-05,,,,,,,,,,,,
12064.05,0.000150735,,,,,,,,,,,,
12064.1,0.000166102,,,,,,,,,,,,
12064.15,0.000125612,,,,,,,,,,,,
12064.2,5.75E-05,,,,,,,,,,,,
12064.25,7.06E-05,,,,,,,,,,,,
12064.25,5.67E-05,,,,,,,,,,,,
12064.3,8.34E-05,,,,,,,,,,,,
12064.35,8.22E-05,,,,,,,,,,,,
12064.4,3.52E-05,,,,,,,,,,,,
12064.45,3.65E-05,,,,,,,,,,,,
12064.5,9.79E-05,,,,,,,,,,,,
12064.55,0.000149937,,,,,,,,,,,,
12064.6,0.000164646,,,,,,,,,,,,
12064.65,0.000128684,,,,,,,,,,,,
12064.7,0.000100679,,,,,,,,,,,,
12064.75,6.30E-05,,,,,,,,,,,,
12064.75,7.17E-05,,,,,,,,,,,,
12064.8,5.28E-05,,,,,,,,,,,,
12064.85,2.54E-05,,,,,,,,,,,,
12064.9,0.000202862,,,,,,,,,,,,
12064.95,0.000460662,,,,,,,,,,,,
12065,0.000597436,,,,,,,,,,,,
12065.05,0.000463002,,,,,,,,,,,,
12065.1,0.000186933,,,,,,,,,,,,
12065.15,9.32E-06,,,,,,,,,,,,
12065.2,3.97E-05,,,,,,,,,,,,
12065.25,8.11E-05,,,,,,,,,,,,
12065.25,4.16E-05,,,,,,,,,,,,
12065.3,5.90E-05,,,,,,,,,,,,
12065.35,5.56E-05,,,,,,,,,,,,
12065.4,7.29E-05,,,,,,,,,,,,
12065.45,0.000115617,,,,,,,,,,,,
12065.5,0.00012269,,,,,,,,,,,,
12065.55,6.88E-05,,,,,,,,,,,,
12065.6,5.08E-05,,,,,,,,,,,,
12065.65,2.52E-05,,,,,,,,,,,,
12065.7,4.28E-05,,,,,,,,,,,,
12065.75,6.62E-05,,,,,,,,,,,,
12065.75,5.56E-05,,,,,,,,,,,,
12065.8,6.68E-05,,,,,,,,,,,,
12065.85,6.67E-05,,,,,,,,,,,,
12065.9,8.21E-05,,,,,,,,,,,,
12065.95,8.21E-05,,,,,,,,,,,,
12066,9.26E-05,,,,,,,,,,,,
12066.05,0.000122565,,,,,,,,,,,,
12066.1,0.000109778,,,,,,,,,,,,
12066.15,7.67E-05,,,,,,,,,,,,
12066.2,1.61E-05,,,,,,,,,,,,
12066.25,5.84E-05,,,,,,,,,,,,
12066.25,0.000139366,,,,,,,,,,,,
12066.3,0.000107307,,,,,,,,,,,,
12066.35,9.64E-05,,,,,,,,,,,,
12066.4,0.000106599,,,,,,,,,,,,
12066.45,0.000105761,,,,,,,,,,,,
12066.5,9.54E-05,,,,,,,,,,,,
12066.55,5.53E-05,,,,,,,,,,,,
12066.6,3.30E-05,,,,,,,,,,,,
12066.65,9.48E-05,,,,,,,,,,,,
12066.7,8.65E-05,,,,,,,,,,,,
12066.75,8.97E-05,,,,,,,,,,,,
12066.75,4.08E-05,,,,,,,,,,,,
12066.8,2.71E-05,,,,,,,,,,,,
12066.85,1.75E-05,,,,,,,,,,,,
12066.9,3.32E-05,,,,,,,,,,,,
12066.95,7.24E-05,,,,,,,,,,,,
12067,9.29E-05,,,,,,,,,,,,
12067.05,7.26E-05,,,,,,,,,,,,
12067.1,8.70E-05,,,,,,,,,,,,
12067.15,6.27E-05,,,,,,,,,,,,
12067.2,2.77E-05,,,,,,,,,,,,
12067.25,8.51E-05,,,,,,,,,,,,
12067.25,9.68E-05,,,,,,,,,,,,
12067.3,7.07E-05,,,,,,,,,,,,
12067.35,3.06E-05,,,,,,,,,,,,
12067.4,2.67E-05,,,,,,,,,,,,
12067.45,5.61E-05,,,,,,,,,,,,
12067.5,8.20E-05,,,,,,,,,,,,
12067.55,8.74E-05,,,,,,,,,,,,
12067.6,3.41E-05,,,,,,,,,,,,
12067.65,1.13E-05,,,,,,,,,,,,
12067.7,6.62E-06,,,,,,,,,,,,
12067.75,3.53E-05,,,,,,,,,,,,
12067.75,1.52E-05,,,,,,,,,,,,
12067.8,6.27E-05,,,,,,,,,,,,
12067.85,5.82E-05,,,,,,,,,,,,
12067.9,4.58E-05,,,,,,,,,,,,
12067.95,6.66E-05,,,,,,,,,,,,
12068,8.64E-05,,,,,,,,,,,,
12068.05,6.30E-05,,,,,,,,,,,,
12068.1,4.61E-05,,,,,,,,,,,,
12068.15,7.38E-05,,,,,,,,,,,,
12068.2,5.64E-05,,,,,,,,,,,,
12068.25,9.04E-05,,,,,,,,,,,,
12068.25,0.000162541,,,,,,,,,,,,
12068.3,0.000135501,,,,,,,,,,,,
12068.35,0.000118503,,,,,,,,,,,,
12068.4,0.000101331,,,,,,,,,,,,
12068.45,0.000116986,,,,,,,,,,,,
12068.5,0.000146691,,,,,,,,,,,,
12068.55,0.000113037,,,,,,,,,,,,
12068.6,9.99E-05,,,,,,,,,,,,
12068.65,9.40E-05,,,,,,,,,,,,
12068.7,7.76E-05,,,,,,,,,,,,
12068.75,5.57E-05,,,,,,,,,,,,
12068.75,0.000134674,,,,,,,,,,,,
12068.8,0.000144814,,,,,,,,,,,,
12068.85,0.000100852,,,,,,,,,,,,
12068.9,6.17E-05,,,,,,,,,,,,
12068.95,3.24E-05,,,,,,,,,,,,
12069,0.000120335,,,,,,,,,,,,
12069.05,0.000117604,,,,,,,,,,,,
12069.1,3.24E-05,,,,,,,,,,,,
12069.15,7.15E-05,,,,,,,,,,,,
12069.2,0.000154021,,,,,,,,,,,,
12069.25,0.000159749,,,,,,,,,,,,
12069.25,0.000155235,,,,,,,,,,,,
12069.3,0.000142598,,,,,,,,,,,,
12069.35,0.000122831,,,,,,,,,,,,
12069.4,0.000120493,,,,,,,,,,,,
12069.45,0.000131822,,,,,,,,,,,,
12069.5,0.000165984,,,,,,,,,,,,
12069.55,0.000201717,,,,,,,,,,,,
12069.6,0.000159315,,,,,,,,,,,,
12069.65,4.44E-05,,,,,,,,,,,,
12069.7,6.47E-05,,,,,,,,,,,,
12069.75,0.000112786,,,,,,,,,,,,
12069.75,5.98E-05,,,,,,,,,,,,
12069.8,5.20E-06,,,,,,,,,,,,
12069.85,6.43E-05,,,,,,,,,,,,
12069.9,0.000119148,,,,,,,,,,,,
12069.95,0.000138652,,,,,,,,,,,,
12070,0.000139515,,,,,,,,,,,,
12070.05,9.24E-05,,,,,,,,,,,,
12070.1,4.68E-05,,,,,,,,,,,,
12070.15,0.000135922,,,,,,,,,,,,
12070.2,0.000114218,,,,,,,,,,,,
12070.25,0.000135191,,,,,,,,,,,,
12070.25,3.10E-05,,,,,,,,,,,,
12070.3,5.83E-05,,,,,,,,,,,,
12070.35,0.000112953,,,,,,,,,,,,
12070.4,0.000121388,,,,,,,,,,,,
12070.45,7.25E-05,,,,,,,,,,,,
12070.5,6.37E-05,,,,,,,,,,,,
12070.55,0.000116522,,,,,,,,,,,,
12070.6,0.000136733,,,,,,,,,,,,
12070.65,9.84E-05,,,,,,,,,,,,
12070.7,0.000103147,,,,,,,,,,,,
12070.75,0.00015611,,,,,,,,,,,,
12070.75,4.64E-05,,,,,,,,,,,,
12070.8,0.000100027,,,,,,,,,,,,
12070.85,0.000125239,,,,,,,,,,,,
12070.9,0.000139734,,,,,,,,,,,,
12070.95,0.000150657,,,,,,,,,,,,
12071,0.000147291,,,,,,,,,,,,
12071.05,0.000150316,,,,,,,,,,,,
12071.1,0.000150886,,,,,,,,,,,,
12071.15,6.91E-05,,,,,,,,,,,,
12071.2,7.75E-05,,,,,,,,,,,,
12071.25,0.00015492,,,,,,,,,,,,
12071.25,6.85E-05,,,,,,,,,,,,
12071.3,9.26E-05,,,,,,,,,,,,
12071.35,0.000130875,,,,,,,,,,,,
12071.4,0.000130297,,,,,,,,,,,,
12071.45,9.58E-05,,,,,,,,,,,,
12071.5,8.38E-05,,,,,,,,,,,,
12071.55,0.000141472,,,,,,,,,,,,
12071.6,0.000191149,,,,,,,,,,,,
12071.65,0.000123669,,,,,,,,,,,,
12071.7,2.61E-05,,,,,,,,,,,,
12071.75,9.85E-05,,,,,,,,,,,,
12071.75,0.000170271,,,,,,,,,,,,
12071.8,5.69E-05,,,,,,,,,,,,
12071.85,6.43E-05,,,,,,,,,,,,
12071.9,9.11E-05,,,,,,,,,,,,
12071.95,6.45E-05,,,,,,,,,,,,
12072,7.48E-06,,,,,,,,,,,,
12072.05,8.74E-05,,,,,,,,,,,,
12072.1,8.81E-05,,,,,,,,,,,,
12072.15,5.81E-05,,,,,,,,,,,,
12072.2,5.06E-05,,,,,,,,,,,,
12072.25,6.49E-05,,,,,,,,,,,,
12072.25,9.12E-05,,,,,,,,,,,,
12072.3,0.000105911,,,,,,,,,,,,
12072.35,7.67E-05,,,,,,,,,,,,
12072.4,7.42E-05,,,,,,,,,,,,
12072.45,0.000120965,,,,,,,,,,,,
12072.5,0.000160022,,,,,,,,,,,,
12072.55,0.000155572,,,,,,,,,,,,
12072.6,0.000147396,,,,,,,,,,,,
12072.65,0.000127482,,,,,,,,,,,,
12072.7,0.000191201,,,,,,,,,,,,
12072.75,0.000279609,,,,,,,,,,,,
12072.75,5.56E-05,,,,,,,,,,,,
12072.8,0.000124407,,,,,,,,,,,,
12072.85,0.000160704,,,,,,,,,,,,
12072.9,0.000193283,,,,,,,,,,,,
12072.95,0.00021085,,,,,,,,,,,,
12073,0.000145113,,,,,,,,,,,,
12073.05,5.72E-05,,,,,,,,,,,,
12073.1,8.85E-05,,,,,,,,,,,,
12073.15,8.55E-05,,,,,,,,,,,,
12073.2,9.76E-05,,,,,,,,,,,,
12073.25,2.53E-05,,,,,,,,,,,,
12073.25,0.000101446,,,,,,,,,,,,
12073.3,5.76E-05,,,,,,,,,,,,
12073.35,6.70E-05,,,,,,,,,,,,
12073.4,6.51E-05,,,,,,,,,,,,
12073.45,6.52E-05,,,,,,,,,,,,
12073.5,3.42E-05,,,,,,,,,,,,
12073.55,4.74E-05,,,,,,,,,,,,
12073.6,6.88E-05,,,,,,,,,,,,
12073.65,0.000128346,,,,,,,,,,,,
12073.7,0.000164895,,,,,,,,,,,,
12073.75,0.000102301,,,,,,,,,,,,
12073.75,0.000154185,,,,,,,,,,,,
12073.8,0.000114095,,,,,,,,,,,,
12073.85,4.88E-05,,,,,,,,,,,,
12073.9,2.02E-05,,,,,,,,,,,,
12073.95,5.49E-05,,,,,,,,,,,,
12074,0.000114478,,,,,,,,,,,,
12074.05,0.000110769,,,,,,,,,,,,
12074.1,6.32E-05,,,,,,,,,,,,
12074.15,0.000101681,,,,,,,,,,,,
12074.2,0.000116183,,,,,,,,,,,,
12074.25,0.000130251,,,,,,,,,,,,
12074.25,5.75E-05,,,,,,,,,,,,
12074.3,7.67E-05,,,,,,,,,,,,
12074.35,3.30E-05,,,,,,,,,,,,
12074.4,5.39E-05,,,,,,,,,,,,
12074.45,6.24E-05,,,,,,,,,,,,
12074.5,7.16E-05,,,,,,,,,,,,
12074.55,0.000106105,,,,,,,,,,,,
12074.6,2.81E-05,,,,,,,,,,,,
12074.65,6.81E-05,,,,,,,,,,,,
12074.7,1.72E-05,,,,,,,,,,,,
12074.75,0.000102993,,,,,,,,,,,,
12074.75,5.47E-05,,,,,,,,,,,,
12074.8,8.32E-05,,,,,,,,,,,,
12074.85,7.94E-05,,,,,,,,,,,,
12074.9,7.30E-05,,,,,,,,,,,,
12074.95,7.81E-05,,,,,,,,,,,,
12075,7.45E-05,,,,,,,,,,,,
12075.05,0.00010678,,,,,,,,,,,,
12075.1,0.000170649,,,,,,,,,,,,
12075.15,0.000153601,,,,,,,,,,,,
12075.2,3.65E-05,,,,,,,,,,,,
12075.25,6.31E-05,,,,,,,,,,,,
12075.25,6.36E-05,,,,,,,,,,,,
12075.3,0.000116217,,,,,,,,,,,,
12075.35,0.000110899,,,,,,,,,,,,
12075.4,0.000106513,,,,,,,,,,,,
12075.45,0.000139253,,,,,,,,,,,,
12075.5,0.000118669,,,,,,,,,,,,
12075.55,0.000110278,,,,,,,,,,,,
12075.6,0.000114295,,,,,,,,,,,,
12075.65,0.000109485,,,,,,,,,,,,
12075.7,7.95E-05,,,,,,,,,,,,
12075.75,3.15E-05,,,,,,,,,,,,
12075.75,6.64E-05,,,,,,,,,,,,
12075.8,7.57E-05,,,,,,,,,,,,
12075.85,7.05E-05,,,,,,,,,,,,
12075.9,5.06E-05,,,,,,,,,,,,
12075.95,5.34E-05,,,,,,,,,,,,
12076,3.13E-05,,,,,,,,,,,,
12076.05,0.000127868,,,,,,,,,,,,
12076.1,0.00014304,,,,,,,,,,,,
12076.15,9.01E-05,,,,,,,,,,,,
12076.2,7.49E-05,,,,,,,,,,,,
12076.25,0.000139408,,,,,,,,,,,,
12076.25,0.000124016,,,,,,,,,,,,
12076.3,9.92E-05,,,,,,,,,,,,
12076.35,5.14E-05,,,,,,,,,,,,
12076.4,5.46E-05,,,,,,,,,,,,
12076.45,6.36E-05,,,,,,,,,,,,
12076.5,0.000113563,,,,,,,,,,,,
12076.55,0.000118725,,,,,,,,,,,,
12076.6,6.31E-05,,,,,,,,,,,,
12076.65,9.81E-05,,,,,,,,,,,,
12076.7,0.000139335,,,,,,,,,,,,
12076.75,9.49E-05,,,,,,,,,,,,
12076.75,2.28E-05,,,,,,,,,,,,
12076.8,8.86E-05,,,,,,,,,,,,
12076.85,0.000118978,,,,,,,,,,,,
12076.9,8.78E-05,,,,,,,,,,,,
12076.95,7.95E-05,,,,,,,,,,,,
12077,9.80E-05,,,,,,,,,,,,
12077.05,0.000107483,,,,,,,,,,,,
12077.1,0.000110865,,,,,,,,,,,,
12077.15,9.23E-05,,,,,,,,,,,,
12077.2,6.02E-05,,,,,,,,,,,,
12077.25,3.21E-05,,,,,,,,,,,,
12077.25,6.13E-05,,,,,,,,,,,,
12077.3,9.71E-05,,,,,,,,,,,,
12077.35,8.17E-05,,,,,,,,,,,,
12077.4,3.67E-05,,,,,,,,,,,,
12077.45,7.62E-05,,,,,,,,,,,,
12077.5,0.000110663,,,,,,,,,,,,
12077.55,0.000123243,,,,,,,,,,,,
12077.6,0.000108474,,,,,,,,,,,,
12077.65,5.14E-05,,,,,,,,,,,,
12077.7,6.75E-05,,,,,,,,,,,,
12077.75,4.25E-05,,,,,,,,,,,,
12077.75,0.000110408,,,,,,,,,,,,
12077.8,0.000128755,,,,,,,,,,,,
12077.85,0.000175641,,,,,,,,,,,,
12077.9,0.000173794,,,,,,,,,,,,
12077.95,0.000129813,,,,,,,,,,,,
12078,8.45E-05,,,,,,,,,,,,
12078.05,6.20E-05,,,,,,,,,,,,
12078.1,7.07E-05,,,,,,,,,,,,
12078.15,6.84E-05,,,,,,,,,,,,
12078.2,0.00015781,,,,,,,,,,,,
12078.25,0.000188129,,,,,,,,,,,,
12078.25,0.000125928,,,,,,,,,,,,
12078.3,8.77E-05,,,,,,,,,,,,
12078.35,6.86E-05,,,,,,,,,,,,
12078.4,6.24E-05,,,,,,,,,,,,
12078.45,3.00E-05,,,,,,,,,,,,
12078.5,2.64E-05,,,,,,,,,,,,
12078.55,4.59E-05,,,,,,,,,,,,
12078.6,4.51E-05,,,,,,,,,,,,
12078.65,5.29E-05,,,,,,,,,,,,
12078.7,7.89E-05,,,,,,,,,,,,
12078.75,0.000124429,,,,,,,,,,,,
12078.75,6.24E-05,,,,,,,,,,,,
12078.8,4.42E-05,,,,,,,,,,,,
12078.85,8.59E-05,,,,,,,,,,,,
12078.9,0.000110011,,,,,,,,,,,,
12078.95,5.63E-05,,,,,,,,,,,,
12079,3.06E-05,,,,,,,,,,,,
12079.05,4.74E-05,,,,,,,,,,,,
12079.1,6.29E-05,,,,,,,,,,,,
12079.15,0.000100593,,,,,,,,,,,,
12079.2,6.51E-05,,,,,,,,,,,,
12079.25,2.18E-05,,,,,,,,,,,,
12079.25,3.03E-05,,,,,,,,,,,,
12079.3,0.000103595,,,,,,,,,,,,
12079.35,0.000130605,,,,,,,,,,,,
12079.4,5.21E-05,,,,,,,,,,,,
12079.45,3.56E-05,,,,,,,,,,,,
12079.5,2.48E-05,,,,,,,,,,,,
12079.55,2.70E-05,,,,,,,,,,,,
12079.6,2.58E-05,,,,,,,,,,,,
12079.65,4.67E-05,,,,,,,,,,,,
12079.7,4.40E-05,,,,,,,,,,,,
12079.75,9.49E-05,,,,,,,,,,,,
12079.75,5.59E-05,,,,,,,,,,,,
12079.8,0.000118785,,,,,,,,,,,,
12079.85,0.000137769,,,,,,,,,,,,
12079.9,0.000129201,,,,,,,,,,,,
12079.95,8.79E-05,,,,,,,,,,,,
12080,8.44E-06,,,,,,,,,,,,
12080.05,5.85E-05,,,,,,,,,,,,
12080.1,5.57E-05,,,,,,,,,,,,
12080.15,0.000128576,,,,,,,,,,,,
12080.2,0.000178357,,,,,,,,,,,,
12080.25,0.000218278,,,,,,,,,,,,
12080.25,9.65E-05,,,,,,,,,,,,
12080.3,0.000172109,,,,,,,,,,,,
12080.35,0.0001339,,,,,,,,,,,,
12080.4,1.79E-05,,,,,,,,,,,,
12080.45,8.03E-05,,,,,,,,,,,,
12080.5,9.52E-05,,,,,,,,,,,,
12080.55,8.14E-05,,,,,,,,,,,,
12080.6,8.10E-05,,,,,,,,,,,,
12080.65,0.000108661,,,,,,,,,,,,
12080.7,0.000123754,,,,,,,,,,,,
12080.75,0.000119582,,,,,,,,,,,,
12080.75,6.78E-05,,,,,,,,,,,,
12080.8,0.000107336,,,,,,,,,,,,
12080.85,0.000100559,,,,,,,,,,,,
12080.9,8.24E-05,,,,,,,,,,,,
12080.95,8.21E-05,,,,,,,,,,,,
12081,6.86E-05,,,,,,,,,,,,
12081.05,6.47E-05,,,,,,,,,,,,
12081.1,4.95E-05,,,,,,,,,,,,
12081.15,3.31E-05,,,,,,,,,,,,
12081.2,6.39E-05,,,,,,,,,,,,
12081.25,0.000117907,,,,,,,,,,,,
12081.25,7.70E-05,,,,,,,,,,,,
12081.3,2.57E-05,,,,,,,,,,,,
12081.35,1.68E-05,,,,,,,,,,,,
12081.4,2.31E-05,,,,,,,,,,,,
12081.45,1.49E-05,,,,,,,,,,,,
12081.5,3.80E-05,,,,,,,,,,,,
12081.55,4.91E-05,,,,,,,,,,,,
12081.6,6.99E-05,,,,,,,,,,,,
12081.65,0.000137728,,,,,,,,,,,,
12081.7,0.00013873,,,,,,,,,,,,
12081.75,8.09E-05,,,,,,,,,,,,
12081.75,9.44E-05,,,,,,,,,,,,
12081.8,0.00011973,,,,,,,,,,,,
12081.85,6.82E-05,,,,,,,,,,,,
12081.9,8.03E-05,,,,,,,,,,,,
12081.95,9.76E-05,,,,,,,,,,,,
12082,7.65E-05,,,,,,,,,,,,
12082.05,8.70E-05,,,,,,,,,,,,
12082.1,0.000105502,,,,,,,,,,,,
12082.15,9.62E-05,,,,,,,,,,,,
12082.2,6.47E-05,,,,,,,,,,,,
12082.25,7.38E-05,,,,,,,,,,,,
12082.25,0.000126043,,,,,,,,,,,,
12082.3,0.000133358,,,,,,,,,,,,
12082.35,7.44E-05,,,,,,,,,,,,
12082.4,2.94E-05,,,,,,,,,,,,
12082.45,8.23E-05,,,,,,,,,,,,
12082.5,0.000130164,,,,,,,,,,,,
12082.55,7.16E-05,,,,,,,,,,,,
12082.6,8.72E-05,,,,,,,,,,,,
12082.65,0.000118698,,,,,,,,,,,,
12082.7,0.000111297,,,,,,,,,,,,
12082.75,0.000133929,,,,,,,,,,,,
12082.75,2.41E-05,,,,,,,,,,,,
12082.8,8.56E-05,,,,,,,,,,,,
12082.85,0.000146438,,,,,,,,,,,,
12082.9,0.000140323,,,,,,,,,,,,
12082.95,8.96E-05,,,,,,,,,,,,
12083,1.35E-05,,,,,,,,,,,,
12083.05,7.19E-05,,,,,,,,,,,,
12083.1,0.000106775,,,,,,,,,,,,
12083.15,8.37E-05,,,,,,,,,,,,
12083.2,3.50E-05,,,,,,,,,,,,
12083.25,4.02E-05,,,,,,,,,,,,
12083.25,0.000155932,,,,,,,,,,,,
12083.3,7.02E-05,,,,,,,,,,,,
12083.35,4.08E-05,,,,,,,,,,,,
12083.4,0.000140218,,,,,,,,,,,,
12083.45,0.000188509,,,,,,,,,,,,
12083.5,0.00013768,,,,,,,,,,,,
12083.55,2.46E-05,,,,,,,,,,,,
12083.6,0.000139441,,,,,,,,,,,,
12083.65,0.00013259,,,,,,,,,,,,
12083.7,7.00E-05,,,,,,,,,,,,
12083.75,0.000147502,,,,,,,,,,,,
12083.75,0.00014027,,,,,,,,,,,,
12083.8,0.000134633,,,,,,,,,,,,
12083.85,0.000101229,,,,,,,,,,,,
12083.9,0.000101495,,,,,,,,,,,,
12083.95,0.000109942,,,,,,,,,,,,
12084,6.62E-05,,,,,,,,,,,,
12084.05,4.14E-05,,,,,,,,,,,,
12084.1,6.88E-05,,,,,,,,,,,,
12084.15,4.74E-05,,,,,,,,,,,,
12084.2,5.61E-05,,,,,,,,,,,,
12084.25,0.000103195,,,,,,,,,,,,
12084.25,7.77E-05,,,,,,,,,,,,
12084.3,0.000146301,,,,,,,,,,,,
12084.35,0.000201343,,,,,,,,,,,,
12084.4,0.000171595,,,,,,,,,,,,
12084.45,9.07E-05,,,,,,,,,,,,
12084.5,4.64E-05,,,,,,,,,,,,
12084.55,4.73E-05,,,,,,,,,,,,
12084.6,3.17E-05,,,,,,,,,,,,
12084.65,3.07E-05,,,,,,,,,,,,
12084.7,5.97E-05,,,,,,,,,,,,
12084.75,4.60E-05,,,,,,,,,,,,
12084.75,0.000170791,,,,,,,,,,,,
12084.8,0.00012079,,,,,,,,,,,,
12084.85,7.32E-05,,,,,,,,,,,,
12084.9,6.39E-05,,,,,,,,,,,,
12084.95,7.25E-05,,,,,,,,,,,,
12085,6.97E-05,,,,,,,,,,,,
12085.05,0.000100686,,,,,,,,,,,,
12085.1,0.000107399,,,,,,,,,,,,
12085.15,8.67E-05,,,,,,,,,,,,
12085.2,0.000107135,,,,,,,,,,,,
12085.25,0.000101666,,,,,,,,,,,,
12085.25,4.68E-05,,,,,,,,,,,,
12085.3,6.93E-05,,,,,,,,,,,,
12085.35,0.000109317,,,,,,,,,,,,
12085.4,0.000115089,,,,,,,,,,,,
12085.45,5.27E-05,,,,,,,,,,,,
12085.5,5.55E-05,,,,,,,,,,,,
12085.55,6.79E-05,,,,,,,,,,,,
12085.6,5.05E-05,,,,,,,,,,,,
12085.65,4.62E-05,,,,,,,,,,,,
12085.7,7.78E-05,,,,,,,,,,,,
12085.75,7.31E-05,,,,,,,,,,,,
12085.75,0.000160563,,,,,,,,,,,,
12085.8,0.000123528,,,,,,,,,,,,
12085.85,8.02E-05,,,,,,,,,,,,
12085.9,7.64E-05,,,,,,,,,,,,
12085.95,9.52E-05,,,,,,,,,,,,
12086,6.95E-05,,,,,,,,,,,,
12086.05,8.87E-06,,,,,,,,,,,,
12086.1,4.70E-05,,,,,,,,,,,,
12086.15,0.000113877,,,,,,,,,,,,
12086.2,0.000140614,,,,,,,,,,,,
12086.25,0.00011774,,,,,,,,,,,,
12086.25,6.71E-05,,,,,,,,,,,,
12086.3,8.09E-05,,,,,,,,,,,,
12086.35,0.000127155,,,,,,,,,,,,
12086.4,9.26E-05,,,,,,,,,,,,
12086.45,3.10E-05,,,,,,,,,,,,
12086.5,6.87E-05,,,,,,,,,,,,
12086.55,9.63E-05,,,,,,,,,,,,
12086.6,0.000105011,,,,,,,,,,,,
12086.65,9.36E-05,,,,,,,,,,,,
12086.7,1.98E-05,,,,,,,,,,,,
12086.75,0.000113657,,,,,,,,,,,,
12086.75,4.34E-05,,,,,,,,,,,,
12086.8,4.53E-05,,,,,,,,,,,,
12086.85,8.42E-05,,,,,,,,,,,,
12086.9,8.87E-05,,,,,,,,,,,,
12086.95,7.92E-05,,,,,,,,,,,,
12087,7.79E-05,,,,,,,,,,,,
12087.05,9.05E-05,,,,,,,,,,,,
12087.1,8.29E-05,,,,,,,,,,,,
12087.15,8.26E-05,,,,,,,,,,,,
12087.2,0.000122305,,,,,,,,,,,,
12087.25,0.000106308,,,,,,,,,,,,
12087.25,5.60E-05,,,,,,,,,,,,
12087.3,5.57E-05,,,,,,,,,,,,
12087.35,9.55E-05,,,,,,,,,,,,
12087.4,0.00011172,,,,,,,,,,,,
12087.45,9.02E-05,,,,,,,,,,,,
12087.5,4.39E-05,,,,,,,,,,,,
12087.55,4.96E-05,,,,,,,,,,,,
12087.6,5.91E-05,,,,,,,,,,,,
12087.65,6.19E-05,,,,,,,,,,,,
12087.7,7.13E-05,,,,,,,,,,,,
12087.75,7.81E-05,,,,,,,,,,,,
12087.75,5.57E-05,,,,,,,,,,,,
12087.8,6.87E-05,,,,,,,,,,,,
12087.85,7.66E-05,,,,,,,,,,,,
12087.9,0.000103525,,,,,,,,,,,,
12087.95,0.000110584,,,,,,,,,,,,
12088,0.000141155,,,,,,,,,,,,
12088.05,0.000168957,,,,,,,,,,,,
12088.1,0.000123394,,,,,,,,,,,,
12088.15,3.44E-05,,,,,,,,,,,,
12088.2,3.10E-05,,,,,,,,,,,,
12088.25,9.26E-05,,,,,,,,,,,,
12088.25,0.000135347,,,,,,,,,,,,
12088.3,6.04E-05,,,,,,,,,,,,
12088.35,8.10E-05,,,,,,,,,,,,
12088.4,0.000109862,,,,,,,,,,,,
12088.45,6.28E-05,,,,,,,,,,,,
12088.5,1.91E-05,,,,,,,,,,,,
12088.55,7.97E-05,,,,,,,,,,,,
12088.6,0.000127811,,,,,,,,,,,,
12088.65,0.000105975,,,,,,,,,,,,
12088.7,6.01E-05,,,,,,,,,,,,
12088.75,3.28E-05,,,,,,,,,,,,
12088.75,5.93E-05,,,,,,,,,,,,
12088.8,0.000112907,,,,,,,,,,,,
12088.85,0.000168329,,,,,,,,,,,,
12088.9,0.000189716,,,,,,,,,,,,
12088.95,0.000140177,,,,,,,,,,,,
12089,0.000127703,,,,,,,,,,,,
12089.05,0.000118778,,,,,,,,,,,,
12089.1,7.02E-05,,,,,,,,,,,,
12089.15,4.39E-05,,,,,,,,,,,,
12089.2,3.65E-05,,,,,,,,,,,,
12089.25,6.21E-05,,,,,,,,,,,,
12089.25,0.0001006,,,,,,,,,,,,
12089.3,0.000136727,,,,,,,,,,,,
12089.35,0.000114745,,,,,,,,,,,,
12089.4,5.60E-05,,,,,,,,,,,,
12089.45,5.88E-05,,,,,,,,,,,,
12089.5,4.87E-05,,,,,,,,,,,,
12089.55,8.14E-05,,,,,,,,,,,,
12089.6,8.92E-05,,,,,,,,,,,,
12089.65,3.13E-05,,,,,,,,,,,,
12089.7,3.18E-05,,,,,,,,,,,,
12089.75,8.98E-06,,,,,,,,,,,,
12089.75,0.000121039,,,,,,,,,,,,
12089.8,8.29E-05,,,,,,,,,,,,
12089.85,5.49E-05,,,,,,,,,,,,
12089.9,3.19E-05,,,,,,,,,,,,
12089.95,9.97E-05,,,,,,,,,,,,
12090,0.000103074,,,,,,,,,,,,
12090.05,9.14E-05,,,,,,,,,,,,
12090.1,0.000154127,,,,,,,,,,,,
12090.15,0.000153643,,,,,,,,,,,,
12090.2,0.00012127,,,,,,,,,,,,
12090.25,6.18E-05,,,,,,,,,,,,
12090.25,5.17E-05,,,,,,,,,,,,
12090.3,3.27E-05,,,,,,,,,,,,
12090.35,7.14E-05,,,,,,,,,,,,
12090.4,7.91E-05,,,,,,,,,,,,
12090.45,6.16E-05,,,,,,,,,,,,
12090.5,5.87E-05,,,,,,,,,,,,
12090.55,3.79E-05,,,,,,,,,,,,
12090.6,3.26E-05,,,,,,,,,,,,
12090.65,5.60E-05,,,,,,,,,,,,
12090.7,8.96E-05,,,,,,,,,,,,
12090.75,0.000116622,,,,,,,,,,,,
12090.75,2.55E-05,,,,,,,,,,,,
12090.8,0.000101432,,,,,,,,,,,,
12090.85,0.000121674,,,,,,,,,,,,
12090.9,9.05E-05,,,,,,,,,,,,
12090.95,7.90E-05,,,,,,,,,,,,
12091,5.33E-05,,,,,,,,,,,,
12091.05,6.74E-05,,,,,,,,,,,,
12091.1,6.37E-05,,,,,,,,,,,,
12091.15,2.43E-05,,,,,,,,,,,,
12091.2,2.27E-05,,,,,,,,,,,,
12091.25,8.16E-05,,,,,,,,,,,,
12091.25,0.00017891,,,,,,,,,,,,
12091.3,0.000193791,,,,,,,,,,,,
12091.35,0.000161136,,,,,,,,,,,,
12091.4,0.000136476,,,,,,,,,,,,
12091.45,0.000123529,,,,,,,,,,,,
12091.5,7.15E-05,,,,,,,,,,,,
12091.55,1.36E-05,,,,,,,,,,,,
12091.6,6.62E-05,,,,,,,,,,,,
12091.65,6.97E-05,,,,,,,,,,,,
12091.7,5.73E-05,,,,,,,,,,,,
12091.75,3.92E-05,,,,,,,,,,,,
12091.75,8.29E-05,,,,,,,,,,,,
12091.8,0.000113054,,,,,,,,,,,,
12091.85,0.000107135,,,,,,,,,,,,
12091.9,6.45E-05,,,,,,,,,,,,
12091.95,9.99E-06,,,,,,,,,,,,
12092,1.36E-05,,,,,,,,,,,,
12092.05,5.48E-05,,,,,,,,,,,,
12092.1,0.000101408,,,,,,,,,,,,
12092.15,9.73E-05,,,,,,,,,,,,
12092.2,0.000116343,,,,,,,,,,,,
12092.25,9.89E-05,,,,,,,,,,,,
12092.25,4.83E-05,,,,,,,,,,,,
12092.3,1.74E-05,,,,,,,,,,,,
12092.35,4.97E-05,,,,,,,,,,,,
12092.4,9.25E-05,,,,,,,,,,,,
12092.45,0.000110391,,,,,,,,,,,,
12092.5,7.24E-05,,,,,,,,,,,,
12092.55,3.73E-05,,,,,,,,,,,,
12092.6,1.70E-05,,,,,,,,,,,,
12092.65,6.62E-06,,,,,,,,,,,,
12092.7,4.51E-05,,,,,,,,,,,,
12092.75,5.05E-05,,,,,,,,,,,,
12092.75,0.000114004,,,,,,,,,,,,
12092.8,0.000104007,,,,,,,,,,,,
12092.85,6.15E-05,,,,,,,,,,,,
12092.9,4.33E-05,,,,,,,,,,,,
12092.95,5.75E-05,,,,,,,,,,,,
12093,8.03E-05,,,,,,,,,,,,
12093.05,0.000103596,,,,,,,,,,,,
12093.1,9.47E-05,,,,,,,,,,,,
12093.15,5.81E-05,,,,,,,,,,,,
12093.2,4.21E-05,,,,,,,,,,,,
12093.25,5.22E-05,,,,,,,,,,,,
12093.25,4.29E-05,,,,,,,,,,,,
12093.3,0.000112044,,,,,,,,,,,,
12093.35,0.000158291,,,,,,,,,,,,
12093.4,0.000150458,,,,,,,,,,,,
12093.45,9.93E-05,,,,,,,,,,,,
12093.5,2.68E-05,,,,,,,,,,,,
12093.55,3.14E-05,,,,,,,,,,,,
12093.6,6.27E-05,,,,,,,,,,,,
12093.65,0.000106881,,,,,,,,,,,,
12093.7,0.000134633,,,,,,,,,,,,
12093.75,0.000114288,,,,,,,,,,,,
12093.75,7.21E-05,,,,,,,,,,,,
12093.8,0.000130779,,,,,,,,,,,,
12093.85,0.000132172,,,,,,,,,,,,
12093.9,0.000106571,,,,,,,,,,,,
12093.95,6.21E-05,,,,,,,,,,,,
12094,3.50E-05,,,,,,,,,,,,
12094.05,6.04E-05,,,,,,,,,,,,
12094.1,3.78E-05,,,,,,,,,,,,
12094.15,3.15E-05,,,,,,,,,,,,
12094.2,4.93E-05,,,,,,,,,,,,
12094.25,8.32E-05,,,,,,,,,,,,
12094.25,0.000141385,,,,,,,,,,,,
12094.3,8.67E-05,,,,,,,,,,,,
12094.35,5.15E-05,,,,,,,,,,,,
12094.4,3.88E-05,,,,,,,,,,,,
12094.45,3.96E-05,,,,,,,,,,,,
12094.5,7.09E-05,,,,,,,,,,,,
12094.55,9.55E-05,,,,,,,,,,,,
12094.6,5.68E-05,,,,,,,,,,,,
12094.65,1.96E-05,,,,,,,,,,,,
12094.7,4.73E-05,,,,,,,,,,,,
12094.75,0.000128171,,,,,,,,,,,,
12094.75,5.25E-05,,,,,,,,,,,,
12094.8,3.40E-05,,,,,,,,,,,,
12094.85,5.34E-05,,,,,,,,,,,,
12094.9,0.000115667,,,,,,,,,,,,
12094.95,0.000144611,,,,,,,,,,,,
12095,0.000134202,,,,,,,,,,,,
12095.05,0.000132239,,,,,,,,,,,,
12095.1,0.000137743,,,,,,,,,,,,
12095.15,0.000112942,,,,,,,,,,,,
12095.2,4.75E-05,,,,,,,,,,,,
12095.25,2.88E-05,,,,,,,,,,,,
12095.25,9.45E-05,,,,,,,,,,,,
12095.3,6.66E-05,,,,,,,,,,,,
12095.35,5.80E-05,,,,,,,,,,,,
12095.4,5.92E-05,,,,,,,,,,,,
12095.45,2.82E-05,,,,,,,,,,,,
12095.5,2.52E-05,,,,,,,,,,,,
12095.55,6.16E-05,,,,,,,,,,,,
12095.6,5.34E-05,,,,,,,,,,,,
12095.65,2.05E-05,,,,,,,,,,,,
12095.7,1.21E-05,,,,,,,,,,,,
12095.75,4.66E-05,,,,,,,,,,,,
12095.75,8.26E-05,,,,,,,,,,,,
12095.8,9.62E-05,,,,,,,,,,,,
12095.85,9.03E-05,,,,,,,,,,,,
12095.9,9.48E-05,,,,,,,,,,,,
12095.95,0.000104128,,,,,,,,,,,,
12096,0.000147244,,,,,,,,,,,,
12096.05,0.000196041,,,,,,,,,,,,
12096.1,0.00018416,,,,,,,,,,,,
12096.15,0.000120756,,,,,,,,,,,,
12096.2,0.000176324,,,,,,,,,,,,
12096.25,0.000196432,,,,,,,,,,,,
12096.25,9.72E-05,,,,,,,,,,,,
12096.3,9.72E-05,,,,,,,,,,,,
12096.35,4.19E-05,,,,,,,,,,,,
12096.4,6.99E-06,,,,,,,,,,,,
12096.45,5.14E-05,,,,,,,,,,,,
12096.5,0.000130921,,,,,,,,,,,,
12096.55,0.000151463,,,,,,,,,,,,
12096.6,8.06E-05,,,,,,,,,,,,
12096.65,9.31E-06,,,,,,,,,,,,
12096.7,3.49E-05,,,,,,,,,,,,
12096.75,5.29E-05,,,,,,,,,,,,
12096.75,7.00E-05,,,,,,,,,,,,
12096.8,6.53E-05,,,,,,,,,,,,
12096.85,7.64E-05,,,,,,,,,,,,
12096.9,9.44E-05,,,,,,,,,,,,
12096.95,5.75E-05,,,,,,,,,,,,
12097,5.92E-05,,,,,,,,,,,,
12097.05,8.60E-05,,,,,,,,,,,,
12097.1,4.00E-05,,,,,,,,,,,,
12097.15,7.67E-06,,,,,,,,,,,,
12097.2,1.27E-05,,,,,,,,,,,,
12097.25,5.03E-05,,,,,,,,,,,,
12097.25,5.53E-05,,,,,,,,,,,,
12097.3,9.14E-05,,,,,,,,,,,,
12097.35,4.24E-05,,,,,,,,,,,,
12097.4,3.34E-05,,,,,,,,,,,,
12097.45,7.86E-05,,,,,,,,,,,,
12097.5,0.000126516,,,,,,,,,,,,
12097.55,0.000175953,,,,,,,,,,,,
12097.6,0.000150533,,,,,,,,,,,,
12097.65,5.89E-05,,,,,,,,,,,,
12097.7,1.32E-05,,,,,,,,,,,,
12097.75,5.15E-05,,,,,,,,,,,,
12097.75,7.02E-06,,,,,,,,,,,,
12097.8,5.20E-05,,,,,,,,,,,,
12097.85,5.74E-05,,,,,,,,,,,,
12097.9,1.47E-05,,,,,,,,,,,,
12097.95,4.78E-05,,,,,,,,,,,,
12098,5.35E-05,,,,,,,,,,,,
12098.05,4.98E-05,,,,,,,,,,,,
12098.1,6.04E-05,,,,,,,,,,,,
12098.15,3.65E-05,,,,,,,,,,,,
12098.2,2.42E-05,,,,,,,,,,,,
12098.25,5.13E-05,,,,,,,,,,,,
12098.25,4.16E-05,,,,,,,,,,,,
12098.3,2.04E-05,,,,,,,,,,,,
12098.35,4.10E-05,,,,,,,,,,,,
12098.4,8.43E-05,,,,,,,,,,,,
12098.45,0.000108877,,,,,,,,,,,,
12098.5,9.26E-05,,,,,,,,,,,,
12098.55,5.52E-05,,,,,,,,,,,,
12098.6,2.64E-05,,,,,,,,,,,,
12098.65,3.14E-06,,,,,,,,,,,,
12098.7,5.39E-05,,,,,,,,,,,,
12098.75,0.000100433,,,,,,,,,,,,
12098.75,0.000141858,,,,,,,,,,,,
12098.8,0.000164139,,,,,,,,,,,,
12098.85,0.000190583,,,,,,,,,,,,
12098.9,0.000152783,,,,,,,,,,,,
12098.95,7.07E-05,,,,,,,,,,,,
12099,5.96E-05,,,,,,,,,,,,
12099.05,4.93E-05,,,,,,,,,,,,
12099.1,5.55E-05,,,,,,,,,,,,
12099.15,4.01E-05,,,,,,,,,,,,
12099.2,4.11E-05,,,,,,,,,,,,
12099.25,6.80E-05,,,,,,,,,,,,
12099.25,5.06E-05,,,,,,,,,,,,
12099.3,9.09E-05,,,,,,,,,,,,
12099.35,8.00E-05,,,,,,,,,,,,
12099.4,5.46E-05,,,,,,,,,,,,
12099.45,6.06E-05,,,,,,,,,,,,
12099.5,6.73E-05,,,,,,,,,,,,
12099.55,7.30E-05,,,,,,,,,,,,
12099.6,4.76E-05,,,,,,,,,,,,
12099.65,2.67E-05,,,,,,,,,,,,
12099.7,8.54E-05,,,,,,,,,,,,
12099.75,7.13E-05,,,,,,,,,,,,
12099.75,1.50E-05,,,,,,,,,,,,
12099.8,3.90E-05,,,,,,,,,,,,
12099.85,6.66E-05,,,,,,,,,,,,
12099.9,0.000109934,,,,,,,,,,,,
12099.95,0.000132281,,,,,,,,,,,,
12100,7.17E-05,,,,,,,,,,,,
12100.05,6.32E-05,,,,,,,,,,,,
12100.1,0.000106312,,,,,,,,,,,,
12100.15,7.38E-05,,,,,,,,,,,,
12100.2,2.44E-05,,,,,,,,,,,,
12100.25,1.73E-05,,,,,,,,,,,,
12100.25,2.99E-05,,,,,,,,,,,,
12100.3,0.000105266,,,,,,,,,,,,
12100.35,0.000123314,,,,,,,,,,,,
12100.4,6.85E-05,,,,,,,,,,,,
12100.45,4.58E-05,,,,,,,,,,,,
12100.5,7.94E-05,,,,,,,,,,,,
12100.55,9.95E-05,,,,,,,,,,,,
12100.6,6.30E-05,,,,,,,,,,,,
12100.65,2.44E-05,,,,,,,,,,,,
12100.7,4.07E-05,,,,,,,,,,,,
12100.75,1.28E-05,,,,,,,,,,,,
12100.75,0.000151266,,,,,,,,,,,,
12100.8,0.000137104,,,,,,,,,,,,
12100.85,8.94E-05,,,,,,,,,,,,
12100.9,5.54E-05,,,,,,,,,,,,
12100.95,5.74E-05,,,,,,,,,,,,
12101,8.90E-05,,,,,,,,,,,,
12101.05,0.000108755,,,,,,,,,,,,
12101.1,8.98E-05,,,,,,,,,,,,
12101.15,5.04E-05,,,,,,,,,,,,
12101.2,4.30E-05,,,,,,,,,,,,
12101.25,3.93E-05,,,,,,,,,,,,
12101.25,9.81E-05,,,,,,,,,,,,
12101.3,0.000131665,,,,,,,,,,,,
12101.35,0.000141172,,,,,,,,,,,,
12101.4,0.00012832,,,,,,,,,,,,
12101.45,0.000126126,,,,,,,,,,,,
12101.5,0.000138252,,,,,,,,,,,,
12101.55,0.000124049,,,,,,,,,,,,
12101.6,8.91E-05,,,,,,,,,,,,
12101.65,7.20E-05,,,,,,,,,,,,
12101.7,6.91E-05,,,,,,,,,,,,
12101.75,7.37E-05,,,,,,,,,,,,
12101.75,6.48E-05,,,,,,,,,,,,
12101.8,7.59E-05,,,,,,,,,,,,
12101.85,8.74E-05,,,,,,,,,,,,
12101.9,5.29E-05,,,,,,,,,,,,
12101.95,1.47E-05,,,,,,,,,,,,
12102,2.02E-05,,,,,,,,,,,,
12102.05,6.45E-05,,,,,,,,,,,,
12102.1,0.00010446,,,,,,,,,,,,
12102.15,0.000108227,,,,,,,,,,,,
12102.2,6.24E-05,,,,,,,,,,,,
12102.25,5.86E-05,,,,,,,,,,,,
12102.25,3.27E-05,,,,,,,,,,,,
12102.3,7.18E-05,,,,,,,,,,,,
12102.35,0.000110094,,,,,,,,,,,,
12102.4,0.000109456,,,,,,,,,,,,
12102.45,7.59E-05,,,,,,,,,,,,
12102.5,3.33E-05,,,,,,,,,,,,
12102.55,3.02E-05,,,,,,,,,,,,
12102.6,4.78E-05,,,,,,,,,,,,
12102.65,6.16E-05,,,,,,,,,,,,
12102.7,7.67E-05,,,,,,,,,,,,
12102.75,9.37E-05,,,,,,,,,,,,
12102.75,0.000116079,,,,,,,,,,,,
12102.8,0.000106098,,,,,,,,,,,,
12102.85,7.95E-05,,,,,,,,,,,,
12102.9,7.22E-05,,,,,,,,,,,,
12102.95,7.54E-05,,,,,,,,,,,,
12103,4.67E-05,,,,,,,,,,,,
12103.05,3.95E-05,,,,,,,,,,,,
12103.1,0.000102843,,,,,,,,,,,,
12103.15,0.000113416,,,,,,,,,,,,
12103.2,7.19E-05,,,,,,,,,,,,
12103.25,3.49E-05,,,,,,,,,,,,
12103.25,8.21E-05,,,,,,,,,,,,
12103.3,0.000105474,,,,,,,,,,,,
12103.35,0.000110002,,,,,,,,,,,,
12103.4,9.67E-05,,,,,,,,,,,,
12103.45,7.86E-05,,,,,,,,,,,,
12103.5,5.74E-05,,,,,,,,,,,,
12103.55,8.04E-05,,,,,,,,,,,,
12103.6,0.000124752,,,,,,,,,,,,
12103.65,0.000112729,,,,,,,,,,,,
12103.7,7.97E-05,,,,,,,,,,,,
12103.75,9.81E-05,,,,,,,,,,,,
12103.75,0.000111076,,,,,,,,,,,,
12103.8,0.000133343,,,,,,,,,,,,
12103.85,0.000104321,,,,,,,,,,,,
12103.9,6.07E-05,,,,,,,,,,,,
12103.95,4.51E-05,,,,,,,,,,,,
12104,0.000100215,,,,,,,,,,,,
12104.05,0.000163761,,,,,,,,,,,,
12104.1,0.00016713,,,,,,,,,,,,
12104.15,0.000110412,,,,,,,,,,,,
12104.2,5.99E-05,,,,,,,,,,,,
12104.25,5.42E-05,,,,,,,,,,,,
12104.25,0.000111696,,,,,,,,,,,,
12104.3,2.99E-05,,,,,,,,,,,,
12104.35,7.62E-05,,,,,,,,,,,,
12104.4,0.000133122,,,,,,,,,,,,
12104.45,0.000121343,,,,,,,,,,,,
12104.5,4.84E-05,,,,,,,,,,,,
12104.55,3.25E-05,,,,,,,,,,,,
12104.6,1.86E-05,,,,,,,,,,,,
12104.65,2.05E-05,,,,,,,,,,,,
12104.7,2.32E-05,,,,,,,,,,,,
12104.75,4.61E-05,,,,,,,,,,,,
12104.75,7.60E-05,,,,,,,,,,,,
12104.8,3.15E-05,,,,,,,,,,,,
12104.85,2.10E-05,,,,,,,,,,,,
12104.9,2.27E-05,,,,,,,,,,,,
12104.95,5.18E-05,,,,,,,,,,,,
12105,7.88E-05,,,,,,,,,,,,
12105.05,9.79E-05,,,,,,,,,,,,
12105.1,0.00010586,,,,,,,,,,,,
12105.15,0.000100384,,,,,,,,,,,,
12105.2,9.57E-05,,,,,,,,,,,,
12105.25,8.73E-05,,,,,,,,,,,,
12105.25,1.79E-05,,,,,,,,,,,,
12105.3,4.69E-05,,,,,,,,,,,,
12105.35,6.16E-05,,,,,,,,,,,,
12105.4,6.99E-05,,,,,,,,,,,,
12105.45,9.40E-05,,,,,,,,,,,,
12105.5,9.56E-05,,,,,,,,,,,,
12105.55,3.72E-05,,,,,,,,,,,,
12105.6,6.83E-05,,,,,,,,,,,,
12105.65,0.00011184,,,,,,,,,,,,
12105.7,8.29E-05,,,,,,,,,,,,
12105.75,5.78E-05,,,,,,,,,,,,
12105.75,2.29E-05,,,,,,,,,,,,
12105.8,0.000111751,,,,,,,,,,,,
12105.85,0.000143921,,,,,,,,,,,,
12105.9,8.28E-05,,,,,,,,,,,,
12105.95,3.66E-05,,,,,,,,,,,,
12106,4.65E-05,,,,,,,,,,,,
12106.05,7.47E-05,,,,,,,,,,,,
12106.1,0.000154029,,,,,,,,,,,,
12106.15,0.000171335,,,,,,,,,,,,
12106.2,0.00011268,,,,,,,,,,,,
12106.25,2.98E-05,,,,,,,,,,,,
12106.25,2.65E-05,,,,,,,,,,,,
12106.3,1.53E-05,,,,,,,,,,,,
12106.35,6.86E-05,,,,,,,,,,,,
12106.4,0.000107645,,,,,,,,,,,,
12106.45,6.63E-05,,,,,,,,,,,,
12106.5,6.72E-05,,,,,,,,,,,,
12106.55,0.00012475,,,,,,,,,,,,
12106.6,0.000120355,,,,,,,,,,,,
12106.65,8.84E-05,,,,,,,,,,,,
12106.7,5.19E-05,,,,,,,,,,,,
12106.75,3.00E-05,,,,,,,,,,,,
12106.75,6.54E-05,,,,,,,,,,,,
12106.8,8.46E-05,,,,,,,,,,,,
12106.85,4.79E-05,,,,,,,,,,,,
12106.9,1.43E-05,,,,,,,,,,,,
12106.95,3.92E-05,,,,,,,,,,,,
12107,4.67E-05,,,,,,,,,,,,
12107.05,6.21E-05,,,,,,,,,,,,
12107.1,5.03E-05,,,,,,,,,,,,
12107.15,6.02E-05,,,,,,,,,,,,
12107.2,6.28E-05,,,,,,,,,,,,
12107.25,4.12E-05,,,,,,,,,,,,
12107.25,2.55E-05,,,,,,,,,,,,
12107.3,3.81E-05,,,,,,,,,,,,
12107.35,3.00E-05,,,,,,,,,,,,
12107.4,7.75E-05,,,,,,,,,,,,
12107.45,0.000149654,,,,,,,,,,,,
12107.5,0.000176057,,,,,,,,,,,,
12107.55,0.000138349,,,,,,,,,,,,
12107.6,8.69E-05,,,,,,,,,,,,
12107.65,5.85E-05,,,,,,,,,,,,
12107.7,4.57E-05,,,,,,,,,,,,
12107.75,3.84E-05,,,,,,,,,,,,
12107.75,3.48E-05,,,,,,,,,,,,
12107.8,5.59E-05,,,,,,,,,,,,
12107.85,8.78E-05,,,,,,,,,,,,
12107.9,5.52E-05,,,,,,,,,,,,
12107.95,5.01E-05,,,,,,,,,,,,
12108,5.34E-05,,,,,,,,,,,,
12108.05,4.60E-05,,,,,,,,,,,,
12108.1,6.63E-05,,,,,,,,,,,,
12108.15,8.31E-05,,,,,,,,,,,,
12108.2,0.000127569,,,,,,,,,,,,
12108.25,0.000152509,,,,,,,,,,,,
12108.25,4.62E-05,,,,,,,,,,,,
12108.3,1.27E-05,,,,,,,,,,,,
12108.35,2.26E-05,,,,,,,,,,,,
12108.4,4.33E-05,,,,,,,,,,,,
12108.45,0.000105487,,,,,,,,,,,,
12108.5,8.97E-05,,,,,,,,,,,,
12108.55,6.53E-05,,,,,,,,,,,,
12108.6,0.000109186,,,,,,,,,,,,
12108.65,7.12E-05,,,,,,,,,,,,
12108.7,6.11E-05,,,,,,,,,,,,
12108.75,9.92E-05,,,,,,,,,,,,
12108.75,6.37E-05,,,,,,,,,,,,
12108.8,3.39E-05,,,,,,,,,,,,
12108.85,2.13E-05,,,,,,,,,,,,
12108.9,3.59E-05,,,,,,,,,,,,
12108.95,5.10E-05,,,,,,,,,,,,
12109,4.87E-05,,,,,,,,,,,,
12109.05,3.52E-05,,,,,,,,,,,,
12109.1,4.30E-05,,,,,,,,,,,,
12109.15,1.45E-05,,,,,,,,,,,,
12109.2,2.87E-05,,,,,,,,,,,,
12109.25,1.41E-05,,,,,,,,,,,,
12109.25,7.48E-05,,,,,,,,,,,,
12109.3,1.22E-05,,,,,,,,,,,,
12109.35,4.58E-05,,,,,,,,,,,,
12109.4,5.78E-05,,,,,,,,,,,,
12109.45,6.59E-05,,,,,,,,,,,,
12109.5,7.92E-05,,,,,,,,,,,,
12109.55,5.33E-05,,,,,,,,,,,,
12109.6,8.95E-05,,,,,,,,,,,,
12109.65,7.62E-05,,,,,,,,,,,,
12109.7,1.60E-05,,,,,,,,,,,,
12109.75,3.02E-05,,,,,,,,,,,,
12109.75,7.62E-05,,,,,,,,,,,,
12109.8,1.26E-05,,,,,,,,,,,,
12109.85,6.32E-05,,,,,,,,,,,,
12109.9,5.83E-05,,,,,,,,,,,,
12109.95,1.03E-05,,,,,,,,,,,,
12110,5.08E-05,,,,,,,,,,,,
12110.05,6.87E-05,,,,,,,,,,,,
12110.1,0.0001145,,,,,,,,,,,,
12110.15,0.000145738,,,,,,,,,,,,
12110.2,0.000119794,,,,,,,,,,,,
12110.25,9.22E-05,,,,,,,,,,,,
12110.25,4.76E-05,,,,,,,,,,,,
12110.3,6.84E-05,,,,,,,,,,,,
12110.35,7.81E-05,,,,,,,,,,,,
12110.4,4.73E-05,,,,,,,,,,,,
12110.45,3.11E-05,,,,,,,,,,,,
12110.5,5.40E-05,,,,,,,,,,,,
12110.55,4.14E-05,,,,,,,,,,,,
12110.6,6.24E-05,,,,,,,,,,,,
12110.65,9.06E-05,,,,,,,,,,,,
12110.7,0.000113351,,,,,,,,,,,,
12110.75,0.00013626,,,,,,,,,,,,
12110.75,0.000136776,,,,,,,,,,,,
12110.8,0.000121969,,,,,,,,,,,,
12110.85,2.91E-05,,,,,,,,,,,,
12110.9,9.27E-05,,,,,,,,,,,,
12110.95,8.42E-05,,,,,,,,,,,,
12111,3.10E-05,,,,,,,,,,,,
12111.05,8.13E-05,,,,,,,,,,,,
12111.1,6.19E-05,,,,,,,,,,,,
12111.15,2.43E-05,,,,,,,,,,,,
12111.2,5.40E-05,,,,,,,,,,,,
12111.25,8.79E-05,,,,,,,,,,,,
12111.25,0.000152928,,,,,,,,,,,,
12111.3,0.000116076,,,,,,,,,,,,
12111.35,5.47E-05,,,,,,,,,,,,
12111.4,6.72E-05,,,,,,,,,,,,
12111.45,6.42E-05,,,,,,,,,,,,
12111.5,5.41E-05,,,,,,,,,,,,
12111.55,8.10E-05,,,,,,,,,,,,
12111.6,9.52E-05,,,,,,,,,,,,
12111.65,9.44E-05,,,,,,,,,,,,
12111.7,7.78E-05,,,,,,,,,,,,
12111.75,4.18E-05,,,,,,,,,,,,
12111.75,2.62E-05,,,,,,,,,,,,
12111.8,1.95E-05,,,,,,,,,,,,
12111.85,3.49E-05,,,,,,,,,,,,
12111.9,0.000107447,,,,,,,,,,,,
12111.95,0.000150116,,,,,,,,,,,,
12112,0.000119076,,,,,,,,,,,,
12112.05,4.99E-05,,,,,,,,,,,,
12112.1,2.33E-05,,,,,,,,,,,,
12112.15,7.11E-05,,,,,,,,,,,,
12112.2,0.000113084,,,,,,,,,,,,
12112.25,0.000118842,,,,,,,,,,,,
12112.25,8.29E-05,,,,,,,,,,,,
12112.3,0.000137404,,,,,,,,,,,,
12112.35,0.000124115,,,,,,,,,,,,
12112.4,9.51E-05,,,,,,,,,,,,
12112.45,8.35E-05,,,,,,,,,,,,
12112.5,5.49E-05,,,,,,,,,,,,
12112.55,6.26E-05,,,,,,,,,,,,
12112.6,0.000113605,,,,,,,,,,,,
12112.65,0.00012127,,,,,,,,,,,,
12112.7,0.000134095,,,,,,,,,,,,
12112.75,0.000118644,,,,,,,,,,,,
12112.75,3.52E-05,,,,,,,,,,,,
12112.8,2.87E-05,,,,,,,,,,,,
12112.85,5.96E-05,,,,,,,,,,,,
12112.9,9.01E-05,,,,,,,,,,,,
12112.95,4.00E-05,,,,,,,,,,,,
12113,5.10E-05,,,,,,,,,,,,
12113.05,0.000109278,,,,,,,,,,,,
12113.1,0.000145159,,,,,,,,,,,,
12113.15,0.000129671,,,,,,,,,,,,
12113.2,9.08E-05,,,,,,,,,,,,
12113.25,3.72E-05,,,,,,,,,,,,
12113.25,7.12E-05,,,,,,,,,,,,
12113.3,8.27E-05,,,,,,,,,,,,
12113.35,0.000102096,,,,,,,,,,,,
12113.4,5.69E-05,,,,,,,,,,,,
12113.45,3.63E-05,,,,,,,,,,,,
12113.5,6.03E-05,,,,,,,,,,,,
12113.55,2.55E-05,,,,,,,,,,,,
12113.6,4.29E-05,,,,,,,,,,,,
12113.65,2.82E-05,,,,,,,,,,,,
12113.7,7.74E-05,,,,,,,,,,,,
12113.75,0.000117418,,,,,,,,,,,,
12113.75,5.28E-05,,,,,,,,,,,,
12113.8,5.17E-05,,,,,,,,,,,,
12113.85,6.86E-05,,,,,,,,,,,,
12113.9,0.000108118,,,,,,,,,,,,
12113.95,9.69E-05,,,,,,,,,,,,
12114,4.05E-05,,,,,,,,,,,,
12114.05,7.55E-05,,,,,,,,,,,,
12114.1,0.000102851,,,,,,,,,,,,
12114.15,7.72E-05,,,,,,,,,,,,
12114.2,3.41E-05,,,,,,,,,,,,
12114.25,5.60E-05,,,,,,,,,,,,
12114.25,1.58E-05,,,,,,,,,,,,
12114.3,1.81E-05,,,,,,,,,,,,
12114.35,7.82E-05,,,,,,,,,,,,
12114.4,0.00013202,,,,,,,,,,,,
12114.45,0.000122999,,,,,,,,,,,,
12114.5,6.35E-05,,,,,,,,,,,,
12114.55,7.66E-05,,,,,,,,,,,,
12114.6,7.22E-05,,,,,,,,,,,,
12114.65,1.19E-05,,,,,,,,,,,,
12114.7,5.82E-05,,,,,,,,,,,,
12114.75,9.94E-05,,,,,,,,,,,,
12114.75,9.08E-05,,,,,,,,,,,,
12114.8,3.01E-05,,,,,,,,,,,,
12114.85,0.000102511,,,,,,,,,,,,
12114.9,8.08E-05,,,,,,,,,,,,
12114.95,4.17E-05,,,,,,,,,,,,
12115,8.69E-05,,,,,,,,,,,,
12115.05,0.000113632,,,,,,,,,,,,
12115.1,0.000121878,,,,,,,,,,,,
12115.15,6.18E-05,,,,,,,,,,,,
12115.2,4.37E-05,,,,,,,,,,,,
12115.25,5.16E-05,,,,,,,,,,,,
12115.25,3.00E-05,,,,,,,,,,,,
12115.3,5.86E-05,,,,,,,,,,,,
12115.35,5.69E-05,,,,,,,,,,,,
12115.4,1.54E-05,,,,,,,,,,,,
12115.45,2.76E-05,,,,,,,,,,,,
12115.5,6.02E-05,,,,,,,,,,,,
12115.55,0.000104928,,,,,,,,,,,,
12115.6,0.000104203,,,,,,,,,,,,
12115.65,8.71E-05,,,,,,,,,,,,
12115.7,8.07E-05,,,,,,,,,,,,
12115.75,5.11E-05,,,,,,,,,,,,
12115.75,9.66E-05,,,,,,,,,,,,
12115.8,4.45E-05,,,,,,,,,,,,
12115.85,3.22E-05,,,,,,,,,,,,
12115.9,9.69E-05,,,,,,,,,,,,
12115.95,0.000128407,,,,,,,,,,,,
12116,9.66E-05,,,,,,,,,,,,
12116.05,5.13E-05,,,,,,,,,,,,
12116.1,0.00010015,,,,,,,,,,,,
12116.15,0.000136394,,,,,,,,,,,,
12116.2,0.000131629,,,,,,,,,,,,
12116.25,0.000111102,,,,,,,,,,,,
12116.25,0.000116154,,,,,,,,,,,,
12116.3,0.000124188,,,,,,,,,,,,
12116.35,0.000138034,,,,,,,,,,,,
12116.4,0.000119215,,,,,,,,,,,,
12116.45,7.91E-05,,,,,,,,,,,,
12116.5,6.70E-05,,,,,,,,,,,,
12116.55,5.76E-05,,,,,,,,,,,,
12116.6,5.27E-05,,,,,,,,,,,,
12116.65,4.09E-05,,,,,,,,,,,,
12116.7,2.22E-05,,,,,,,,,,,,
12116.75,2.42E-05,,,,,,,,,,,,
12116.75,6.23E-05,,,,,,,,,,,,
12116.8,8.54E-05,,,,,,,,,,,,
12116.85,8.34E-05,,,,,,,,,,,,
12116.9,4.42E-05,,,,,,,,,,,,
12116.95,3.28E-05,,,,,,,,,,,,
12117,9.87E-05,,,,,,,,,,,,
12117.05,0.000147227,,,,,,,,,,,,
12117.1,8.56E-05,,,,,,,,,,,,
12117.15,2.17E-05,,,,,,,,,,,,
12117.2,6.63E-05,,,,,,,,,,,,
12117.25,9.32E-05,,,,,,,,,,,,
12117.25,0.000187436,,,,,,,,,,,,
12117.3,0.000180922,,,,,,,,,,,,
12117.35,0.00011215,,,,,,,,,,,,
12117.4,4.11E-05,,,,,,,,,,,,
12117.45,3.18E-05,,,,,,,,,,,,
12117.5,2.95E-05,,,,,,,,,,,,
12117.55,9.14E-06,,,,,,,,,,,,
12117.6,3.88E-05,,,,,,,,,,,,
12117.65,3.67E-05,,,,,,,,,,,,
12117.7,3.04E-05,,,,,,,,,,,,
12117.75,2.03E-05,,,,,,,,,,,,
12117.75,9.97E-05,,,,,,,,,,,,
12117.8,0.000144304,,,,,,,,,,,,
12117.85,0.000136315,,,,,,,,,,,,
12117.9,8.81E-05,,,,,,,,,,,,
12117.95,3.74E-05,,,,,,,,,,,,
12118,8.28E-05,,,,,,,,,,,,
12118.05,0.000105353,,,,,,,,,,,,
12118.1,8.64E-05,,,,,,,,,,,,
12118.15,5.80E-05,,,,,,,,,,,,
12118.2,6.16E-05,,,,,,,,,,,,
12118.25,8.49E-05,,,,,,,,,,,,
12118.25,9.12E-05,,,,,,,,,,,,
12118.3,4.14E-05,,,,,,,,,,,,
12118.35,0.000103419,,,,,,,,,,,,
12118.4,0.000123635,,,,,,,,,,,,
12118.45,4.55E-05,,,,,,,,,,,,
12118.5,8.99E-05,,,,,,,,,,,,
12118.55,0.000139989,,,,,,,,,,,,
12118.6,0.000128908,,,,,,,,,,,,
12118.65,0.000108705,,,,,,,,,,,,
12118.7,7.04E-05,,,,,,,,,,,,
12118.75,1.40E-05,,,,,,,,,,,,
12118.75,0.000173431,,,,,,,,,,,,
12118.8,0.000112581,,,,,,,,,,,,
12118.85,1.66E-05,,,,,,,,,,,,
12118.9,2.30E-05,,,,,,,,,,,,
12118.95,2.63E-05,,,,,,,,,,,,
12119,7.63E-05,,,,,,,,,,,,
12119.05,8.12E-05,,,,,,,,,,,,
12119.1,5.03E-05,,,,,,,,,,,,
12119.15,0.00013334,,,,,,,,,,,,
12119.2,0.000138942,,,,,,,,,,,,
12119.25,0.000143204,,,,,,,,,,,,
12119.25,7.20E-05,,,,,,,,,,,,
12119.3,5.62E-05,,,,,,,,,,,,
12119.35,0.000103087,,,,,,,,,,,,
12119.4,8.59E-05,,,,,,,,,,,,
12119.45,2.86E-05,,,,,,,,,,,,
12119.5,8.88E-05,,,,,,,,,,,,
12119.55,0.00014864,,,,,,,,,,,,
12119.6,0.000111478,,,,,,,,,,,,
12119.65,7.50E-05,,,,,,,,,,,,
12119.7,7.53E-05,,,,,,,,,,,,
12119.75,6.18E-05,,,,,,,,,,,,
12119.75,0.000150705,,,,,,,,,,,,
12119.8,9.84E-05,,,,,,,,,,,,
12119.85,2.67E-05,,,,,,,,,,,,
12119.9,1.77E-05,,,,,,,,,,,,
12119.95,3.37E-05,,,,,,,,,,,,
12120,1.94E-05,,,,,,,,,,,,
12120.05,3.78E-05,,,,,,,,,,,,
12120.1,8.82E-05,,,,,,,,,,,,
12120.15,0.000101127,,,,,,,,,,,,
12120.2,0.000150997,,,,,,,,,,,,
12120.25,0.000188311,,,,,,,,,,,,
12120.25,6.22E-05,,,,,,,,,,,,
12120.3,3.99E-05,,,,,,,,,,,,
12120.35,6.71E-05,,,,,,,,,,,,
12120.4,2.60E-05,,,,,,,,,,,,
12120.45,5.90E-05,,,,,,,,,,,,
12120.5,0.000109507,,,,,,,,,,,,
12120.55,0.000147957,,,,,,,,,,,,
12120.6,0.000158363,,,,,,,,,,,,
12120.65,0.000117879,,,,,,,,,,,,
12120.7,6.22E-05,,,,,,,,,,,,
12120.75,0.000126874,,,,,,,,,,,,
12120.75,2.04E-05,,,,,,,,,,,,
12120.8,1.27E-05,,,,,,,,,,,,
12120.85,4.43E-05,,,,,,,,,,,,
12120.9,8.51E-05,,,,,,,,,,,,
12120.95,6.29E-05,,,,,,,,,,,,
12121,4.98E-05,,,,,,,,,,,,
12121.05,0.000113865,,,,,,,,,,,,
12121.1,0.000151597,,,,,,,,,,,,
12121.15,0.000109404,,,,,,,,,,,,
12121.2,0.000102098,,,,,,,,,,,,
12121.25,9.77E-05,,,,,,,,,,,,
12121.25,0.000111165,,,,,,,,,,,,
12121.3,0.000181757,,,,,,,,,,,,
12121.35,0.000208306,,,,,,,,,,,,
12121.4,0.0001873,,,,,,,,,,,,
12121.45,0.000106033,,,,,,,,,,,,
12121.5,6.30E-05,,,,,,,,,,,,
12121.55,5.20E-05,,,,,,,,,,,,
12121.6,3.15E-05,,,,,,,,,,,,
12121.65,4.23E-05,,,,,,,,,,,,
12121.7,0.000109485,,,,,,,,,,,,
12121.75,0.000179225,,,,,,,,,,,,
